date,week_number,year,region,therapeutic_area,product,brand,trx,nrx,units
2026-01-12,2,2026,maharashtra,  Diabetes  ,Insulyn,Insulara Biotech,5907,1278.0,7173.0
2026-01-12,2,2026,Gujarat,RESPIRATORY,Bronchel,Breathex Labs,2492,817.0,2620.0
2026-01-12,2,2026,  Kerala  ,  Diabetes  ,Insulyn,Insulara Biotech,5801,1230.0,6952.0
2026-01-12,2,2026,gujarat,  Diabetes  ,Insulyn,Insulara Biotech,4676,1105.0,5590.0
2026-01-12,2,2026,TELANGANA,cardiology,Vascolin,Zenova Biosciences,1993,618.0,2200.0
2026-01-12,2,2026,  Rajasthan  ,Respiratory,Bronchel,Breathex Labs,3734,827.0,4622.0
2026-01-12,2,2026,,  Cardiology  ,Cardivex,Corvyx Pharma,1886,594.0,2091.0
2026-01-12,2,2026,Rajasthan,  Cardiology  ,Cardivex,Corvyx Pharma,4161,1044.0,4821.0
2026-01-12,2,2026,  Rajasthan  ,DIABETES,Metforal,Novanta Pharma,3802,1090.0,4314.0
2026-01-12,2,2026,RAJASTHAN,  Cardiology  ,Cordamet,Meditrix Labs,5487,1113.0,6483.0
2026-01-12,2,2026,Telangana,respiratory,Airovent,Pulmovia Therapeutics,3272,726.0,3717.0
2026-01-12,2,2026,DELHI,  Diabetes  ,Metforal,Novanta Pharma,2134,728.0,2497.0
2026-01-12,2,2026,KERALA,CARDIOLOGY,Cordamet,Meditrix Labs,2842,814.0,3106.0
2026-01-12,2,2026,KARNATAKA,  Cardiology  ,Cordamet,Meditrix Labs,4736,965.0,5084.0
2026-01-12,2,2026,  Kerala  ,Cardiology,Cardivex,Corvyx Pharma,2192,499.0,2706.0
2026-01-12,2,2026,Tamil Nadu,CARDIOLOGY,Cordamet,Meditrix Labs,3846,1332.0,4479.0
2026-01-12,2,2026,,cardiology,Vascolin,Zenova Biosciences,1972,565.0,2216.0
2026-01-12,2,2026,Andhra Pradesh,  Cardiology  ,Vascolin,Zenova Biosciences,2845,972.0,3137.0
2026-01-12,2,2026,karnataka,cardiology,Vascolin,Zenova Biosciences,4637,1269.0,4954.0
2026-01-12,2,2026,DELHI,Respiratory,Airovent,Pulmovia Therapeutics,4152,1187.0,4546.0
2026-01-12,2,2026,Delhi,Cardiology,Cardivex,Corvyx Pharma,4932,1136.0,5701.0
2026-01-12,2,2026,  Telangana  ,Respiratory,Respivan,Aerovant Pharma,4499,1040.0,5420.0
2026-01-12,2,2026,  Kerala  ,cardiology,Cordamet,Meditrix Labs,4889,1621.0,5930.0
2026-01-12,2,2026,  Delhi  ,DIABETES,Metforal,Novanta Pharma,3960,1276.0,4322.0
2026-01-12,2,2026,kerala,Diabetes,Metforal,Novanta Pharma,5927,1447.0,6372.0
2026-01-12,2,2026,Tamilnadu,RESPIRATORY,Respivan,Aerovant Pharma,5132,1398.0,5411.0
2026-01-12,2,2026,Delhi,respiratory,Bronchel,Breathex Labs,2553,681.0,2939.0
2026-01-12,2,2026,  Karnataka  ,Cardiology,Cordamet,Meditrix Labs,4043,1158.0,5048.0
2026-01-12,2,2026,  West Bengal  ,Respiratory,Respivan,Aerovant Pharma,2422,813.0,2884.0
2026-01-12,2,2026,Delhi,  Cardiology  ,Cardivex,Corvyx Pharma,3010,669.0,3176.0
2026-01-12,2,2026,DELHI,RESPIRATORY,Airovent,Pulmovia Therapeutics,5000,1012.0,5344.0
2026-01-12,2,2026,Rajasthan,CARDIOLOGY,Cordamet,Meditrix Labs,2107,558.0,2468.0
2026-01-12,2,2026,RAJASTHAN,respiratory,Bronchel,Breathex Labs,5070,1620.0,5423.0
2026-01-12,2,2026,andhra pradesh,Diabetes,Metforal,Novanta Pharma,1563,498.0,1742.0
2026-01-12,2,2026,west bengal,Diabetes,Glucotend,Glucera Health,1806,431.0,1941.0
2026-01-12,2,2026,Telangana,RESPIRATORY,Bronchel,Breathex Labs,3306,903.0,3704.0
2026-01-12,2,2026,Rajasthan,respiratory,Bronchel,Breathex Labs,2675,593.0,3256.0
2026-01-12,2,2026,DELHI,  Respiratory  ,Bronchel,Breathex Labs,4395,1324.0,4961.0
2026-01-12,2,2026,Andhra Pradesh,diabetes,Glucotend,Glucera Health,2419,717.0,2730.0
2026-01-12,2,2026,KARNATAKA,Respiratory,Respivan,Aerovant Pharma,4438,963.0,5390.0
2026-01-12,2,2026,telangana,Respiratory,Bronchel,Breathex Labs,5080,1214.0,6308.0
2026-01-12,2,2026,TAMIL NADU,Diabetes,Glucotend,Glucera Health,4250,938.0,4929.0
2026-01-12,2,2026,KARNATAKA,CARDIOLOGY,Cardivex,Corvyx Pharma,2791,586.0,3279.0
2026-01-12,2,2026,Telangana,  Respiratory  ,Respivan,Aerovant Pharma,3066,682.0,3562.0
2026-01-12,2,2026,  Gujarat  ,respiratory,Bronchel,Breathex Labs,5722,1442.0,7012.0
2026-01-12,2,2026,west bengal,respiratory,Bronchel,Breathex Labs,5917,1840.0,7280.0
2026-01-12,2,2026,karnataka,  Diabetes  ,Metforal,Novanta Pharma,4525,1154.0,4921.0
2026-01-12,2,2026,AndhraPradesh,  Diabetes  ,Metforal,,3343,1035.0,3876.0
2026-01-12,2,2026,KARNATAKA,  Diabetes  ,Glucotend,Glucera Health,5043,1457.0,5696.0
2026-01-12,2,2026,rajasthan,Respiratory,Bronchel,Breathex Labs,2909,800.0,3485.0
2026-01-12,2,2026,W. Bengal,DIABETES,Metforal,Novanta Pharma,2539,790.0,3146.0
2026-01-12,2,2026,Tamil Ndu,  Diabetes  ,Metforal,Novanta Pharma,2582,857.0,2940.0
2026-01-12,2,2026,delhi,cardiology,Vascolin,Zenova Biosciences,4546,932.0,5585.0
2026-01-12,2,2026,  Kerala  ,DIABETES,Glucotend,Glucera Health,2679,749.0,3204.0
2026-01-12,2,2026,  Gujarat  ,RESPIRATORY,Airovent,Pulmovia Therapeutics,3701,1010.0,4542.0
2026-01-12,2,2026,  Telangana  ,cardiology,Cordamet,Meditrix Labs,3456,1207.0,3761.0
2026-01-12,2,2026,gujarat,Respiratory,Bronchel,Breathex Labs,4887,1042.0,5532.0
2026-01-12,2,2026,maharashtra,DIABETES,Metforal,Novanta Pharma,2473,702.0,2925.0
2026-01-12,2,2026,W. Bengal,Respiratory,Airovent,Pulmovia Therapeutics,4253,1135.0,4967.0
2026-01-12,2,2026,West Bengal,CARDIOLOGY,Cordamet,Meditrix Labs,4581,1456.0,5469.0
2026-01-12,2,2026,Kerala,diabetes,Insulyn,Insulara Biotech,2558,879.0,2886.0
2026-01-12,2,2026,Gujarat,  Respiratory  ,Bronchel,Breathex Labs,3267,822.0,3520.0
2026-01-12,2,2026,MAHARASHTRA,respiratory,Airovent,Pulmovia Therapeutics,3472,761.0,3859.0
2026-01-12,2,2026,Karnatka,  Diabetes  ,Glucotend,Glucera Health,4226,883.0,5034.0
2026-01-12,2,2026,Karnatka,Diabetes,Insulyn,Insulara Biotech,4095,1016.0,5048.0
2026-01-12,2,2026,ANDHRA PRADESH,CARDIOLOGY,Vascolin,Zenova Biosciences,1641,396.0,1835.0
2026-01-12,2,2026,karnataka,RESPIRATORY,Respivan,Aerovant Pharma,2109,653.0,2430.0
2026-01-12,2,2026,  Tamil Nadu  ,diabetes,Glucotend,Glucera Health,4257,1388.0,4649.0
2026-01-12,2,2026,AndhraPradesh,CARDIOLOGY,Cordamet,Meditrix Labs,2814,789.0,3269.0
2026-01-12,2,2026,AndhraPradesh,DIABETES,Metforal,Novanta Pharma,4981,1739.0,6001.0
2026-01-12,2,2026,Tamil Nadu,Diabetes,Insulyn,Insulara Biotech,2182,572.0,2663.0
2026-01-12,2,2026,  West Bengal  ,respiratory,Bronchel,Breathex Labs,1581,418.0,1783.0
2026-01-12,2,2026,kerala,Cardiology,Vascolin,Zenova Biosciences,5303,1241.0,6087.0
2026-01-12,2,2026,Gujarat,  Diabetes  ,Glucotend,Glucera Health,2242,571.0,2519.0
2026-01-12,2,2026,TELANGANA,RESPIRATORY,Airovent,Pulmovia Therapeutics,2941,933.0,3389.0
2026-01-12,2,2026,Kerala,respiratory,Respivan,Aerovant Pharma,2715,608.0,3326.0
2026-01-12,2,2026,TELANGANA,diabetes,Insulyn,Insulara Biotech,1890,479.0,2259.0
2026-01-12,2,2026,tamil nadu,Respiratory,Airovent,Pulmovia Therapeutics,3925,1252.0,4326.0
2026-01-12,2,2026,  Kerala  ,DIABETES,Metforal,Novanta Pharma,1923,642.0,2098.0
2026-01-12,2,2026,telangana,  Cardiology  ,Cardivex,Corvyx Pharma,5304,1072.0,5747.0
2026-01-12,2,2026,KERALA,  Diabetes  ,Metforal,Novanta Pharma,4845,1190.0,5280.0
2026-01-12,2,2026,AndhraPradesh,Cardiology,Cordamet,Meditrix Labs,4723,1407.0,5636.0
2026-01-12,2,2026,WestBengal,  Respiratory  ,Airovent,Pulmovia Therapeutics,2038,635.0,2209.0
2026-01-12,2,2026,rajasthan,RESPIRATORY,Respivan,Aerovant Pharma,5595,1505.0,6142.0
2026-01-12,2,2026,Andhra Pradesh,Respiratory,Airovent,Pulmovia Therapeutics,5376,1621.0,6139.0
2026-01-12,2,2026,DELHI,Diabetes,Insulyn,Insulara Biotech,2446,665.0,2713.0
2026-01-12,2,2026,WEST BENGAL,  Cardiology  ,Cordamet,Meditrix Labs,2185,754.0,2647.0
2026-01-12,2,2026,RAJASTHAN,CARDIOLOGY,Cordamet,Meditrix Labs,1805,482.0,2143.0
2026-01-12,2,2026,WestBengal,  Cardiology  ,Vascolin,Zenova Biosciences,3770,924.0,4600.0
2026-01-12,2,2026,  Andhra Pradesh  ,respiratory,Airovent,Pulmovia Therapeutics,4974,1127.0,5970.0
2026-01-12,2,2026,Rajasthan,RESPIRATORY,Bronchel,Breathex Labs,3066,911.0,3280.0
2026-01-12,2,2026,Kerala,respiratory,Airovent,Pulmovia Therapeutics,4349,1349.0,4729.0
2026-01-12,2,2026,,RESPIRATORY,Bronchel,,5852,1614.0,6887.0
2026-01-12,2,2026,delhi,  Cardiology  ,Cordamet,Meditrix Labs,3009,758.0,3460.0
2026-01-12,2,2026,telangana,  Respiratory  ,Respivan,Aerovant Pharma,3966,1251.0,4619.0
2026-01-12,2,2026,  Rajasthan  ,diabetes,Glucotend,Glucera Health,4403,1503.0,4770.0
2026-01-12,2,2026,gujarat,  Diabetes  ,Glucotend,Glucera Health,3833,936.0,4677.0
2026-01-12,2,2026,  Andhra Pradesh  ,Respiratory,Respivan,Aerovant Pharma,5772,1569.0,6245.0
2026-01-12,2,2026,KERALA,diabetes,Glucotend,Glucera Health,1856,536.0,2028.0
2026-01-12,2,2026,  Rajasthan  ,Diabetes,Metforal,,3681,900.0,4337.0
2026-01-12,2,2026,gujarat,cardiology,Vascolin,Zenova Biosciences,4833,1281.0,5424.0
2026-01-12,2,2026,Kerala,DIABETES,Insulyn,Insulara Biotech,3041,770.0,3764.0
2026-01-12,2,2026,tamil nadu,CARDIOLOGY,Vascolin,Zenova Biosciences,1510,509.0,1758.0
2026-01-12,2,2026,  Maharashtra  ,  Respiratory  ,Respivan,Aerovant Pharma,2361,662.0,2866.0
2026-01-12,2,2026,GUJARAT,diabetes,Metforal,Novanta Pharma,5407,1767.0,6263.0
2026-01-12,2,2026,Maharashtra,RESPIRATORY,Airovent,,4157,843.0,4395.0
2026-01-12,2,2026,Kerala,cardiology,Vascolin,Zenova Biosciences,1560,385.0,1822.0
2026-01-12,2,2026,Delhi,Respiratory,Airovent,Pulmovia Therapeutics,5359,1640.0,6652.0
2026-01-12,2,2026,tamil nadu,respiratory,Airovent,Pulmovia Therapeutics,3992,988.0,4897.0
2026-01-12,2,2026,west bengal,Cardiology,Cardivex,Corvyx Pharma,5041,1322.0,5409.0
2026-01-12,2,2026,W. Bengal,Diabetes,Insulyn,Insulara Biotech,4056,996.0,4869.0
2026-01-12,2,2026,AndhraPradesh,diabetes,Glucotend,Glucera Health,4595,978.0,5596.0
2026-01-12,2,2026,  Maharashtra  ,CARDIOLOGY,Cardivex,Corvyx Pharma,3406,1056.0,3916.0
2026-01-12,2,2026,  Karnataka  ,Cardiology,Cardivex,Corvyx Pharma,4253,1117.0,5104.0
2026-01-12,2,2026,ANDHRA PRADESH,Diabetes,Insulyn,Insulara Biotech,3787,912.0,4350.0
2026-01-12,2,2026,  Gujarat  ,Cardiology,Cardivex,Corvyx Pharma,5844,1181.0,7043.0
2026-01-12,2,2026,  Maharashtra  ,diabetes,Glucotend,Glucera Health,2564,810.0,3139.0
2026-01-12,2,2026,gujarat,Respiratory,Respivan,Aerovant Pharma,2203,595.0,2451.0
2026-01-12,2,2026,delhi,Respiratory,Respivan,Aerovant Pharma,3557,1055.0,4029.0
2026-01-12,2,2026,MAHARASHTRA,cardiology,Cordamet,Meditrix Labs,2912,803.0,3454.0
2026-01-12,2,2026,TAMIL NADU,CARDIOLOGY,Cordamet,Meditrix Labs,2212,476.0,2522.0
2026-01-12,2,2026,Karnataka ,  Cardiology  ,Vascolin,Zenova Biosciences,3833,1005.0,4240.0
2026-01-12,2,2026,RAJASTHAN,Respiratory,Airovent,Pulmovia Therapeutics,4352,1077.0,4685.0
2026-01-12,2,2026,Maharashtra,  Respiratory  ,Respivan,Aerovant Pharma,3406,1084.0,3685.0
2026-01-12,2,2026,Maharashtra,  Respiratory  ,Airovent,Pulmovia Therapeutics,2158,454.0,2561.0
2026-01-12,2,2026,KERALA,  Respiratory  ,Airovent,Pulmovia Therapeutics,2133,554.0,2479.0
2026-01-12,2,2026,Gujarat,Cardiology,Vascolin,Zenova Biosciences,4396,1004.0,5459.0
2026-01-12,2,2026,MAHARASHTRA,Cardiology,Cordamet,Meditrix Labs,2146,583.0,2285.0
2026-01-12,2,2026,  Andhra Pradesh  ,Diabetes,Glucotend,Glucera Health,3991,1110.0,4815.0
2026-01-12,2,2026,rajasthan,  Diabetes  ,Insulyn,Insulara Biotech,4892,1177.0,5806.0
2026-01-12,2,2026,gujarat,Cardiology,Cardivex,Corvyx Pharma,3680,924.0,4487.0
2026-01-12,2,2026,rajasthan,  Respiratory  ,Airovent,Pulmovia Therapeutics,4549,1566.0,4945.0
2026-01-12,2,2026,WEST BENGAL,RESPIRATORY,Airovent,Pulmovia Therapeutics,4506,1496.0,5551.0
2026-01-12,2,2026,Tamilnadu,CARDIOLOGY,Vascolin,Zenova Biosciences,2371,620.0,2886.0
2026-01-12,2,2026,  Gujarat  ,Respiratory,Airovent,Pulmovia Therapeutics,5047,1322.0,5508.0
2026-01-12,2,2026,delhi,  Respiratory  ,Respivan,Aerovant Pharma,4983,1255.0,5954.0
2026-01-12,2,2026,maharashtra,  Respiratory  ,Respivan,Aerovant Pharma,3728,813.0,4281.0
2026-01-12,2,2026,West Bengal,Diabetes,Metforal,Novanta Pharma,4680,1226.0,5646.0
2026-01-12,2,2026,Kerala,  Diabetes  ,Metforal,Novanta Pharma,3597,1169.0,3878.0
2026-01-12,2,2026,maharashtra,Diabetes,Insulyn,Insulara Biotech,5187,1556.0,6246.0
2026-01-12,2,2026,  Karnataka  ,Diabetes,Glucotend,Glucera Health,4146,1295.0,5170.0
2026-01-12,2,2026,Maharashtra,Respiratory,Respivan,,3128,684.0,3763.0
2026-01-12,2,2026,  Tamil Nadu  ,RESPIRATORY,Bronchel,Breathex Labs,3939,1141.0,4321.0
2026-01-12,2,2026,Karnatka,diabetes,Glucotend,Glucera Health,1730,518.0,2154.0
2026-01-12,2,2026,Gujarat,  Cardiology  ,Cardivex,Corvyx Pharma,4198,1001.0,4931.0
2026-01-12,2,2026,GUJARAT,diabetes,Glucotend,Glucera Health,2456,524.0,2608.0
2026-01-12,2,2026,DELHI,  Cardiology  ,Vascolin,Zenova Biosciences,4056,964.0,4764.0
2026-01-12,2,2026,MAHARASHTRA,  Cardiology  ,Cordamet,Meditrix Labs,2138,740.0,2394.0
2026-01-12,2,2026,DELHI,Diabetes,Glucotend,Glucera Health,1586,543.0,1936.0
2026-01-12,2,2026,GUJARAT,Diabetes,Glucotend,Glucera Health,1809,601.0,2191.0
2026-01-12,2,2026,DELHI,Cardiology,Vascolin,Zenova Biosciences,4082,839.0,5043.0
2026-01-12,2,2026,AndhraPradesh,Diabetes,Glucotend,Glucera Health,3139,781.0,3910.0
2026-01-12,2,2026,  Kerala  ,cardiology,Vascolin,Zenova Biosciences,3685,1132.0,4255.0
2026-01-12,2,2026,Gujarat,diabetes,Metforal,Novanta Pharma,5305,1066.0,6565.0
2026-01-12,2,2026,Rajasthan,Cardiology,Vascolin,Zenova Biosciences,2860,684.0,3074.0
2026-01-12,2,2026,Karnataka,Respiratory,Airovent,Pulmovia Therapeutics,3775,1255.0,4584.0
2026-01-12,2,2026,  Maharashtra  ,respiratory,Bronchel,Breathex Labs,3512,1216.0,3784.0
2026-01-12,2,2026,  Gujarat  ,Respiratory,Respivan,Aerovant Pharma,2967,875.0,3561.0
2026-01-12,2,2026,maharashtra,Cardiology,Cordamet,Meditrix Labs,3557,989.0,3823.0
2026-01-12,2,2026,DELHI,CARDIOLOGY,Vascolin,Zenova Biosciences,3499,899.0,4070.0
2026-01-12,2,2026,Tamil Ndu,Respiratory,Bronchel,Breathex Labs,3697,770.0,4016.0
2026-01-12,2,2026,andhra pradesh,RESPIRATORY,Airovent,Pulmovia Therapeutics,4246,1295.0,4520.0
2026-01-12,2,2026,telangana,CARDIOLOGY,Cordamet,Meditrix Labs,3390,721.0,3806.0
2026-01-12,2,2026,KERALA,respiratory,Bronchel,Breathex Labs,4560,1093.0,5465.0
2026-01-12,2,2026,  West Bengal  ,Diabetes,Insulyn,Insulara Biotech,5792,1640.0,7108.0
2026-01-12,2,2026,Kerala,  Respiratory  ,Respivan,Aerovant Pharma,5704,1939.0,6853.0
2026-01-12,2,2026,delhi,diabetes,Glucotend,Glucera Health,5264,1352.0,5832.0
2026-01-12,2,2026,telangana,Cardiology,Vascolin,Zenova Biosciences,2349,611.0,2565.0
2026-01-12,2,2026,TELANGANA,RESPIRATORY,Respivan,Aerovant Pharma,4374,944.0,4800.0
2026-01-12,2,2026,  Karnataka  ,CARDIOLOGY,Vascolin,Zenova Biosciences,3642,810.0,4088.0
2026-01-12,2,2026,Maharashtra,Respiratory,Airovent,Pulmovia Therapeutics,3230,808.0,4035.0
2026-01-12,2,2026,delhi,respiratory,Respivan,Aerovant Pharma,3170,992.0,3454.0
2026-01-12,2,2026,KERALA,diabetes,Metforal,Novanta Pharma,2112,619.0,2415.0
2026-01-12,2,2026,Andhra Pradesh,Diabetes,Insulyn,Insulara Biotech,2369,476.0,2658.0
2026-01-12,2,2026,kerala,  Diabetes  ,Metforal,Novanta Pharma,4706,1287.0,5252.0
2026-01-12,2,2026,AndhraPradesh,Respiratory,Respivan,Aerovant Pharma,2449,755.0,2785.0
2026-01-12,2,2026,GUJARAT,  Cardiology  ,Vascolin,Zenova Biosciences,4053,996.0,4619.0
2026-01-12,2,2026,Rajasthan,Respiratory,Bronchel,Breathex Labs,3090,1055.0,3400.0
2026-01-12,2,2026,TN,Diabetes,Insulyn,Insulara Biotech,5140,1109.0,5692.0
2026-01-12,2,2026,Maharashtra,Respiratory,Respivan,Aerovant Pharma,2690,639.0,2922.0
2026-01-12,2,2026,KERALA,Cardiology,Vascolin,Zenova Biosciences,4146,1387.0,4628.0
2026-01-12,2,2026,KARNATAKA,Cardiology,Vascolin,,2555,515.0,2745.0
2026-01-12,2,2026,GUJARAT,respiratory,Airovent,Pulmovia Therapeutics,1736,460.0,1929.0
2026-01-12,2,2026,Delhi,DIABETES,Glucotend,Glucera Health,5408,1261.0,6063.0
2026-01-12,2,2026,rajasthan,diabetes,Metforal,Novanta Pharma,1869,641.0,2274.0
2026-01-12,2,2026,  Maharashtra  ,diabetes,Metforal,Novanta Pharma,1896,442.0,2350.0
2026-01-12,2,2026,Gujarat,diabetes,Glucotend,Glucera Health,2084,442.0,2387.0
2026-01-12,2,2026,West Bengal,  Respiratory  ,Airovent,Pulmovia Therapeutics,2998,752.0,3357.0
2026-01-12,2,2026,kerala,  Cardiology  ,Cordamet,Meditrix Labs,2955,934.0,3131.0
2026-01-12,2,2026,  Delhi  ,RESPIRATORY,Airovent,Pulmovia Therapeutics,1860,574.0,2108.0
2026-01-12,2,2026,  Delhi  ,DIABETES,Insulyn,Insulara Biotech,5205,1730.0,5536.0
2026-01-12,2,2026,TELANGANA,  Diabetes  ,Metforal,Novanta Pharma,3039,775.0,3336.0
2026-01-12,2,2026,TN,Respiratory,Airovent,Pulmovia Therapeutics,5073,1308.0,5736.0
2026-01-12,2,2026,Maharashtra,  Cardiology  ,Cordamet,Meditrix Labs,4902,1157.0,5778.0
2026-01-12,2,2026,Delhi,  Diabetes  ,Glucotend,Glucera Health,2875,700.0,3533.0
2026-01-12,2,2026,  Karnataka  ,  Cardiology  ,Vascolin,Zenova Biosciences,3724,1251.0,4014.0
2026-01-12,2,2026,,Diabetes,Insulyn,Insulara Biotech,3201,657.0,3823.0
2026-01-12,2,2026,MAHARASHTRA,  Cardiology  ,Cardivex,Corvyx Pharma,1969,688.0,2140.0
2026-01-12,2,2026,  Karnataka  ,CARDIOLOGY,Cordamet,Meditrix Labs,3215,692.0,3423.0
2026-01-12,2,2026,Karnatka,diabetes,Metforal,Novanta Pharma,1612,378.0,1929.0
2026-01-12,2,2026,tamil nadu,CARDIOLOGY,Cardivex,Corvyx Pharma,2818,936.0,3258.0
2026-01-12,2,2026,RAJASTHAN,  Respiratory  ,Airovent,Pulmovia Therapeutics,4888,1181.0,5764.0
2026-01-12,2,2026,Delhi,  Respiratory  ,Bronchel,Breathex Labs,5024,1390.0,5338.0
2026-01-12,2,2026,andhra pradesh,  Diabetes  ,Metforal,,3691,1047.0,4529.0
2026-01-12,2,2026,Tamilnadu,cardiology,Cordamet,Meditrix Labs,5942,1694.0,6626.0
2026-01-12,2,2026,rajasthan,Cardiology,Vascolin,Zenova Biosciences,4349,1399.0,4822.0
2026-01-12,2,2026,  Delhi  ,  Respiratory  ,Bronchel,Breathex Labs,3627,1020.0,4051.0
2026-01-12,2,2026,gujarat,diabetes,Insulyn,Insulara Biotech,4325,980.0,5034.0
2026-01-12,2,2026,Maharashtra,Diabetes,Insulyn,Insulara Biotech,2567,629.0,2763.0
2026-01-12,2,2026,  Tamil Nadu  ,  Diabetes  ,Glucotend,Glucera Health,4296,1363.0,5102.0
2026-01-12,2,2026,Tamil Ndu,  Cardiology  ,Vascolin,Zenova Biosciences,5384,1359.0,6549.0
2026-01-12,2,2026,delhi,DIABETES,Insulyn,Insulara Biotech,2517,767.0,2874.0
2026-01-12,2,2026,Tamilnadu,  Diabetes  ,Glucotend,Glucera Health,3131,1015.0,3291.0
2026-01-12,2,2026,KERALA,  Cardiology  ,Cardivex,Corvyx Pharma,4629,1284.0,4927.0
2026-01-12,2,2026,  Rajasthan  ,RESPIRATORY,Respivan,Aerovant Pharma,4174,1382.0,4980.0
2026-01-12,2,2026,telangana,Diabetes,Metforal,Novanta Pharma,5742,1539.0,7104.0
2026-01-12,2,2026,Karnataka,  Cardiology  ,Cardivex,Corvyx Pharma,3418,715.0,4216.0
2026-01-12,2,2026,Andhra Pradesh,diabetes,Insulyn,Insulara Biotech,4618,1469.0,5102.0
2026-01-12,2,2026,WEST BENGAL,diabetes,Metforal,Novanta Pharma,3616,780.0,4455.0
2026-01-12,2,2026,Telangana,Respiratory,Respivan,Aerovant Pharma,5479,1380.0,6276.0
2026-01-12,2,2026,rajasthan,respiratory,Airovent,Pulmovia Therapeutics,4598,1251.0,4990.0
2026-01-12,2,2026,Gujarat,CARDIOLOGY,Cardivex,Corvyx Pharma,1907,656.0,2302.0
2026-01-12,2,2026,  Gujarat  ,  Diabetes  ,Metforal,Novanta Pharma,3577,857.0,3930.0
2026-01-12,2,2026,  West Bengal  ,CARDIOLOGY,Vascolin,Zenova Biosciences,3522,1201.0,4101.0
2026-01-12,2,2026,,DIABETES,Insulyn,Insulara Biotech,4550,1455.0,5461.0
2026-01-12,2,2026,MAHARASHTRA,  Diabetes  ,Metforal,Novanta Pharma,3725,1043.0,3961.0
2026-01-12,2,2026,tamil nadu,cardiology,Cardivex,,4701,1233.0,5058.0
2026-01-12,2,2026,Kerala,CARDIOLOGY,Cardivex,Corvyx Pharma,2284,730.0,2622.0
2026-01-12,2,2026,maharashtra,cardiology,Vascolin,Zenova Biosciences,4922,1662.0,5820.0
2026-01-12,2,2026,KARNATAKA,RESPIRATORY,Bronchel,Breathex Labs,3793,1237.0,4647.0
2026-01-12,2,2026,W. Bengal,respiratory,Respivan,,5019,1171.0,6184.0
2026-01-12,2,2026,gujarat,cardiology,Cardivex,Corvyx Pharma,5216,1428.0,5728.0
2026-01-12,2,2026,Telangana,cardiology,Cardivex,Corvyx Pharma,4954,1067.0,6159.0
2026-01-12,2,2026,  Karnataka  ,diabetes,Glucotend,Glucera Health,2778,639.0,3100.0
2026-01-12,2,2026,TELANGANA,Respiratory,Airovent,Pulmovia Therapeutics,5126,1608.0,5420.0
2026-01-12,2,2026,delhi,CARDIOLOGY,Cordamet,Meditrix Labs,3266,833.0,3569.0
2026-01-12,2,2026,Karnataka,  Diabetes  ,Metforal,Novanta Pharma,3045,842.0,3367.0
2026-01-12,2,2026,andhra pradesh,cardiology,Cardivex,Corvyx Pharma,1879,598.0,2131.0
2026-01-12,2,2026,  West Bengal  ,DIABETES,Metforal,Novanta Pharma,3146,743.0,3768.0
2026-01-12,2,2026,Tamil Ndu,RESPIRATORY,Airovent,Pulmovia Therapeutics,2670,928.0,2998.0
2026-01-12,2,2026,Gujarat,DIABETES,Insulyn,Insulara Biotech,1712,593.0,2116.0
2026-01-12,2,2026,West Bengal,Respiratory,Airovent,Pulmovia Therapeutics,1623,531.0,1939.0
2026-01-12,2,2026,WEST BENGAL,Respiratory,Airovent,Pulmovia Therapeutics,2198,473.0,2582.0
2026-01-12,2,2026,RAJASTHAN,DIABETES,Insulyn,Insulara Biotech,4223,1435.0,4645.0
2026-01-12,2,2026,Andhra Pradesh,  Cardiology  ,Cardivex,,2844,923.0,3529.0
2026-01-12,2,2026,Karnataka ,CARDIOLOGY,Cordamet,Meditrix Labs,1747,576.0,1984.0
2026-01-12,2,2026,West Bengal,Cardiology,Vascolin,Zenova Biosciences,4451,1440.0,5160.0
2026-01-12,2,2026,  Karnataka  ,Diabetes,Metforal,Novanta Pharma,3342,832.0,3794.0
2026-01-12,2,2026,TELANGANA,Cardiology,Vascolin,Zenova Biosciences,2347,750.0,2602.0
2026-01-12,2,2026,West Bengal,  Respiratory  ,Airovent,,3453,1046.0,3671.0
2026-01-12,2,2026,Karnataka ,  Respiratory  ,Airovent,Pulmovia Therapeutics,3905,1286.0,4469.0
2026-01-12,2,2026,,respiratory,Respivan,Aerovant Pharma,2161,712.0,2323.0
2026-01-12,2,2026,Telangana,Diabetes,Metforal,Novanta Pharma,4132,951.0,4929.0
2026-01-12,2,2026,  Delhi  ,CARDIOLOGY,Cordamet,Meditrix Labs,5368,1625.0,6684.0
2026-01-12,2,2026,Karnataka,diabetes,Glucotend,,5741,1597.0,6461.0
2026-01-12,2,2026,TN,cardiology,Cordamet,Meditrix Labs,2853,943.0,3376.0
2026-01-12,2,2026,Delhi,Cardiology,Cordamet,Meditrix Labs,4235,1161.0,4677.0
2026-01-12,2,2026,Delhi,diabetes,Insulyn,Insulara Biotech,3141,1080.0,3396.0
2026-01-12,2,2026,rajasthan,RESPIRATORY,Bronchel,Breathex Labs,4343,1423.0,5229.0
2026-01-12,2,2026,delhi,diabetes,Insulyn,Insulara Biotech,2230,752.0,2445.0
2026-01-12,2,2026,Tamil Nadu,Cardiology,Vascolin,Zenova Biosciences,4378,1525.0,5221.0
2026-01-12,2,2026,  Gujarat  ,CARDIOLOGY,Vascolin,Zenova Biosciences,5056,1146.0,5588.0
2026-01-12,2,2026,  Delhi  ,  Cardiology  ,Cordamet,Meditrix Labs,1939,600.0,2280.0
2026-01-12,2,2026,maharashtra,  Diabetes  ,Metforal,Novanta Pharma,5073,1738.0,6308.0
2026-01-12,2,2026,delhi,Diabetes,Glucotend,Glucera Health,1656,409.0,1742.0
2026-01-12,2,2026,  Telangana  ,Cardiology,Cordamet,Meditrix Labs,3138,645.0,3581.0
2026-01-12,2,2026,  Maharashtra  ,DIABETES,Insulyn,Insulara Biotech,3026,736.0,3458.0
2026-01-12,2,2026,delhi,RESPIRATORY,Respivan,Aerovant Pharma,3909,928.0,4117.0
2026-01-12,2,2026,Kerala,  Cardiology  ,Vascolin,Zenova Biosciences,2915,658.0,3362.0
2026-01-12,2,2026,tamil nadu,respiratory,Bronchel,Breathex Labs,3858,1244.0,4729.0
2026-01-12,2,2026,west bengal,DIABETES,Insulyn,Insulara Biotech,3942,984.0,4570.0
2026-01-12,2,2026,Gujarat,  Diabetes  ,Metforal,Novanta Pharma,5456,1297.0,5755.0
2026-01-12,2,2026,ANDHRA PRADESH,cardiology,Cordamet,Meditrix Labs,4333,1148.0,5147.0
2026-01-12,2,2026,Telangana,cardiology,Cordamet,Meditrix Labs,1877,603.0,2040.0
2026-01-12,2,2026,  Rajasthan  ,CARDIOLOGY,Cordamet,Meditrix Labs,2383,481.0,2778.0
2026-01-12,2,2026,kerala,Respiratory,Airovent,Pulmovia Therapeutics,5160,1576.0,5494.0
2026-01-12,2,2026,DELHI,  Cardiology  ,Cardivex,Corvyx Pharma,5839,1456.0,6986.0
2026-01-12,2,2026,Tamilnadu,  Diabetes  ,Metforal,Novanta Pharma,4478,1000.0,5075.0
2026-01-12,2,2026,DELHI,Respiratory,Bronchel,Breathex Labs,5991,1654.0,6834.0
2026-01-12,2,2026,Tamilnadu,diabetes,Glucotend,Glucera Health,2135,566.0,2336.0
2026-01-12,2,2026,  Andhra Pradesh  ,Cardiology,Cordamet,Meditrix Labs,2492,554.0,2972.0
2026-01-12,2,2026,Maharashtra,respiratory,Respivan,Aerovant Pharma,2580,836.0,3024.0
2026-01-12,2,2026,kerala,Diabetes,Glucotend,Glucera Health,3994,1210.0,4849.0
2026-01-12,2,2026,  Kerala  ,CARDIOLOGY,Cordamet,Meditrix Labs,3793,1151.0,4448.0
2026-01-12,2,2026,Telangana,  Diabetes  ,Metforal,Novanta Pharma,5713,1878.0,6436.0
2026-01-12,2,2026,andhra pradesh,  Cardiology  ,Cardivex,Corvyx Pharma,2347,784.0,2563.0
2026-01-12,2,2026,  Telangana  ,diabetes,Insulyn,Insulara Biotech,4687,1605.0,5093.0
2026-01-12,2,2026,rajasthan,Diabetes,Glucotend,Glucera Health,4004,1317.0,4293.0
2026-01-12,2,2026,Telangana,DIABETES,Insulyn,Insulara Biotech,2062,515.0,2257.0
2026-01-12,2,2026,WestBengal,Cardiology,Cordamet,Meditrix Labs,3233,1011.0,3642.0
2026-01-12,2,2026,tamil nadu,respiratory,Respivan,Aerovant Pharma,5334,1161.0,5894.0
2026-01-12,2,2026,maharashtra,diabetes,Insulyn,Insulara Biotech,4324,1339.0,4683.0
2026-01-12,2,2026,  Rajasthan  ,Respiratory,Airovent,Pulmovia Therapeutics,5403,1209.0,6077.0
2026-01-12,2,2026,Maharashtra,  Diabetes  ,Insulyn,Insulara Biotech,4864,1615.0,5353.0
2026-01-12,2,2026,West Bengal,RESPIRATORY,Respivan,Aerovant Pharma,5858,1804.0,6857.0
2026-01-12,2,2026,maharashtra,CARDIOLOGY,Vascolin,Zenova Biosciences,4774,1382.0,5731.0
2026-01-12,2,2026,,CARDIOLOGY,Cardivex,Corvyx Pharma,3322,731.0,4040.0
2026-01-12,2,2026,TN,  Diabetes  ,Insulyn,Insulara Biotech,5041,1308.0,6031.0
2026-01-12,2,2026,TN,cardiology,Vascolin,Zenova Biosciences,1802,458.0,2231.0
2026-01-12,2,2026,TELANGANA,  Cardiology  ,Cardivex,Corvyx Pharma,2234,754.0,2534.0
2026-01-12,2,2026,West Bengal,Cardiology,Cordamet,,3306,847.0,4076.0
2026-01-12,2,2026,maharashtra,  Cardiology  ,Cordamet,Meditrix Labs,4023,987.0,4331.0
2026-01-12,2,2026,RAJASTHAN,Diabetes,Insulyn,Insulara Biotech,4197,872.0,5030.0
2026-01-12,2,2026,maharashtra,Diabetes,Glucotend,Glucera Health,2782,924.0,3339.0
2026-01-12,2,2026,  West Bengal  ,RESPIRATORY,Respivan,Aerovant Pharma,2985,895.0,3651.0
2026-01-12,2,2026,Telangana,Cardiology,Vascolin,Zenova Biosciences,2416,603.0,2710.0
2026-01-12,2,2026,andhra pradesh,  Cardiology  ,Vascolin,Zenova Biosciences,5016,1456.0,5706.0
2026-01-12,2,2026,karnataka,respiratory,Airovent,Pulmovia Therapeutics,1983,688.0,2354.0
2026-01-12,2,2026,  Karnataka  ,  Respiratory  ,Respivan,Aerovant Pharma,4735,1426.0,5813.0
2026-01-12,2,2026,Andhra Pradesh,respiratory,Bronchel,Breathex Labs,5378,1350.0,5837.0
2026-01-12,2,2026,KARNATAKA,CARDIOLOGY,Cordamet,Meditrix Labs,3782,977.0,4240.0
2026-01-12,2,2026,Gujarat,RESPIRATORY,Respivan,Aerovant Pharma,4172,1067.0,4809.0
2026-01-12,2,2026,West Bengal,CARDIOLOGY,Cardivex,Corvyx Pharma,1769,617.0,2165.0
2026-01-12,2,2026,  Maharashtra  ,Respiratory,Respivan,Aerovant Pharma,4544,1225.0,5352.0
2026-01-12,2,2026,Tamil Ndu,cardiology,Vascolin,Zenova Biosciences,4482,1286.0,5086.0
2026-01-12,2,2026,Tamil Ndu,respiratory,Airovent,Pulmovia Therapeutics,5987,1337.0,6938.0
2026-01-12,2,2026,Delhi,Diabetes,Glucotend,Glucera Health,1850,457.0,1954.0
2026-01-12,2,2026,RAJASTHAN,DIABETES,Metforal,Novanta Pharma,1515,347.0,1819.0
2026-01-12,2,2026,delhi,  Diabetes  ,Metforal,Novanta Pharma,1626,532.0,1801.0
2026-01-12,2,2026,Telangana,Cardiology,Cordamet,Meditrix Labs,3448,717.0,3737.0
2026-01-12,2,2026,  Andhra Pradesh  ,Respiratory,Bronchel,Breathex Labs,4871,1415.0,5344.0
2026-01-12,2,2026,Karnatka,respiratory,Respivan,Aerovant Pharma,3716,1181.0,4484.0
2026-01-12,2,2026,karnataka,  Cardiology  ,Cardivex,Corvyx Pharma,4277,1099.0,5277.0
2026-01-12,2,2026,telangana,CARDIOLOGY,Vascolin,Zenova Biosciences,2937,961.0,3356.0
2026-01-12,2,2026,WEST BENGAL,Cardiology,Cordamet,Meditrix Labs,4564,1521.0,4910.0
2026-01-12,2,2026,TELANGANA,  Diabetes  ,Insulyn,Insulara Biotech,4256,1306.0,5300.0
2026-01-12,2,2026,  Telangana  ,RESPIRATORY,Respivan,Aerovant Pharma,3294,937.0,3810.0
2026-01-12,2,2026,kerala,respiratory,Airovent,Pulmovia Therapeutics,4875,1242.0,5181.0
2026-01-12,2,2026,,Diabetes,Glucotend,Glucera Health,2922,826.0,3474.0
2026-01-12,2,2026,AndhraPradesh,diabetes,Metforal,Novanta Pharma,3497,773.0,4178.0
2026-01-12,2,2026,  Rajasthan  ,  Cardiology  ,Vascolin,Zenova Biosciences,4129,888.0,4798.0
2026-01-12,2,2026,  Gujarat  ,diabetes,Insulyn,Insulara Biotech,3370,745.0,4085.0
2026-01-12,2,2026,kerala,Respiratory,Respivan,Aerovant Pharma,3299,1140.0,3833.0
2026-01-12,2,2026,Karnataka ,DIABETES,Glucotend,Glucera Health,4111,1189.0,4761.0
2026-01-12,2,2026,Maharashtra,diabetes,Metforal,Novanta Pharma,2752,635.0,2960.0
2026-01-12,2,2026,Tamil Ndu,Cardiology,Vascolin,Zenova Biosciences,4504,1305.0,4981.0
2026-01-12,2,2026,Kerala,RESPIRATORY,Bronchel,Breathex Labs,5829,1547.0,6394.0
2026-01-12,2,2026,Tamil Nadu,CARDIOLOGY,Vascolin,Zenova Biosciences,4558,979.0,4800.0
2026-01-12,2,2026,  Maharashtra  ,Diabetes,Metforal,Novanta Pharma,2012,432.0,2181.0
2026-01-12,2,2026,DELHI,RESPIRATORY,Respivan,Aerovant Pharma,4796,1377.0,5538.0
2026-01-12,2,2026,Delhi,cardiology,Cardivex,Corvyx Pharma,4220,1155.0,4888.0
2026-01-12,2,2026,  Tamil Nadu  ,respiratory,Airovent,Pulmovia Therapeutics,2040,470.0,2248.0
2026-01-12,2,2026,,DIABETES,Metforal,Novanta Pharma,2263,548.0,2791.0
2026-01-12,2,2026,  Gujarat  ,cardiology,Cordamet,Meditrix Labs,3179,1079.0,3873.0
2026-01-12,2,2026,TAMIL NADU,diabetes,Glucotend,Glucera Health,4058,1388.0,4365.0
2026-01-12,2,2026,Kerala,Diabetes,Insulyn,Insulara Biotech,3324,763.0,3632.0
2026-01-12,2,2026,WestBengal,DIABETES,Insulyn,Insulara Biotech,4408,1450.0,4718.0
2026-01-12,2,2026,maharashtra,  Respiratory  ,Bronchel,Breathex Labs,4315,960.0,4754.0
2026-01-12,2,2026,Tamil Nadu,  Respiratory  ,Bronchel,Breathex Labs,3128,844.0,3351.0
2026-01-12,2,2026,  Delhi  ,Respiratory,Airovent,,4120,1016.0,4863.0
2026-01-12,2,2026,gujarat,RESPIRATORY,Bronchel,Breathex Labs,4503,1469.0,5128.0
2026-01-12,2,2026,kerala,cardiology,Cordamet,Meditrix Labs,1799,602.0,1919.0
2026-01-12,2,2026,RAJASTHAN,Cardiology,Cordamet,Meditrix Labs,4587,1222.0,4952.0
2026-01-12,2,2026,Delhi,Diabetes,Insulyn,Insulara Biotech,5552,1507.0,6050.0
2026-01-12,2,2026,delhi,Diabetes,Insulyn,Insulara Biotech,4109,1358.0,4465.0
2026-01-12,2,2026,MAHARASHTRA,  Diabetes  ,Glucotend,Glucera Health,2960,685.0,3213.0
2026-01-12,2,2026,  Maharashtra  ,  Cardiology  ,Cardivex,Corvyx Pharma,2835,770.0,3323.0
2026-01-12,2,2026,ANDHRA PRADESH,diabetes,Glucotend,Glucera Health,2817,626.0,3429.0
2026-01-12,2,2026,Delhi,  Respiratory  ,Respivan,Aerovant Pharma,2731,791.0,3180.0
2026-01-12,2,2026,TAMIL NADU,RESPIRATORY,Bronchel,Breathex Labs,2825,679.0,3275.0
2026-01-12,2,2026,Andhra Pradesh,CARDIOLOGY,Cordamet,Meditrix Labs,1947,555.0,2287.0
2026-01-12,2,2026,WestBengal,diabetes,Glucotend,Glucera Health,1642,446.0,2017.0
2026-01-12,2,2026,RAJASTHAN,  Diabetes  ,Glucotend,Glucera Health,3777,1190.0,3996.0
2026-01-12,2,2026,Delhi,DIABETES,Metforal,Novanta Pharma,5815,1744.0,6365.0
2026-01-12,2,2026,TELANGANA,CARDIOLOGY,Cardivex,Corvyx Pharma,4110,1266.0,4909.0
2026-01-12,2,2026,Kerala,Respiratory,Respivan,Aerovant Pharma,4693,1269.0,5707.0
2026-01-12,2,2026,  Delhi  ,  Diabetes  ,Glucotend,Glucera Health,4579,1203.0,5559.0
2026-01-12,2,2026,  Maharashtra  ,diabetes,Insulyn,Insulara Biotech,4741,1044.0,5118.0
2026-01-12,2,2026,W. Bengal,Diabetes,Glucotend,Glucera Health,3140,1002.0,3402.0
2026-01-12,2,2026,Karnataka ,RESPIRATORY,Bronchel,Breathex Labs,4098,988.0,4507.0
2026-01-12,2,2026,GUJARAT,DIABETES,Metforal,Novanta Pharma,3294,1098.0,3837.0
2026-01-12,2,2026,  West Bengal  ,  Cardiology  ,Cardivex,Corvyx Pharma,5940,1948.0,6324.0
2026-01-12,2,2026,Maharashtra,Cardiology,Cardivex,Corvyx Pharma,4098,929.0,4378.0
2026-01-12,2,2026,RAJASTHAN,cardiology,Cordamet,Meditrix Labs,4505,1097.0,5101.0
2026-01-12,2,2026,  Maharashtra  ,  Diabetes  ,Metforal,Novanta Pharma,3600,903.0,3799.0
2026-01-12,2,2026,gujarat,DIABETES,Insulyn,Insulara Biotech,3964,1201.0,4924.0
2026-01-12,2,2026,Karnataka ,RESPIRATORY,Airovent,Pulmovia Therapeutics,3297,877.0,3904.0
2026-01-12,2,2026,WEST BENGAL,Respiratory,Respivan,Aerovant Pharma,3952,1216.0,4163.0
2026-01-12,2,2026,  Delhi  ,DIABETES,Glucotend,Glucera Health,1669,534.0,1837.0
2026-01-12,2,2026,,cardiology,Cardivex,Corvyx Pharma,4105,1096.0,4754.0
2026-01-12,2,2026,Andhra Pradesh,cardiology,Vascolin,Zenova Biosciences,2031,567.0,2258.0
2026-01-12,2,2026,W. Bengal,  Respiratory  ,Respivan,Aerovant Pharma,2865,802.0,3540.0
2026-01-12,2,2026,  Gujarat  ,Cardiology,Vascolin,Zenova Biosciences,5194,1707.0,5660.0
2026-01-12,2,2026,tamil nadu,  Diabetes  ,Insulyn,Insulara Biotech,3635,885.0,4052.0
2026-01-12,2,2026,,diabetes,Glucotend,Glucera Health,2565,685.0,3084.0
2026-01-12,2,2026,karnataka,cardiology,Cardivex,Corvyx Pharma,5460,1215.0,6099.0
2026-01-12,2,2026,  Telangana  ,Diabetes,Metforal,Novanta Pharma,4404,1477.0,5233.0
2026-01-12,2,2026,gujarat,cardiology,Cordamet,Meditrix Labs,4458,1307.0,5329.0
2026-01-12,2,2026,Kerala,diabetes,Glucotend,Glucera Health,3688,1126.0,4097.0
2026-01-12,2,2026,telangana,RESPIRATORY,Airovent,Pulmovia Therapeutics,1731,567.0,1915.0
2026-01-12,2,2026,KERALA,  Diabetes  ,Insulyn,Insulara Biotech,1686,365.0,2035.0
2026-01-12,2,2026,rajasthan,Respiratory,Respivan,Aerovant Pharma,2263,736.0,2613.0
2026-01-12,2,2026,west bengal,diabetes,Metforal,Novanta Pharma,3354,782.0,4103.0
2026-01-12,2,2026,  Telangana  ,CARDIOLOGY,Cardivex,Corvyx Pharma,2697,772.0,2997.0
2026-01-12,2,2026,TN,DIABETES,Insulyn,Insulara Biotech,4782,1601.0,5050.0
2026-01-12,2,2026,Rajasthan,  Respiratory  ,Respivan,Aerovant Pharma,4576,1317.0,5291.0
2026-01-12,2,2026,Karnataka ,Respiratory,Airovent,Pulmovia Therapeutics,3633,731.0,4326.0
2026-01-12,2,2026,W. Bengal,RESPIRATORY,Bronchel,Breathex Labs,3037,667.0,3606.0
2026-01-12,2,2026,Tamil Ndu,RESPIRATORY,Bronchel,Breathex Labs,5896,1751.0,6443.0
2026-01-12,2,2026,WEST BENGAL,CARDIOLOGY,Cordamet,Meditrix Labs,5293,1735.0,6323.0
2026-01-12,2,2026,TN,  Cardiology  ,Cordamet,Meditrix Labs,5207,1660.0,6205.0
2026-01-12,2,2026,kerala,DIABETES,Glucotend,Glucera Health,1971,439.0,2105.0
2026-01-12,2,2026,AndhraPradesh,DIABETES,Glucotend,Glucera Health,2198,557.0,2626.0
2026-01-12,2,2026,  Andhra Pradesh  ,Respiratory,Airovent,Pulmovia Therapeutics,5908,1319.0,6331.0
2026-01-12,2,2026,  Telangana  ,DIABETES,Metforal,Novanta Pharma,3127,739.0,3504.0
2026-01-12,2,2026,tamil nadu,Diabetes,Metforal,Novanta Pharma,5404,1742.0,6560.0
2026-01-12,2,2026,W. Bengal,Cardiology,Vascolin,Zenova Biosciences,4217,1308.0,4444.0
2026-01-12,2,2026,KARNATAKA,Cardiology,Cordamet,Meditrix Labs,5436,1823.0,5966.0
2026-01-12,2,2026,Maharashtra,Cardiology,Vascolin,Zenova Biosciences,5620,1417.0,6805.0
2026-01-12,2,2026,MAHARASHTRA,diabetes,Insulyn,Insulara Biotech,2359,550.0,2899.0
2026-01-12,2,2026,west bengal,  Respiratory  ,Airovent,Pulmovia Therapeutics,4217,1276.0,4430.0
2026-01-12,2,2026,Tamil Nadu,cardiology,Vascolin,Zenova Biosciences,4988,1129.0,6177.0
2026-01-12,2,2026,Telangana,  Respiratory  ,Airovent,Pulmovia Therapeutics,5887,1594.0,6573.0
2026-01-12,2,2026,maharashtra,DIABETES,Glucotend,Glucera Health,3415,772.0,3701.0
2026-01-12,2,2026,Tamilnadu,RESPIRATORY,Bronchel,Breathex Labs,4394,1162.0,4812.0
2026-01-12,2,2026,ANDHRA PRADESH,RESPIRATORY,Respivan,Aerovant Pharma,1739,414.0,1871.0
2026-01-12,2,2026,Maharashtra,CARDIOLOGY,Cardivex,Corvyx Pharma,4964,1170.0,5883.0
2026-01-12,2,2026,maharashtra,respiratory,Respivan,Aerovant Pharma,2084,689.0,2253.0
2026-01-12,2,2026,gujarat,  Respiratory  ,Respivan,Aerovant Pharma,4919,1303.0,6108.0
2026-01-12,2,2026,maharashtra,Respiratory,Bronchel,Breathex Labs,5729,1285.0,6572.0
2026-01-12,2,2026,  Andhra Pradesh  ,cardiology,Vascolin,Zenova Biosciences,3058,1050.0,3818.0
2026-01-12,2,2026,  Telangana  ,  Respiratory  ,Airovent,Pulmovia Therapeutics,1514,515.0,1795.0
2026-01-12,2,2026,DELHI,  Respiratory  ,Airovent,Pulmovia Therapeutics,4170,929.0,5209.0
2026-01-12,2,2026,,CARDIOLOGY,Cordamet,Meditrix Labs,1758,479.0,1914.0
2026-01-12,2,2026,DELHI,Respiratory,Respivan,Aerovant Pharma,4505,921.0,5483.0
2026-01-12,2,2026,  Telangana  ,Respiratory,Bronchel,Breathex Labs,3924,1105.0,4802.0
2026-01-12,2,2026,AndhraPradesh,RESPIRATORY,Bronchel,Breathex Labs,4555,947.0,5091.0
2026-01-12,2,2026,TN,Cardiology,Vascolin,Zenova Biosciences,3113,975.0,3308.0
2026-01-12,2,2026,KERALA,  Diabetes  ,Glucotend,Glucera Health,3011,879.0,3371.0
2026-01-12,2,2026,  West Bengal  ,Diabetes,Metforal,Novanta Pharma,1763,456.0,2044.0
2026-01-12,2,2026,Maharashtra,respiratory,Airovent,Pulmovia Therapeutics,2800,710.0,3059.0
2026-01-12,2,2026,  Rajasthan  ,cardiology,Vascolin,Zenova Biosciences,3784,1231.0,4450.0
2026-01-12,2,2026,  Karnataka  ,  Cardiology  ,Cordamet,Meditrix Labs,3471,937.0,4094.0
2026-01-12,2,2026,  Andhra Pradesh  ,CARDIOLOGY,Vascolin,Zenova Biosciences,3138,672.0,3594.0
2026-01-12,2,2026,Karnatka,  Cardiology  ,Cardivex,Corvyx Pharma,3792,1033.0,4147.0
2026-01-12,2,2026,  Andhra Pradesh  ,DIABETES,Glucotend,Glucera Health,4638,1067.0,5040.0
2026-01-12,2,2026,DELHI,  Diabetes  ,Insulyn,Insulara Biotech,5388,1310.0,5932.0
2026-01-12,2,2026,Rajasthan,  Diabetes  ,Metforal,Novanta Pharma,3786,796.0,4288.0
2026-01-12,2,2026,rajasthan,diabetes,Insulyn,Insulara Biotech,4368,1414.0,4849.0
2026-01-12,2,2026,Gujarat,Cardiology,Cardivex,Corvyx Pharma,2900,620.0,3072.0
2026-01-12,2,2026,karnataka,cardiology,Cordamet,Meditrix Labs,3612,1243.0,3924.0
2026-01-12,2,2026,  Kerala  ,  Respiratory  ,Bronchel,Breathex Labs,5716,1171.0,7014.0
2026-01-12,2,2026,TAMIL NADU,Diabetes,Metforal,Novanta Pharma,4664,996.0,5109.0
2026-01-12,2,2026,TAMIL NADU,Cardiology,Cordamet,Meditrix Labs,4838,1405.0,5146.0
2026-01-12,2,2026,delhi,Cardiology,Cordamet,Meditrix Labs,3286,1007.0,3950.0
2026-01-12,2,2026,  Delhi  ,cardiology,Cordamet,Meditrix Labs,4675,1457.0,5364.0
2026-01-12,2,2026,TN,CARDIOLOGY,Vascolin,Zenova Biosciences,4758,1246.0,5246.0
2026-01-12,2,2026,telangana,  Diabetes  ,Glucotend,Glucera Health,1551,386.0,1721.0
2026-01-12,2,2026,kerala,Respiratory,Bronchel,Breathex Labs,1770,511.0,1890.0
2026-01-12,2,2026,Andhra Pradesh,Respiratory,Bronchel,Breathex Labs,4937,1623.0,5449.0
2026-01-12,2,2026,kerala,  Diabetes  ,Glucotend,Glucera Health,2337,660.0,2458.0
2026-01-12,2,2026,DELHI,DIABETES,Glucotend,Glucera Health,2379,819.0,2682.0
2026-01-12,2,2026,Tamil Nadu,DIABETES,Glucotend,Glucera Health,3550,901.0,3944.0
2026-01-12,2,2026,kerala,CARDIOLOGY,Cardivex,Corvyx Pharma,3670,831.0,4046.0
2026-01-12,2,2026,Telangana,DIABETES,Metforal,Novanta Pharma,5581,1833.0,6616.0
2026-01-12,2,2026,Karnataka,Diabetes,Insulyn,Insulara Biotech,3438,699.0,4181.0
2026-01-12,2,2026,Rajasthan,Respiratory,Respivan,Aerovant Pharma,5248,1473.0,6460.0
2026-01-12,2,2026,Tamil Nadu,Diabetes,Metforal,Novanta Pharma,5541,1135.0,6134.0
2026-01-12,2,2026,Andhra Pradesh,  Respiratory  ,Airovent,Pulmovia Therapeutics,3572,1228.0,3757.0
2026-01-12,2,2026,WestBengal,Diabetes,Glucotend,Glucera Health,5875,1989.0,7127.0
2026-01-12,2,2026,ANDHRA PRADESH,DIABETES,Metforal,Novanta Pharma,2770,885.0,3089.0
2026-01-12,2,2026,  Tamil Nadu  ,  Diabetes  ,Insulyn,Insulara Biotech,5728,1523.0,6332.0
2026-01-12,2,2026,GUJARAT,  Diabetes  ,Glucotend,Glucera Health,5399,1538.0,6207.0
2026-01-12,2,2026,Andhra Pradesh,respiratory,Airovent,Pulmovia Therapeutics,3398,1051.0,3639.0
2026-01-12,2,2026,rajasthan,Cardiology,Cardivex,Corvyx Pharma,5777,1966.0,6833.0
2026-01-12,2,2026,MAHARASHTRA,  Diabetes  ,Insulyn,Insulara Biotech,2972,729.0,3544.0
2026-01-12,2,2026,kerala,CARDIOLOGY,Cordamet,Meditrix Labs,4721,1059.0,5686.0
2026-01-12,2,2026,  Rajasthan  ,respiratory,Bronchel,Breathex Labs,3112,1026.0,3411.0
2026-01-12,2,2026,  Gujarat  ,  Cardiology  ,Cardivex,Corvyx Pharma,4402,909.0,4723.0
2026-01-12,2,2026,Karnatka,Diabetes,Metforal,Novanta Pharma,3239,847.0,3782.0
2026-01-12,2,2026,W. Bengal,  Respiratory  ,Airovent,Pulmovia Therapeutics,1648,384.0,2052.0
2026-01-12,2,2026,  Karnataka  ,respiratory,Respivan,Aerovant Pharma,5473,1163.0,6741.0
2026-01-12,2,2026,  Maharashtra  ,  Respiratory  ,Airovent,Pulmovia Therapeutics,1848,568.0,2056.0
2026-01-12,2,2026,  Karnataka  ,cardiology,Vascolin,Zenova Biosciences,4715,1221.0,5685.0
2026-01-12,2,2026,Karnataka ,diabetes,Insulyn,Insulara Biotech,4877,998.0,5926.0
2026-01-12,2,2026,Gujarat,Cardiology,Cordamet,Meditrix Labs,4550,1076.0,5103.0
2026-01-12,2,2026,Tamil Nadu,  Cardiology  ,Vascolin,Zenova Biosciences,2982,611.0,3727.0
2026-01-12,2,2026,DELHI,CARDIOLOGY,Cordamet,Meditrix Labs,5826,1846.0,6289.0
2026-01-12,2,2026,  Telangana  ,cardiology,Cardivex,Corvyx Pharma,3024,781.0,3223.0
2026-01-12,2,2026,  Telangana  ,diabetes,Metforal,Novanta Pharma,5525,1711.0,6528.0
2026-01-12,2,2026,  Andhra Pradesh  ,Cardiology,Vascolin,Zenova Biosciences,5871,1795.0,6528.0
2026-01-12,2,2026,maharashtra,diabetes,Glucotend,Glucera Health,2654,647.0,3313.0
2026-01-12,2,2026,TAMIL NADU,respiratory,Respivan,Aerovant Pharma,4919,1171.0,5289.0
2026-01-12,2,2026,MAHARASHTRA,respiratory,Respivan,Aerovant Pharma,2080,544.0,2242.0
2026-01-12,2,2026,KERALA,cardiology,Vascolin,Zenova Biosciences,5615,1718.0,6546.0
2026-01-12,2,2026,gujarat,Diabetes,Insulyn,Insulara Biotech,5687,1272.0,6658.0
2026-01-12,2,2026,karnataka,  Respiratory  ,Bronchel,Breathex Labs,3119,750.0,3343.0
2026-01-12,2,2026,delhi,RESPIRATORY,Airovent,Pulmovia Therapeutics,2766,726.0,3236.0
2026-01-12,2,2026,Gujarat,Respiratory,Bronchel,Breathex Labs,2357,705.0,2910.0
2026-01-12,2,2026,W. Bengal,  Diabetes  ,Glucotend,Glucera Health,3938,958.0,4551.0
2026-01-12,2,2026,GUJARAT,CARDIOLOGY,Cardivex,Corvyx Pharma,4239,1099.0,4713.0
2026-01-12,2,2026,gujarat,CARDIOLOGY,Vascolin,Zenova Biosciences,1746,557.0,2129.0
2026-01-12,2,2026,West Bengal,cardiology,Cardivex,Corvyx Pharma,3970,1135.0,4495.0
2026-01-12,2,2026,MAHARASHTRA,DIABETES,Glucotend,Glucera Health,5185,1134.0,5851.0
2026-01-12,2,2026,telangana,cardiology,Cardivex,Corvyx Pharma,4885,1185.0,5995.0
2026-01-12,2,2026,ANDHRA PRADESH,respiratory,Respivan,Aerovant Pharma,4543,1227.0,5435.0
2026-01-12,2,2026,  Delhi  ,Respiratory,Airovent,Pulmovia Therapeutics,4630,1191.0,5096.0
2026-01-12,2,2026,  Maharashtra  ,Respiratory,Airovent,Pulmovia Therapeutics,2302,462.0,2646.0
2026-01-12,2,2026,  Tamil Nadu  ,Respiratory,Airovent,,5202,1044.0,5615.0
2026-01-12,2,2026,  Delhi  ,Cardiology,Cordamet,Meditrix Labs,4919,1464.0,5172.0
2026-01-12,2,2026,Karnataka,cardiology,Cordamet,Meditrix Labs,2529,708.0,3021.0
2026-01-12,2,2026,KERALA,Cardiology,Cardivex,Corvyx Pharma,3497,753.0,3750.0
2026-01-12,2,2026,,respiratory,Bronchel,Breathex Labs,1795,451.0,2066.0
2026-01-12,2,2026,Karnataka,Cardiology,Vascolin,Zenova Biosciences,5126,1721.0,5635.0
2026-01-12,2,2026,  Andhra Pradesh  ,  Respiratory  ,Bronchel,Breathex Labs,2078,473.0,2282.0
2026-01-12,2,2026,Delhi,cardiology,Cordamet,Meditrix Labs,3626,1024.0,4494.0
2026-01-12,2,2026,Andhra Pradesh,DIABETES,Insulyn,Insulara Biotech,2832,702.0,3298.0
2026-01-12,2,2026,tamil nadu,diabetes,Glucotend,Glucera Health,2088,613.0,2578.0
2026-01-12,2,2026,delhi,Diabetes,Metforal,Novanta Pharma,2698,698.0,3030.0
2026-01-12,2,2026,Tamilnadu,  Diabetes  ,Insulyn,Insulara Biotech,2268,658.0,2687.0
2026-01-12,2,2026,Delhi,Respiratory,Bronchel,Breathex Labs,5156,1421.0,6235.0
2026-01-12,2,2026,Karnatka,RESPIRATORY,Respivan,Aerovant Pharma,4096,905.0,5114.0
2026-01-12,2,2026,  West Bengal  ,respiratory,Airovent,Pulmovia Therapeutics,5128,1305.0,5466.0
2026-01-12,2,2026,ANDHRA PRADESH,  Cardiology  ,Cardivex,,1944,462.0,2043.0
2026-01-12,2,2026,WestBengal,respiratory,Bronchel,Breathex Labs,4737,1261.0,5640.0
2026-01-12,2,2026,  Kerala  ,  Diabetes  ,Metforal,Novanta Pharma,5914,1742.0,6403.0
2026-01-12,2,2026,Tamilnadu,Respiratory,Airovent,Pulmovia Therapeutics,2121,663.0,2608.0
2026-01-12,2,2026,  Gujarat  ,  Respiratory  ,Airovent,Pulmovia Therapeutics,4497,1128.0,4895.0
2026-01-12,2,2026,delhi,Respiratory,Airovent,Pulmovia Therapeutics,4109,1065.0,4335.0
2026-01-12,2,2026,  Gujarat  ,CARDIOLOGY,Cardivex,Corvyx Pharma,1530,318.0,1739.0
2026-01-12,2,2026,rajasthan,DIABETES,Metforal,Novanta Pharma,3834,1127.0,4202.0
2026-01-12,2,2026,kerala,CARDIOLOGY,Vascolin,Zenova Biosciences,5107,1122.0,5529.0
2026-01-12,2,2026,West Bengal,Respiratory,Bronchel,Breathex Labs,3508,1090.0,4157.0
2026-01-12,2,2026,Karnatka,Diabetes,Glucotend,Glucera Health,4159,1380.0,4891.0
2026-01-12,2,2026,TELANGANA,cardiology,Cardivex,Corvyx Pharma,1897,588.0,2160.0
2026-01-12,2,2026,KERALA,Diabetes,Metforal,,2685,563.0,2917.0
2026-01-12,2,2026,TELANGANA,respiratory,Bronchel,Breathex Labs,1954,540.0,2263.0
2026-01-12,2,2026,WestBengal,cardiology,Cardivex,Corvyx Pharma,5287,1378.0,5778.0
2026-01-12,2,2026,kerala,Diabetes,Insulyn,Insulara Biotech,4407,1242.0,5338.0
2026-01-12,2,2026,MAHARASHTRA,diabetes,Insulyn,,2391,747.0,2705.0
2026-01-12,2,2026,maharashtra,diabetes,Metforal,Novanta Pharma,5923,1499.0,6223.0
2026-01-12,2,2026,WestBengal,Respiratory,Respivan,Aerovant Pharma,3254,1080.0,3533.0
2026-01-12,2,2026,  Maharashtra  ,Cardiology,Cordamet,Meditrix Labs,2357,783.0,2646.0
2026-01-12,2,2026,  Delhi  ,  Cardiology  ,Vascolin,Zenova Biosciences,2253,615.0,2813.0
2026-01-12,2,2026,Karnatka,respiratory,Bronchel,Breathex Labs,2753,582.0,3197.0
2026-01-12,2,2026,Delhi,  Diabetes  ,Metforal,Novanta Pharma,3409,1058.0,4188.0
2026-01-12,2,2026,ANDHRA PRADESH,  Cardiology  ,Vascolin,Zenova Biosciences,4504,1021.0,5322.0
2026-01-12,2,2026,W. Bengal,diabetes,Insulyn,Insulara Biotech,4408,946.0,5372.0
2026-01-12,2,2026,west bengal,  Diabetes  ,Glucotend,Glucera Health,1579,508.0,1691.0
2026-01-12,2,2026,Gujarat,respiratory,Airovent,Pulmovia Therapeutics,4939,1641.0,5227.0
2026-01-12,2,2026,  West Bengal  ,Diabetes,Glucotend,Glucera Health,1568,397.0,1851.0
2026-01-12,2,2026,WEST BENGAL,Diabetes,Glucotend,Glucera Health,5150,1567.0,6222.0
2026-01-12,2,2026,GUJARAT,  Diabetes  ,Insulyn,Insulara Biotech,5790,1901.0,6926.0
2026-01-12,2,2026,,  Respiratory  ,Respivan,Aerovant Pharma,5877,1602.0,6411.0
2026-01-12,2,2026,Delhi,CARDIOLOGY,Cordamet,Meditrix Labs,4361,1197.0,4659.0
2026-01-12,2,2026,Andhra Pradesh,  Respiratory  ,Respivan,Aerovant Pharma,4705,1520.0,5530.0
2026-01-12,2,2026,KERALA,Diabetes,Insulyn,Insulara Biotech,2117,656.0,2419.0
2026-01-12,2,2026,West Bengal,RESPIRATORY,Bronchel,Breathex Labs,4086,920.0,5073.0
2026-01-12,2,2026,maharashtra,RESPIRATORY,Respivan,Aerovant Pharma,4633,1524.0,5336.0
2026-01-12,2,2026,Karnataka ,respiratory,Airovent,Pulmovia Therapeutics,5806,1295.0,6252.0
2026-01-12,2,2026,RAJASTHAN,Cardiology,Vascolin,Zenova Biosciences,4796,1444.0,5306.0
2026-01-12,2,2026,telangana,Diabetes,Glucotend,Glucera Health,2888,666.0,3110.0
2026-01-12,2,2026,AndhraPradesh,Cardiology,Cardivex,Corvyx Pharma,1893,623.0,2121.0
2026-01-12,2,2026,KARNATAKA,Diabetes,Glucotend,Glucera Health,5728,1397.0,7043.0
2026-01-12,2,2026,KARNATAKA,DIABETES,Metforal,Novanta Pharma,5046,1403.0,5510.0
2026-01-12,2,2026,tamil nadu,  Respiratory  ,Bronchel,Breathex Labs,3351,1000.0,4128.0
2026-01-12,2,2026,  Gujarat  ,RESPIRATORY,Respivan,Aerovant Pharma,5528,1325.0,6640.0
2026-01-12,2,2026,rajasthan,cardiology,Vascolin,Zenova Biosciences,3788,1044.0,4215.0
2026-01-12,2,2026,west bengal,diabetes,Insulyn,Insulara Biotech,3300,749.0,3897.0
2026-01-12,2,2026,TAMIL NADU,DIABETES,Glucotend,Glucera Health,5864,1347.0,7253.0
2026-01-12,2,2026,andhra pradesh,  Respiratory  ,Bronchel,Breathex Labs,3681,803.0,4364.0
2026-01-12,2,2026,West Bengal,  Cardiology  ,Cordamet,Meditrix Labs,2408,522.0,2867.0
2026-01-12,2,2026,  Telangana  ,DIABETES,Glucotend,Glucera Health,1720,517.0,2126.0
2026-01-12,2,2026,kerala,respiratory,Airovent,,3410,1109.0,4114.0
2026-01-12,2,2026,KERALA,  Cardiology  ,Cordamet,Meditrix Labs,2055,430.0,2559.0
2026-01-12,2,2026,ANDHRA PRADESH,  Respiratory  ,Bronchel,Breathex Labs,5717,1800.0,6087.0
2026-01-12,2,2026,Telangana,diabetes,Insulyn,Insulara Biotech,2567,845.0,2894.0
2026-01-12,2,2026,Tamilnadu,RESPIRATORY,Airovent,Pulmovia Therapeutics,3095,991.0,3470.0
2026-01-12,2,2026,  Andhra Pradesh  ,diabetes,Metforal,,3908,1101.0,4725.0
2026-01-12,2,2026,ANDHRA PRADESH,CARDIOLOGY,Cordamet,Meditrix Labs,2656,810.0,3092.0
2026-01-12,2,2026,andhra pradesh,CARDIOLOGY,Cordamet,Meditrix Labs,1777,512.0,1986.0
2026-01-12,2,2026,rajasthan,respiratory,Bronchel,Breathex Labs,3330,779.0,3503.0
2026-01-12,2,2026,Karnatka,DIABETES,Glucotend,Glucera Health,5965,1305.0,6293.0
2026-01-12,2,2026,  Delhi  ,  Diabetes  ,Insulyn,Insulara Biotech,3463,702.0,4253.0
2026-01-12,2,2026,delhi,  Diabetes  ,Glucotend,Glucera Health,4392,1089.0,4819.0
2026-01-12,2,2026,Gujarat,Respiratory,Airovent,Pulmovia Therapeutics,3106,798.0,3686.0
2026-01-12,2,2026,ANDHRA PRADESH,respiratory,Bronchel,Breathex Labs,5196,1298.0,5628.0
2026-01-12,2,2026,Karnataka,  Respiratory  ,Respivan,Aerovant Pharma,3447,801.0,3971.0
2026-01-12,2,2026,WestBengal,  Diabetes  ,Glucotend,Glucera Health,1686,352.0,2014.0
2026-01-12,2,2026,Maharashtra,Respiratory,Bronchel,Breathex Labs,3631,1069.0,4336.0
2026-01-12,2,2026,Rajasthan,Diabetes,Insulyn,Insulara Biotech,4264,1285.0,4833.0
2026-01-12,2,2026,Gujarat,respiratory,Respivan,Aerovant Pharma,2982,797.0,3718.0
2026-01-12,2,2026,ANDHRA PRADESH,  Diabetes  ,Glucotend,Glucera Health,2300,518.0,2743.0
2026-01-12,2,2026,Karnataka ,  Cardiology  ,Cordamet,Meditrix Labs,3513,916.0,4390.0
2026-01-12,2,2026,Kerala,CARDIOLOGY,Vascolin,Zenova Biosciences,5812,1803.0,6379.0
2026-01-12,2,2026,west bengal,  Respiratory  ,Bronchel,Breathex Labs,4233,1249.0,5274.0
2026-01-12,2,2026,Andhra Pradesh,Diabetes,Glucotend,Glucera Health,3420,782.0,3954.0
2026-01-12,2,2026,  Rajasthan  ,Cardiology,Cardivex,Corvyx Pharma,5491,1540.0,6373.0
2026-01-12,2,2026,tamil nadu,RESPIRATORY,Respivan,Aerovant Pharma,3050,619.0,3393.0
2026-01-12,2,2026,Maharashtra,RESPIRATORY,Bronchel,Breathex Labs,3143,737.0,3356.0
2026-01-12,2,2026,GUJARAT,  Respiratory  ,Respivan,Aerovant Pharma,5726,1275.0,6374.0
2026-01-12,2,2026,Rajasthan,Diabetes,Metforal,Novanta Pharma,5478,1678.0,6355.0
2026-01-12,2,2026,W. Bengal,RESPIRATORY,Airovent,Pulmovia Therapeutics,4873,1571.0,5222.0
2026-01-12,2,2026,Karnataka ,Cardiology,Vascolin,Zenova Biosciences,2384,550.0,2872.0
2026-01-12,2,2026,  Delhi  ,Cardiology,Cardivex,Corvyx Pharma,3949,983.0,4515.0
2026-01-12,2,2026,  Rajasthan  ,Diabetes,Glucotend,Glucera Health,4680,1350.0,5422.0
2026-01-12,2,2026,West Bengal,Respiratory,Respivan,Aerovant Pharma,3761,1007.0,4450.0
2026-01-12,2,2026,KERALA,cardiology,Cordamet,Meditrix Labs,4775,1357.0,5298.0
2026-01-12,2,2026,Delhi,CARDIOLOGY,Vascolin,Zenova Biosciences,3083,709.0,3633.0
2026-01-12,2,2026,  Gujarat  ,respiratory,Airovent,Pulmovia Therapeutics,1735,588.0,1882.0
2026-01-12,2,2026,  Kerala  ,  Respiratory  ,Airovent,Pulmovia Therapeutics,4235,1457.0,5058.0
2026-01-12,2,2026,  Maharashtra  ,CARDIOLOGY,Cordamet,Meditrix Labs,3145,968.0,3403.0
2026-01-12,2,2026,West Bengal,Cardiology,Cardivex,Corvyx Pharma,3063,653.0,3300.0
2026-01-12,2,2026,  Gujarat  ,  Diabetes  ,Insulyn,Insulara Biotech,3872,969.0,4838.0
2026-01-12,2,2026,TN,RESPIRATORY,Airovent,Pulmovia Therapeutics,3078,1075.0,3302.0
2026-01-12,2,2026,rajasthan,  Cardiology  ,Cardivex,Corvyx Pharma,4766,1650.0,5204.0
2026-01-12,2,2026,  West Bengal  ,diabetes,Metforal,Novanta Pharma,4271,1019.0,5054.0
2026-01-12,2,2026,  Delhi  ,Cardiology,Vascolin,Zenova Biosciences,3481,754.0,4277.0
2026-01-12,2,2026,  Gujarat  ,Respiratory,Bronchel,Breathex Labs,2136,675.0,2349.0
2026-01-12,2,2026,,  Diabetes  ,Glucotend,Glucera Health,4709,1354.0,5608.0
2026-01-12,2,2026,MAHARASHTRA,diabetes,Glucotend,Glucera Health,2024,652.0,2363.0
2026-01-12,2,2026,west bengal,Respiratory,Respivan,Aerovant Pharma,1786,479.0,2227.0
2026-01-12,2,2026,Karnatka,DIABETES,Insulyn,Insulara Biotech,5736,1838.0,6793.0
2026-01-12,2,2026,Delhi,CARDIOLOGY,Cardivex,Corvyx Pharma,3636,981.0,4266.0
2026-01-12,2,2026,Tamil Ndu,  Diabetes  ,Insulyn,Insulara Biotech,5241,1264.0,6077.0
2026-01-12,2,2026,KARNATAKA,RESPIRATORY,Respivan,Aerovant Pharma,5301,1478.0,6349.0
2026-01-12,2,2026,ANDHRA PRADESH,DIABETES,Insulyn,Insulara Biotech,2891,581.0,3288.0
2026-01-12,2,2026,TELANGANA,Diabetes,Insulyn,,5195,1707.0,6166.0
2026-01-12,2,2026,Tamil Nadu,DIABETES,Insulyn,Insulara Biotech,2071,453.0,2197.0
2026-01-12,2,2026,Tamilnadu,Diabetes,Glucotend,Glucera Health,3773,1163.0,4005.0
2026-01-12,2,2026,kerala,DIABETES,Metforal,Novanta Pharma,2348,734.0,2803.0
2026-01-12,2,2026,  Rajasthan  ,RESPIRATORY,Bronchel,Breathex Labs,5254,1757.0,6524.0
2026-01-12,2,2026,  Rajasthan  ,  Cardiology  ,Cordamet,Meditrix Labs,3159,750.0,3488.0
2026-01-12,2,2026,Rajasthan,Cardiology,Cordamet,Meditrix Labs,4539,1125.0,5396.0
2026-01-12,2,2026,RAJASTHAN,  Cardiology  ,Vascolin,Zenova Biosciences,5680,1826.0,6054.0
2026-01-12,2,2026,Tamilnadu,DIABETES,Glucotend,Glucera Health,2643,628.0,2859.0
2026-01-12,2,2026,TELANGANA,DIABETES,Metforal,Novanta Pharma,4839,1201.0,5568.0
2026-01-12,2,2026,AndhraPradesh,cardiology,Cordamet,Meditrix Labs,1956,550.0,2241.0
2026-01-12,2,2026,,diabetes,Insulyn,Insulara Biotech,1651,402.0,1827.0
2026-01-12,2,2026,WEST BENGAL,cardiology,Cordamet,Meditrix Labs,5326,1731.0,5867.0
2026-01-12,2,2026,  Kerala  ,CARDIOLOGY,Vascolin,Zenova Biosciences,4615,1554.0,5434.0
2026-01-12,2,2026,MAHARASHTRA,Cardiology,Cardivex,Corvyx Pharma,3328,736.0,3940.0
2026-01-12,2,2026,AndhraPradesh,respiratory,Respivan,Aerovant Pharma,1668,344.0,1976.0
2026-01-12,2,2026,Tamil Nadu,  Cardiology  ,Cardivex,Corvyx Pharma,3842,1092.0,4740.0
2026-01-12,2,2026,TN,Cardiology,Cordamet,Meditrix Labs,5570,1462.0,6786.0
2026-01-12,2,2026,TAMIL NADU,  Respiratory  ,Respivan,Aerovant Pharma,5584,1536.0,6340.0
2026-01-12,2,2026,W. Bengal,diabetes,Metforal,Novanta Pharma,4950,1287.0,6159.0
2026-01-12,2,2026,karnataka,  Diabetes  ,Insulyn,Insulara Biotech,3551,1042.0,3792.0
2026-01-12,2,2026,MAHARASHTRA,Diabetes,Insulyn,Insulara Biotech,3668,1022.0,4126.0
2026-01-12,2,2026,  Kerala  ,cardiology,Cardivex,Corvyx Pharma,3599,984.0,4134.0
2026-01-12,2,2026,ANDHRA PRADESH,Cardiology,Cardivex,Corvyx Pharma,5693,1423.0,6977.0
2026-01-12,2,2026,gujarat,DIABETES,Glucotend,Glucera Health,2761,845.0,3057.0
2026-01-12,2,2026,Maharashtra,diabetes,Glucotend,Glucera Health,2276,484.0,2515.0
2026-01-12,2,2026,karnataka,DIABETES,Metforal,Novanta Pharma,3560,1012.0,4087.0
2026-01-12,2,2026,TAMIL NADU,Diabetes,Insulyn,Insulara Biotech,3446,807.0,4080.0
2026-01-12,2,2026,  West Bengal  ,RESPIRATORY,Airovent,Pulmovia Therapeutics,5546,1692.0,6409.0
2026-01-12,2,2026,  Delhi  ,  Diabetes  ,Metforal,Novanta Pharma,5970,1524.0,7268.0
2026-01-12,2,2026,  Gujarat  ,  Respiratory  ,Bronchel,Breathex Labs,1612,450.0,1937.0
2026-01-12,2,2026,maharashtra,Respiratory,Airovent,Pulmovia Therapeutics,2794,875.0,3066.0
2026-01-12,2,2026,delhi,respiratory,Bronchel,Breathex Labs,1589,446.0,1727.0
2026-01-12,2,2026,KERALA,cardiology,Cardivex,Corvyx Pharma,1799,617.0,2228.0
2026-01-12,2,2026,WestBengal,  Diabetes  ,Metforal,Novanta Pharma,4566,1194.0,5595.0
2026-01-12,2,2026,Gujarat,CARDIOLOGY,Cordamet,Meditrix Labs,3046,822.0,3733.0
2026-01-12,2,2026,Gujarat,CARDIOLOGY,Cardivex,,5261,1351.0,6552.0
2026-01-12,2,2026,west bengal,DIABETES,Glucotend,Glucera Health,2209,462.0,2492.0
2026-01-12,2,2026,Kerala,Cardiology,Cordamet,Meditrix Labs,3353,700.0,3626.0
2026-01-12,2,2026,KERALA,diabetes,Insulyn,Insulara Biotech,4740,1477.0,5860.0
2026-01-12,2,2026,delhi,diabetes,Metforal,Novanta Pharma,3129,738.0,3832.0
2026-01-12,2,2026,Kerala,  Cardiology  ,Cardivex,Corvyx Pharma,1820,420.0,1948.0
2026-01-12,2,2026,  West Bengal  ,  Diabetes  ,Insulyn,Insulara Biotech,2418,734.0,2596.0
2026-01-12,2,2026,GUJARAT,Respiratory,Respivan,Aerovant Pharma,4683,1152.0,5689.0
2026-01-12,2,2026,KERALA,Diabetes,Metforal,Novanta Pharma,5519,1407.0,6362.0
2026-01-12,2,2026,GUJARAT,respiratory,Bronchel,Breathex Labs,4907,1452.0,5420.0
2026-01-12,2,2026,kerala,diabetes,Metforal,Novanta Pharma,5835,1234.0,6489.0
2026-01-12,2,2026,Maharashtra,DIABETES,Insulyn,Insulara Biotech,5530,1350.0,6891.0
2026-01-12,2,2026,telangana,Cardiology,Cordamet,Meditrix Labs,2520,677.0,2944.0
2026-01-12,2,2026,Tamil Nadu,RESPIRATORY,Airovent,Pulmovia Therapeutics,4717,1605.0,5016.0
2026-01-12,2,2026,maharashtra,  Diabetes  ,Glucotend,Glucera Health,2689,902.0,3196.0
2026-01-12,2,2026,  Delhi  ,diabetes,Metforal,Novanta Pharma,3367,701.0,3919.0
2026-01-12,2,2026,rajasthan,cardiology,Cardivex,Corvyx Pharma,3355,1129.0,3624.0
2026-01-12,2,2026,TN,Diabetes,Metforal,Novanta Pharma,1630,359.0,1901.0
2026-01-12,2,2026,  Rajasthan  ,DIABETES,Glucotend,Glucera Health,3196,1078.0,3981.0
2026-01-12,2,2026,karnataka,Respiratory,Respivan,Aerovant Pharma,3595,962.0,4098.0
2026-01-12,2,2026,Andhra Pradesh,DIABETES,Glucotend,Glucera Health,3252,1021.0,3632.0
2026-01-12,2,2026,KERALA,Cardiology,Cordamet,Meditrix Labs,2064,520.0,2377.0
2026-01-12,2,2026,maharashtra,  Cardiology  ,Cardivex,Corvyx Pharma,5796,1293.0,6923.0
2026-01-12,2,2026,WEST BENGAL,Cardiology,Cardivex,Corvyx Pharma,2443,542.0,2819.0
2026-01-12,2,2026,  Delhi  ,CARDIOLOGY,Cardivex,Corvyx Pharma,2000,697.0,2199.0
2026-01-12,2,2026,W. Bengal,  Diabetes  ,Insulyn,Insulara Biotech,3514,1109.0,3951.0
2026-01-12,2,2026,  Kerala  ,diabetes,Glucotend,Glucera Health,3075,910.0,3558.0
2026-01-12,2,2026,ANDHRA PRADESH,diabetes,Insulyn,Insulara Biotech,2556,605.0,2975.0
2026-01-12,2,2026,karnataka,  Diabetes  ,Glucotend,Glucera Health,4844,989.0,5271.0
2026-01-12,2,2026,telangana,DIABETES,Glucotend,Glucera Health,5195,1136.0,5672.0
2026-01-12,2,2026,delhi,Cardiology,Cardivex,Corvyx Pharma,3736,804.0,4616.0
2026-01-12,2,2026,  Telangana  ,  Diabetes  ,Metforal,Novanta Pharma,5878,1912.0,6695.0
2026-01-12,2,2026,Andhra Pradesh,  Diabetes  ,Metforal,Novanta Pharma,2082,420.0,2303.0
2026-01-12,2,2026,Tamil Nadu,Cardiology,Cordamet,Meditrix Labs,3245,719.0,3893.0
2026-01-12,2,2026,karnataka,  Respiratory  ,Airovent,Pulmovia Therapeutics,2233,731.0,2659.0
2026-01-12,2,2026,MAHARASHTRA,DIABETES,Metforal,Novanta Pharma,3643,966.0,4302.0
2026-01-12,2,2026,WEST BENGAL,  Cardiology  ,Vascolin,Zenova Biosciences,2092,723.0,2397.0
2026-01-12,2,2026,  Rajasthan  ,Cardiology,Vascolin,Zenova Biosciences,4532,1167.0,4891.0
2026-01-12,2,2026,WestBengal,CARDIOLOGY,Vascolin,Zenova Biosciences,5028,1594.0,6072.0
2026-01-12,2,2026,AndhraPradesh,cardiology,Vascolin,Zenova Biosciences,1963,611.0,2344.0
2026-01-12,2,2026,  West Bengal  ,Respiratory,Airovent,Pulmovia Therapeutics,1969,665.0,2315.0
2026-01-12,2,2026,  Telangana  ,  Respiratory  ,Bronchel,Breathex Labs,4410,1419.0,5232.0
2026-01-12,2,2026,RAJASTHAN,Respiratory,Respivan,Aerovant Pharma,1812,373.0,2256.0
2026-01-12,2,2026,  Telangana  ,  Diabetes  ,Glucotend,Glucera Health,1803,574.0,2117.0
2026-01-12,2,2026,Telangana,CARDIOLOGY,Cardivex,Corvyx Pharma,3724,1124.0,4141.0
2026-01-12,2,2026,DELHI,  Respiratory  ,Respivan,Aerovant Pharma,3311,866.0,4058.0
2026-01-12,2,2026,MAHARASHTRA,Respiratory,Respivan,Aerovant Pharma,3606,724.0,3974.0
2026-01-12,2,2026,  Kerala  ,Diabetes,Glucotend,Glucera Health,1703,489.0,1959.0
2026-01-12,2,2026,rajasthan,cardiology,Cordamet,Meditrix Labs,1972,620.0,2297.0
2026-01-12,2,2026,Telangana,respiratory,Bronchel,Breathex Labs,3256,910.0,3565.0
2026-01-12,2,2026,DELHI,DIABETES,Metforal,Novanta Pharma,3014,1046.0,3560.0
2026-01-12,2,2026,Delhi,diabetes,Metforal,Novanta Pharma,1760,361.0,2131.0
2026-01-12,2,2026,  West Bengal  ,  Cardiology  ,Cordamet,Meditrix Labs,4495,1223.0,5235.0
2026-01-12,2,2026,WEST BENGAL,CARDIOLOGY,Vascolin,Zenova Biosciences,3188,836.0,3600.0
2026-01-12,2,2026,West Bengal,Cardiology,Cordamet,Meditrix Labs,4050,844.0,4427.0
2026-01-12,2,2026,W. Bengal,cardiology,Cardivex,Corvyx Pharma,2069,674.0,2280.0
2026-01-12,2,2026,Tamilnadu,Cardiology,Cardivex,Corvyx Pharma,5100,1294.0,5766.0
2026-01-12,2,2026,rajasthan,CARDIOLOGY,Cardivex,Corvyx Pharma,2357,677.0,2883.0
2026-01-12,2,2026,  Andhra Pradesh  ,respiratory,Bronchel,Breathex Labs,4881,1155.0,5715.0
2026-01-12,2,2026,maharashtra,Diabetes,Metforal,Novanta Pharma,2681,650.0,3222.0
2026-01-12,2,2026,  Andhra Pradesh  ,respiratory,Respivan,Aerovant Pharma,4790,1271.0,5208.0
2026-01-12,2,2026,West Bengal,  Cardiology  ,Vascolin,Zenova Biosciences,4549,1158.0,5149.0
2026-01-12,2,2026,Telangana,RESPIRATORY,Airovent,Pulmovia Therapeutics,5669,1234.0,6352.0
2026-01-12,2,2026,RAJASTHAN,respiratory,Airovent,Pulmovia Therapeutics,4356,1062.0,4601.0
2026-01-12,2,2026,KARNATAKA,Diabetes,Metforal,Novanta Pharma,4864,1011.0,5895.0
2026-01-12,2,2026,  Rajasthan  ,CARDIOLOGY,Vascolin,Zenova Biosciences,4750,1193.0,5671.0
2026-01-12,2,2026,DELHI,respiratory,Bronchel,Breathex Labs,2210,580.0,2588.0
2026-01-12,2,2026,,Cardiology,Cardivex,Corvyx Pharma,4091,864.0,4416.0
2026-01-12,2,2026,Delhi,RESPIRATORY,Respivan,Aerovant Pharma,3823,1132.0,4389.0
2026-01-12,2,2026,  Kerala  ,RESPIRATORY,Bronchel,Breathex Labs,4872,1195.0,5645.0
2026-01-12,2,2026,  Gujarat  ,diabetes,Metforal,Novanta Pharma,3328,740.0,3659.0
2026-01-12,2,2026,Gujarat,  Respiratory  ,Airovent,Pulmovia Therapeutics,4414,1400.0,5316.0
2026-01-12,2,2026,  Delhi  ,RESPIRATORY,Bronchel,Breathex Labs,2080,546.0,2569.0
2026-01-12,2,2026,  Tamil Nadu  ,Cardiology,Vascolin,Zenova Biosciences,4650,1241.0,5238.0
2026-01-12,2,2026,  Delhi  ,CARDIOLOGY,Vascolin,Zenova Biosciences,1833,526.0,2041.0
2026-01-12,2,2026,Tamil Nadu,DIABETES,Metforal,Novanta Pharma,2924,754.0,3198.0
2026-01-12,2,2026,  West Bengal  ,Cardiology,Vascolin,Zenova Biosciences,2811,861.0,3445.0
2026-01-12,2,2026,telangana,cardiology,Cordamet,,4065,1266.0,4542.0
2026-01-12,2,2026,west bengal,CARDIOLOGY,Cardivex,Corvyx Pharma,4518,1081.0,4801.0
2026-01-12,2,2026,  Karnataka  ,RESPIRATORY,Respivan,Aerovant Pharma,1732,431.0,1890.0
2026-01-12,2,2026,DELHI,  Diabetes  ,Glucotend,Glucera Health,4477,945.0,5354.0
2026-01-12,2,2026,KERALA,  Cardiology  ,Vascolin,Zenova Biosciences,5297,1233.0,6132.0
2026-01-12,2,2026,RAJASTHAN,Diabetes,Glucotend,Glucera Health,3870,1213.0,4708.0
2026-01-12,2,2026,west bengal,  Cardiology  ,Cardivex,Corvyx Pharma,4720,1322.0,5053.0
2026-01-12,2,2026,  Rajasthan  ,Diabetes,Insulyn,Insulara Biotech,3973,1317.0,4650.0
2026-01-12,2,2026,TELANGANA,respiratory,Airovent,Pulmovia Therapeutics,4744,1613.0,5099.0
2026-01-12,2,2026,  Andhra Pradesh  ,CARDIOLOGY,Cordamet,Meditrix Labs,2608,802.0,3216.0
2026-01-12,2,2026,AndhraPradesh,Diabetes,Metforal,Novanta Pharma,2912,595.0,3186.0
2026-01-12,2,2026,RAJASTHAN,  Respiratory  ,Respivan,Aerovant Pharma,1550,373.0,1733.0
2026-01-12,2,2026,  Tamil Nadu  ,RESPIRATORY,Airovent,Pulmovia Therapeutics,3137,1074.0,3295.0
2026-01-12,2,2026,  Maharashtra  ,DIABETES,Glucotend,Glucera Health,2451,839.0,2772.0
2026-01-12,2,2026,  Maharashtra  ,  Cardiology  ,Cordamet,Meditrix Labs,2884,1008.0,3198.0
2026-01-12,2,2026,Telangana,  Cardiology  ,Vascolin,Zenova Biosciences,3355,786.0,4042.0
2026-01-12,2,2026,Karnatka,  Respiratory  ,Airovent,Pulmovia Therapeutics,5245,1436.0,6346.0
2026-01-12,2,2026,  West Bengal  ,diabetes,Glucotend,Glucera Health,2254,730.0,2578.0
2026-01-12,2,2026,GUJARAT,  Cardiology  ,Cardivex,Corvyx Pharma,5617,1248.0,6106.0
2026-01-12,2,2026,KARNATAKA,Cardiology,Cardivex,Corvyx Pharma,2962,885.0,3145.0
2026-01-12,2,2026,Karnatka,Respiratory,Bronchel,Breathex Labs,4770,983.0,5862.0
2026-01-12,2,2026,Rajasthan,Diabetes,Glucotend,Glucera Health,1581,486.0,1821.0
2026-01-12,2,2026,Andhra Pradesh,CARDIOLOGY,Vascolin,Zenova Biosciences,4134,1442.0,4607.0
2026-01-12,2,2026,gujarat,  Cardiology  ,Vascolin,Zenova Biosciences,4668,1142.0,5474.0
2026-01-12,2,2026,Karnataka ,  Respiratory  ,Respivan,Aerovant Pharma,2537,672.0,2865.0
2026-01-12,2,2026,KARNATAKA,  Diabetes  ,Insulyn,Insulara Biotech,1834,419.0,2034.0
2026-01-12,2,2026,Gujarat,Respiratory,Respivan,Aerovant Pharma,2154,433.0,2601.0
2026-01-12,2,2026,Karnataka,CARDIOLOGY,Cardivex,Corvyx Pharma,4223,1051.0,4510.0
2026-01-12,2,2026,,Respiratory,Respivan,Aerovant Pharma,2296,723.0,2488.0
2026-01-12,2,2026,rajasthan,Diabetes,Metforal,Novanta Pharma,2226,574.0,2432.0
2026-01-12,2,2026,  Rajasthan  ,  Respiratory  ,Bronchel,Breathex Labs,1983,677.0,2444.0
2026-01-12,2,2026,maharashtra,RESPIRATORY,Airovent,Pulmovia Therapeutics,1600,378.0,1793.0
2026-01-12,2,2026,WestBengal,DIABETES,Metforal,Novanta Pharma,2303,688.0,2650.0
2026-01-12,2,2026,Gujarat,cardiology,Cordamet,Meditrix Labs,1825,419.0,2054.0
2026-01-12,2,2026,andhra pradesh,  Respiratory  ,Respivan,Aerovant Pharma,5130,1376.0,5851.0
2026-01-12,2,2026,gujarat,  Respiratory  ,Bronchel,Breathex Labs,2472,550.0,2601.0
2026-01-12,2,2026,WestBengal,Diabetes,Insulyn,Insulara Biotech,2551,792.0,2829.0
2026-01-12,2,2026,WEST BENGAL,Cardiology,Vascolin,Zenova Biosciences,3641,1010.0,3934.0
2026-01-12,2,2026,west bengal,  Respiratory  ,Respivan,Aerovant Pharma,4615,1487.0,5174.0
2026-01-12,2,2026,GUJARAT,DIABETES,Insulyn,Insulara Biotech,4790,1001.0,5928.0
2026-01-12,2,2026,Karnataka ,  Diabetes  ,Glucotend,Glucera Health,5156,1137.0,6414.0
2026-01-12,2,2026,  Gujarat  ,DIABETES,Glucotend,Glucera Health,2079,709.0,2576.0
2026-01-12,2,2026,Kerala,Diabetes,Glucotend,Glucera Health,2859,871.0,3293.0
2026-01-12,2,2026,TAMIL NADU,DIABETES,Insulyn,Insulara Biotech,3893,1213.0,4526.0
2026-01-12,2,2026,rajasthan,  Respiratory  ,Respivan,Aerovant Pharma,3686,1054.0,3984.0
2026-01-12,2,2026,WEST BENGAL,Respiratory,Bronchel,Breathex Labs,2416,561.0,2718.0
2026-01-12,2,2026,Kerala,Cardiology,Cardivex,,2652,879.0,2895.0
2026-01-12,2,2026,RAJASTHAN,CARDIOLOGY,Vascolin,Zenova Biosciences,4778,1652.0,5260.0
2026-01-12,2,2026,KARNATAKA,Respiratory,Airovent,Pulmovia Therapeutics,1510,327.0,1710.0
2026-01-12,2,2026,Delhi,  Cardiology  ,Cordamet,Meditrix Labs,2074,652.0,2357.0
2026-01-12,2,2026,andhra pradesh,respiratory,Airovent,Pulmovia Therapeutics,5389,1778.0,5742.0
2026-01-12,2,2026,maharashtra,respiratory,Bronchel,Breathex Labs,5905,1394.0,7151.0
2026-01-12,2,2026,Andhra Pradesh,  Diabetes  ,Insulyn,Insulara Biotech,5098,1441.0,6055.0
2026-01-12,2,2026,kerala,cardiology,Vascolin,Zenova Biosciences,5222,1205.0,6458.0
2026-01-12,2,2026,telangana,DIABETES,Insulyn,Insulara Biotech,3559,1103.0,4162.0
2026-01-12,2,2026,  Karnataka  ,respiratory,Airovent,Pulmovia Therapeutics,5641,1807.0,6508.0
2026-01-12,2,2026,TN,  Respiratory  ,Bronchel,Breathex Labs,4485,1461.0,5575.0
2026-01-12,2,2026,ANDHRA PRADESH,  Diabetes  ,Metforal,Novanta Pharma,1895,567.0,2109.0
2026-01-12,2,2026,Tamilnadu,  Respiratory  ,Bronchel,Breathex Labs,4507,1444.0,5508.0
2026-01-12,2,2026,  Tamil Nadu  ,respiratory,Respivan,Aerovant Pharma,4203,1105.0,4786.0
2026-01-12,2,2026,karnataka,  Cardiology  ,Cordamet,Meditrix Labs,5816,1655.0,6487.0
2026-01-12,2,2026,rajasthan,DIABETES,Insulyn,Insulara Biotech,4272,1215.0,4545.0
2026-01-12,2,2026,TAMIL NADU,  Diabetes  ,Insulyn,Insulara Biotech,2275,524.0,2764.0
2026-01-12,2,2026,TELANGANA,CARDIOLOGY,Cordamet,Meditrix Labs,5555,1625.0,6568.0
2026-01-12,2,2026,telangana,diabetes,Insulyn,Insulara Biotech,3286,908.0,3615.0
2026-01-12,2,2026,W. Bengal,respiratory,Airovent,Pulmovia Therapeutics,2358,589.0,2823.0
2026-01-12,2,2026,AndhraPradesh,RESPIRATORY,Respivan,Aerovant Pharma,4349,1126.0,4631.0
2026-01-12,2,2026,Karnataka,Diabetes,Glucotend,Glucera Health,1972,618.0,2237.0
2026-01-12,2,2026,Tamil Nadu,Respiratory,Airovent,Pulmovia Therapeutics,4342,1011.0,4822.0
2026-01-12,2,2026,Andhra Pradesh,  Cardiology  ,Cordamet,Meditrix Labs,4570,1402.0,5372.0
2026-01-12,2,2026,RAJASTHAN,  Diabetes  ,Metforal,Novanta Pharma,1953,394.0,2389.0
2026-01-12,2,2026,Karnatka,RESPIRATORY,Bronchel,Breathex Labs,4814,1481.0,5085.0
2026-01-12,2,2026,  Telangana  ,respiratory,Bronchel,Breathex Labs,5254,1766.0,5787.0
2026-01-12,2,2026,  Andhra Pradesh  ,RESPIRATORY,Respivan,Aerovant Pharma,2050,698.0,2242.0
2026-01-12,2,2026,TELANGANA,  Cardiology  ,Cordamet,Meditrix Labs,3713,1116.0,4005.0
2026-01-12,2,2026,Delhi,diabetes,Glucotend,Glucera Health,2001,606.0,2414.0
2026-01-12,2,2026,TN,DIABETES,Glucotend,Glucera Health,3073,1054.0,3753.0
2026-01-12,2,2026,telangana,Cardiology,Cardivex,Corvyx Pharma,2568,737.0,2760.0
2026-01-12,2,2026,GUJARAT,CARDIOLOGY,Vascolin,Zenova Biosciences,3642,1234.0,3873.0
2026-01-12,2,2026,  West Bengal  ,cardiology,Cordamet,Meditrix Labs,4294,1228.0,4807.0
2026-01-12,2,2026,TAMIL NADU,Respiratory,Airovent,Pulmovia Therapeutics,2627,880.0,3007.0
2026-01-12,2,2026,Rajasthan,RESPIRATORY,Respivan,Aerovant Pharma,4540,1146.0,5556.0
2026-01-12,2,2026,  West Bengal  ,respiratory,Respivan,Aerovant Pharma,2932,791.0,3271.0
2026-01-12,2,2026,Karnatka,Cardiology,Cordamet,Meditrix Labs,2537,699.0,3078.0
2026-01-12,2,2026,west bengal,  Diabetes  ,Insulyn,Insulara Biotech,3625,1196.0,4143.0
2026-01-12,2,2026,Karnataka,CARDIOLOGY,Vascolin,Zenova Biosciences,2716,885.0,2918.0
2026-01-12,2,2026,andhra pradesh,  Cardiology  ,Cordamet,Meditrix Labs,4365,1340.0,5023.0
2026-01-12,2,2026,west bengal,RESPIRATORY,Bronchel,Breathex Labs,3144,718.0,3857.0
2026-01-12,2,2026,  Kerala  ,CARDIOLOGY,Cardivex,Corvyx Pharma,5904,1806.0,6388.0
2026-01-12,2,2026,gujarat,Respiratory,Airovent,Pulmovia Therapeutics,1694,443.0,1994.0
2026-01-12,2,2026,KARNATAKA,diabetes,Glucotend,Glucera Health,3527,862.0,4396.0
2026-01-12,2,2026,Maharashtra,Diabetes,Metforal,Novanta Pharma,1551,461.0,1825.0
2026-01-12,2,2026,  Tamil Nadu  ,  Cardiology  ,Cordamet,Meditrix Labs,3730,1129.0,3981.0
2026-01-12,2,2026,  Telangana  ,RESPIRATORY,Airovent,,2134,628.0,2434.0
2026-01-12,2,2026,MAHARASHTRA,RESPIRATORY,Bronchel,Breathex Labs,1606,410.0,1986.0
2026-01-12,2,2026,DELHI,cardiology,Vascolin,Zenova Biosciences,5889,2045.0,7063.0
2026-01-12,2,2026,MAHARASHTRA,respiratory,Bronchel,Breathex Labs,2927,730.0,3531.0
2026-01-12,2,2026,  West Bengal  ,DIABETES,Glucotend,Glucera Health,4996,1411.0,5503.0
2026-01-12,2,2026,telangana,respiratory,Respivan,Aerovant Pharma,5013,1411.0,6085.0
2026-01-12,2,2026,West Bengal,diabetes,Insulyn,Insulara Biotech,5877,1669.0,6656.0
2026-01-12,2,2026,rajasthan,  Respiratory  ,Bronchel,Breathex Labs,5638,1472.0,6561.0
2026-01-12,2,2026,Maharashtra,cardiology,Cardivex,Corvyx Pharma,5020,1481.0,5404.0
2026-01-12,2,2026,Kerala,Respiratory,Bronchel,Breathex Labs,5450,1821.0,5916.0
2026-01-12,2,2026,Telangana,DIABETES,Glucotend,Glucera Health,4100,1269.0,4647.0
2026-01-12,2,2026,Telangana,  Diabetes  ,Insulyn,Insulara Biotech,4689,1224.0,4931.0
2026-01-12,2,2026,Maharashtra,  Diabetes  ,Glucotend,Glucera Health,2344,532.0,2839.0
2026-01-12,2,2026,  Kerala  ,RESPIRATORY,Airovent,Pulmovia Therapeutics,3282,856.0,3904.0
2026-01-12,2,2026,andhra pradesh,  Respiratory  ,Airovent,Pulmovia Therapeutics,3408,725.0,3675.0
2026-01-12,2,2026,RAJASTHAN,diabetes,Glucotend,Glucera Health,5083,1275.0,5919.0
2026-01-12,2,2026,WestBengal,cardiology,Cordamet,Meditrix Labs,5115,1611.0,5451.0
2026-01-12,2,2026,,DIABETES,Glucotend,Glucera Health,3056,840.0,3485.0
2026-01-12,2,2026,GUJARAT,Respiratory,Airovent,Pulmovia Therapeutics,3599,751.0,4451.0
2026-01-12,2,2026,Kerala,  Cardiology  ,Cordamet,Meditrix Labs,3281,1147.0,3572.0
2026-01-12,2,2026,Tamilnadu,Respiratory,Respivan,Aerovant Pharma,2027,529.0,2248.0
2026-01-12,2,2026,Kerala,  Respiratory  ,Bronchel,Breathex Labs,2286,663.0,2435.0
2026-01-12,2,2026,AndhraPradesh,  Respiratory  ,Respivan,Aerovant Pharma,1604,403.0,1720.0
2026-01-12,2,2026,KARNATAKA,DIABETES,Glucotend,Glucera Health,5783,1640.0,6800.0
2026-01-12,2,2026,AndhraPradesh,respiratory,Airovent,Pulmovia Therapeutics,2890,932.0,3553.0
2026-01-12,2,2026,KARNATAKA,CARDIOLOGY,Vascolin,Zenova Biosciences,1939,402.0,2355.0
2026-01-12,2,2026,GUJARAT,Respiratory,Bronchel,Breathex Labs,1579,433.0,1818.0
2026-01-12,2,2026,Kerala,Respiratory,Airovent,Pulmovia Therapeutics,4572,1176.0,5309.0
2026-01-12,2,2026,Karnataka ,Diabetes,Insulyn,Insulara Biotech,3511,1078.0,3782.0
2026-01-12,2,2026,delhi,DIABETES,Glucotend,Glucera Health,2716,932.0,3025.0
2026-01-12,2,2026,Telangana,CARDIOLOGY,Cordamet,Meditrix Labs,5166,1611.0,5850.0
2026-01-12,2,2026,  Gujarat  ,DIABETES,Insulyn,Insulara Biotech,5885,1494.0,6869.0
2026-01-12,2,2026,  Gujarat  ,Diabetes,Glucotend,Glucera Health,5346,1789.0,6174.0
2026-01-12,2,2026,  Telangana  ,Diabetes,Insulyn,Insulara Biotech,3474,1017.0,3740.0
2026-01-12,2,2026,TN,  Respiratory  ,Respivan,Aerovant Pharma,4651,1302.0,4893.0
2026-01-12,2,2026,Telangana,  Respiratory  ,Airovent,,3211,971.0,3453.0
2026-01-12,2,2026,AndhraPradesh,Diabetes,Insulyn,Insulara Biotech,3196,909.0,3545.0
2026-01-12,2,2026,  Maharashtra  ,respiratory,Airovent,Pulmovia Therapeutics,5531,1313.0,5847.0
2026-01-12,2,2026,W. Bengal,Respiratory,Respivan,Aerovant Pharma,4798,1337.0,5182.0
2026-01-12,2,2026,KERALA,CARDIOLOGY,Vascolin,Zenova Biosciences,4409,1462.0,4919.0
2026-01-12,2,2026,  Delhi  ,Respiratory,Bronchel,Breathex Labs,2142,537.0,2336.0
2026-01-12,2,2026,andhra pradesh,DIABETES,Insulyn,Insulara Biotech,3744,841.0,4434.0
2026-01-12,2,2026,GUJARAT,  Diabetes  ,Metforal,Novanta Pharma,3121,677.0,3472.0
2026-01-12,2,2026,MAHARASHTRA,Diabetes,Glucotend,Glucera Health,5667,1423.0,6390.0
2026-01-12,2,2026,ANDHRA PRADESH,Diabetes,Glucotend,,1906,661.0,2115.0
2026-01-12,2,2026,  Gujarat  ,  Cardiology  ,Vascolin,Zenova Biosciences,1511,356.0,1685.0
2026-01-12,2,2026,DELHI,respiratory,Airovent,Pulmovia Therapeutics,3269,947.0,3562.0
2026-01-12,2,2026,Maharashtra,  Respiratory  ,Bronchel,Breathex Labs,4051,1138.0,4542.0
2026-01-12,2,2026,west bengal,cardiology,Vascolin,Zenova Biosciences,5942,1624.0,7213.0
2026-01-12,2,2026,Karnatka,CARDIOLOGY,Cordamet,Meditrix Labs,5089,1772.0,5613.0
2026-01-12,2,2026,  Rajasthan  ,RESPIRATORY,Airovent,Pulmovia Therapeutics,2216,479.0,2502.0
2026-01-12,2,2026,gujarat,diabetes,Metforal,Novanta Pharma,3000,985.0,3196.0
2026-01-12,2,2026,Rajasthan,DIABETES,Metforal,Novanta Pharma,4955,1102.0,5498.0
2026-01-12,2,2026,,CARDIOLOGY,Vascolin,Zenova Biosciences,3292,784.0,3547.0
2026-01-12,2,2026,  Telangana  ,  Cardiology  ,Vascolin,Zenova Biosciences,1753,421.0,2062.0
2026-01-12,2,2026,KERALA,RESPIRATORY,Bronchel,Breathex Labs,3793,851.0,4049.0
2026-01-12,2,2026,RAJASTHAN,Diabetes,Metforal,Novanta Pharma,2143,464.0,2349.0
2026-01-12,2,2026,Tamilnadu,Cardiology,Vascolin,Zenova Biosciences,3184,1019.0,3530.0
2026-01-12,2,2026,Gujarat,cardiology,Vascolin,Zenova Biosciences,5581,1908.0,6217.0
2026-01-12,2,2026,AndhraPradesh,  Diabetes  ,Glucotend,Glucera Health,2646,707.0,3139.0
2026-01-12,2,2026,  Maharashtra  ,Diabetes,Insulyn,Insulara Biotech,2126,593.0,2250.0
2026-01-12,2,2026,ANDHRA PRADESH,Respiratory,Bronchel,Breathex Labs,1922,628.0,2141.0
2026-01-12,2,2026,  Gujarat  ,CARDIOLOGY,Cordamet,Meditrix Labs,5319,1284.0,6538.0
2026-01-12,2,2026,W. Bengal,respiratory,Respivan,Aerovant Pharma,5196,1044.0,6411.0
2026-01-12,2,2026,telangana,Respiratory,Airovent,Pulmovia Therapeutics,5491,1583.0,5860.0
2026-01-12,2,2026,tamil nadu,  Diabetes  ,Metforal,Novanta Pharma,3369,702.0,3667.0
2026-01-12,2,2026,Gujarat,  Cardiology  ,Cardivex,,4721,1514.0,5511.0
2026-01-12,2,2026,MAHARASHTRA,RESPIRATORY,Airovent,Pulmovia Therapeutics,4568,1057.0,5491.0
2026-01-12,2,2026,Andhra Pradesh,RESPIRATORY,Respivan,Aerovant Pharma,1906,479.0,2096.0
2026-01-12,2,2026,  Maharashtra  ,cardiology,Vascolin,Zenova Biosciences,4594,996.0,5036.0
2026-01-12,2,2026,AndhraPradesh,Respiratory,Airovent,Pulmovia Therapeutics,2611,678.0,3202.0
2026-01-12,2,2026,  Kerala  ,respiratory,Bronchel,Breathex Labs,5128,1038.0,6238.0
2026-01-12,2,2026,andhra pradesh,RESPIRATORY,Bronchel,,3091,860.0,3402.0
2026-01-12,2,2026,Karnatka,RESPIRATORY,Airovent,Pulmovia Therapeutics,1555,345.0,1865.0
2026-01-12,2,2026,  Andhra Pradesh  ,  Respiratory  ,Airovent,Pulmovia Therapeutics,3268,731.0,3751.0
2026-01-12,2,2026,  Andhra Pradesh  ,  Diabetes  ,Insulyn,Insulara Biotech,2114,708.0,2484.0
2026-01-12,2,2026,  Tamil Nadu  ,  Diabetes  ,Metforal,Novanta Pharma,2431,763.0,2860.0
2026-01-12,2,2026,  Karnataka  ,cardiology,Cardivex,Corvyx Pharma,5795,1567.0,6657.0
2026-01-12,2,2026,  Tamil Nadu  ,  Respiratory  ,Respivan,Aerovant Pharma,3677,1068.0,4279.0
2026-01-12,2,2026,West Bengal,Diabetes,Insulyn,Insulara Biotech,4026,1347.0,4991.0
2026-01-12,2,2026,Delhi,Cardiology,Vascolin,Zenova Biosciences,1751,505.0,2078.0
2026-01-12,2,2026,Gujarat,  Cardiology  ,Vascolin,Zenova Biosciences,3323,963.0,3729.0
2026-01-12,2,2026,Karnataka ,CARDIOLOGY,Vascolin,Zenova Biosciences,3245,935.0,3464.0
2026-01-12,2,2026,  Gujarat  ,  Diabetes  ,Glucotend,Glucera Health,2938,802.0,3281.0
2026-01-12,2,2026,Kerala,DIABETES,Glucotend,Glucera Health,4167,1176.0,5043.0
2026-01-12,2,2026,west bengal,Respiratory,Bronchel,Breathex Labs,1547,311.0,1861.0
2026-01-12,2,2026,delhi,  Respiratory  ,Bronchel,Breathex Labs,3367,1160.0,4113.0
2026-01-12,2,2026,  Telangana  ,  Diabetes  ,Insulyn,Insulara Biotech,3065,654.0,3549.0
2026-01-12,2,2026,kerala,DIABETES,Insulyn,Insulara Biotech,4188,1146.0,4977.0
2026-01-12,2,2026,Maharashtra,RESPIRATORY,Respivan,Aerovant Pharma,2598,541.0,2964.0
2026-01-12,2,2026,Telangana,Respiratory,Bronchel,Breathex Labs,3106,658.0,3752.0
2026-01-12,2,2026,karnataka,DIABETES,Glucotend,Glucera Health,2452,775.0,2972.0
2026-01-12,2,2026,  West Bengal  ,  Respiratory  ,Bronchel,Breathex Labs,2962,756.0,3310.0
2026-01-12,2,2026,West Bengal,  Diabetes  ,Insulyn,Insulara Biotech,5325,1348.0,6567.0
2026-01-12,2,2026,W. Bengal,Cardiology,Cardivex,Corvyx Pharma,3538,1059.0,3787.0
2026-01-12,2,2026,  Maharashtra  ,CARDIOLOGY,Vascolin,Zenova Biosciences,2999,839.0,3284.0
2026-01-12,2,2026,WestBengal,respiratory,Respivan,Aerovant Pharma,2628,777.0,2903.0
2026-01-12,2,2026,RAJASTHAN,RESPIRATORY,Respivan,Aerovant Pharma,4727,1185.0,5790.0
2026-01-12,2,2026,  Delhi  ,diabetes,Glucotend,Glucera Health,3450,1062.0,3644.0
2026-01-12,2,2026,west bengal,Cardiology,Vascolin,Zenova Biosciences,4414,927.0,5428.0
2026-01-12,2,2026,telangana,respiratory,Bronchel,Breathex Labs,2926,937.0,3560.0
2026-01-12,2,2026,  Karnataka  ,Diabetes,Insulyn,Insulara Biotech,3099,692.0,3447.0
2026-01-12,2,2026,delhi,  Diabetes  ,Insulyn,Insulara Biotech,2784,712.0,3000.0
2026-01-12,2,2026,  Andhra Pradesh  ,  Respiratory  ,Respivan,Aerovant Pharma,4868,1371.0,5112.0
2026-01-12,2,2026,DELHI,Cardiology,Cordamet,Meditrix Labs,4492,1385.0,4994.0
2026-01-12,2,2026,DELHI,diabetes,Glucotend,Glucera Health,2586,547.0,3059.0
2026-01-12,2,2026,  Karnataka  ,Respiratory,Bronchel,,3591,810.0,4025.0
2026-01-12,2,2026,  Gujarat  ,Diabetes,Insulyn,Insulara Biotech,5204,1624.0,6141.0
2026-01-12,2,2026,Maharashtra,CARDIOLOGY,Cordamet,Meditrix Labs,3917,960.0,4225.0
2026-01-12,2,2026,Telangana,Diabetes,Insulyn,Insulara Biotech,4992,1329.0,5410.0
2026-01-12,2,2026,  Maharashtra  ,Cardiology,Vascolin,Zenova Biosciences,4919,1557.0,5873.0
2026-01-12,2,2026,  Andhra Pradesh  ,Diabetes,Insulyn,Insulara Biotech,2931,827.0,3193.0
2026-01-12,2,2026,Karnataka ,  Cardiology  ,Cardivex,Corvyx Pharma,3525,997.0,4070.0
2026-01-12,2,2026,TAMIL NADU,Respiratory,Bronchel,Breathex Labs,2701,940.0,3136.0
2026-01-12,2,2026,DELHI,  Cardiology  ,Cordamet,Meditrix Labs,3036,747.0,3530.0
2026-01-12,2,2026,  Kerala  ,Respiratory,Respivan,Aerovant Pharma,4420,1007.0,4800.0
2026-01-12,2,2026,Rajasthan,CARDIOLOGY,Cardivex,Corvyx Pharma,3118,762.0,3552.0
2026-01-12,2,2026,W. Bengal,  Cardiology  ,Cordamet,Meditrix Labs,3868,995.0,4368.0
2026-01-12,2,2026,  Rajasthan  ,respiratory,Airovent,Pulmovia Therapeutics,4531,1577.0,5479.0
2026-01-12,2,2026,west bengal,Diabetes,Insulyn,Insulara Biotech,2888,963.0,3142.0
2026-01-12,2,2026,,Respiratory,Airovent,Pulmovia Therapeutics,3745,1219.0,4405.0
2026-01-12,2,2026,Andhra Pradesh,  Cardiology  ,Cardivex,Corvyx Pharma,5308,1317.0,6404.0
2026-01-12,2,2026,Karnataka,DIABETES,Metforal,Novanta Pharma,2322,574.0,2449.0
2026-01-12,2,2026,Delhi,cardiology,Vascolin,Zenova Biosciences,5635,1779.0,6098.0
2026-01-12,2,2026,Rajasthan,diabetes,Insulyn,Insulara Biotech,2778,851.0,3356.0
2026-01-12,2,2026,DELHI,CARDIOLOGY,Cardivex,Corvyx Pharma,4150,1055.0,4456.0
2026-01-12,2,2026,Rajasthan,  Cardiology  ,Cordamet,Meditrix Labs,2316,745.0,2628.0
2026-01-12,2,2026,  Telangana  ,respiratory,Airovent,,4361,1482.0,4839.0
2026-01-12,2,2026,  Gujarat  ,cardiology,Cardivex,Corvyx Pharma,4867,1243.0,5614.0
2026-01-12,2,2026,west bengal,respiratory,Respivan,Aerovant Pharma,1571,499.0,1813.0
2026-01-12,2,2026,Karnataka ,  Respiratory  ,Bronchel,Breathex Labs,3321,885.0,3807.0
2026-01-12,2,2026,KARNATAKA,  Respiratory  ,Bronchel,Breathex Labs,1990,481.0,2451.0
2026-01-12,2,2026,Gujarat,Diabetes,Glucotend,Glucera Health,5432,1620.0,6155.0
2026-01-12,2,2026,GUJARAT,cardiology,Vascolin,,5915,1277.0,6263.0
2026-01-12,2,2026,  Gujarat  ,Diabetes,Metforal,Novanta Pharma,3776,1257.0,4467.0
2026-01-12,2,2026,WestBengal,  Respiratory  ,Bronchel,Breathex Labs,5982,1211.0,7270.0
2026-01-12,2,2026,Karnatka,Cardiology,Cardivex,Corvyx Pharma,4233,1104.0,4846.0
2026-01-12,2,2026,telangana,Respiratory,Respivan,Aerovant Pharma,4377,994.0,4699.0
2026-01-12,2,2026,Telangana,  Cardiology  ,Cardivex,Corvyx Pharma,1881,462.0,2347.0
2026-01-12,2,2026,Delhi,respiratory,Airovent,Pulmovia Therapeutics,4406,1451.0,5086.0
2026-01-12,2,2026,Maharashtra,DIABETES,Metforal,Novanta Pharma,3240,854.0,3969.0
2026-01-12,2,2026,TELANGANA,  Respiratory  ,Respivan,Aerovant Pharma,3950,1086.0,4482.0
2026-01-12,2,2026,West Bengal,respiratory,Airovent,Pulmovia Therapeutics,2806,860.0,3101.0
2026-01-12,2,2026,  Delhi  ,cardiology,Cardivex,Corvyx Pharma,2605,695.0,3206.0
2026-01-12,2,2026,GUJARAT,cardiology,Cordamet,Meditrix Labs,3778,881.0,4425.0
2026-01-12,2,2026,DELHI,diabetes,Insulyn,Insulara Biotech,2842,955.0,2995.0
2026-01-12,2,2026,gujarat,RESPIRATORY,Airovent,Pulmovia Therapeutics,3431,1112.0,4018.0
2026-01-12,2,2026,Andhra Pradesh,diabetes,Metforal,Novanta Pharma,3529,1033.0,4195.0
2026-01-12,2,2026,,Cardiology,Vascolin,Zenova Biosciences,2377,604.0,2844.0
2026-01-12,2,2026,KARNATAKA,  Diabetes  ,Metforal,Novanta Pharma,5575,1566.0,6933.0
2026-01-12,2,2026,TAMIL NADU,RESPIRATORY,Airovent,Pulmovia Therapeutics,4523,1578.0,5295.0
2026-01-12,2,2026,AndhraPradesh,cardiology,Cardivex,Corvyx Pharma,5977,1327.0,6449.0
2026-01-12,2,2026,TELANGANA,CARDIOLOGY,Vascolin,Zenova Biosciences,3603,1233.0,3967.0
2026-01-12,2,2026,Rajasthan,Respiratory,Airovent,Pulmovia Therapeutics,5887,1524.0,7058.0
2026-01-12,2,2026,WestBengal,CARDIOLOGY,Cardivex,Corvyx Pharma,5247,1091.0,6313.0
2026-01-12,2,2026,  Telangana  ,  Cardiology  ,Cordamet,Meditrix Labs,5657,1289.0,7016.0
2026-01-12,2,2026,gujarat,  Diabetes  ,Metforal,Novanta Pharma,5844,1313.0,6803.0
2026-01-12,2,2026,delhi,DIABETES,Metforal,Novanta Pharma,2808,879.0,3361.0
2026-01-12,2,2026,kerala,RESPIRATORY,Bronchel,Breathex Labs,2306,470.0,2796.0
2026-01-12,2,2026,Karnataka,  Diabetes  ,Insulyn,Insulara Biotech,1716,499.0,1988.0
2026-01-12,2,2026,andhra pradesh,Respiratory,Airovent,Pulmovia Therapeutics,5446,1128.0,6009.0
2026-01-12,2,2026,  West Bengal  ,cardiology,Cardivex,Corvyx Pharma,1856,525.0,2240.0
2026-01-12,2,2026,  Karnataka  ,cardiology,Cordamet,Meditrix Labs,5004,1089.0,5973.0
2026-01-12,2,2026,rajasthan,Diabetes,Insulyn,Insulara Biotech,3757,914.0,3998.0
2026-01-12,2,2026,telangana,RESPIRATORY,Respivan,Aerovant Pharma,5456,1902.0,6138.0
2026-01-12,2,2026,rajasthan,Cardiology,Cordamet,Meditrix Labs,3584,759.0,3998.0
2026-01-12,2,2026,Kerala,CARDIOLOGY,Cordamet,Meditrix Labs,3629,1099.0,3887.0
2026-01-12,2,2026,TN,Diabetes,Glucotend,Glucera Health,5839,1836.0,6873.0
2026-01-12,2,2026,Gujarat,  Cardiology  ,Cordamet,Meditrix Labs,2983,833.0,3452.0
2026-01-12,2,2026,AndhraPradesh,DIABETES,Insulyn,Insulara Biotech,2043,518.0,2511.0
2026-01-12,2,2026,karnataka,diabetes,Glucotend,Glucera Health,2895,612.0,3503.0
2026-01-12,2,2026,ANDHRA PRADESH,Cardiology,Cordamet,Meditrix Labs,5857,1437.0,6394.0
2026-01-12,2,2026,West Bengal,  Respiratory  ,Bronchel,Breathex Labs,4251,1058.0,4639.0
2026-01-12,2,2026,AndhraPradesh,Cardiology,Vascolin,Zenova Biosciences,5897,1957.0,7117.0
2026-01-12,2,2026,GUJARAT,  Respiratory  ,Bronchel,Breathex Labs,2139,601.0,2413.0
2026-01-12,2,2026,kerala,  Diabetes  ,Insulyn,Insulara Biotech,3224,981.0,3595.0
2026-01-12,2,2026,Karnatka,  Diabetes  ,Metforal,Novanta Pharma,4378,1095.0,4598.0
2026-01-12,2,2026,  Rajasthan  ,cardiology,Cardivex,Corvyx Pharma,5500,1860.0,5826.0
2026-01-12,2,2026,andhra pradesh,diabetes,Metforal,Novanta Pharma,1566,505.0,1701.0
2026-01-12,2,2026,  Rajasthan  ,  Diabetes  ,Metforal,Novanta Pharma,2597,771.0,2893.0
2026-01-12,2,2026,Tamil Nadu,  Diabetes  ,Metforal,Novanta Pharma,5747,1352.0,6835.0
2026-01-12,2,2026,TAMIL NADU,Cardiology,Vascolin,Zenova Biosciences,4570,1494.0,4947.0
2026-01-12,2,2026,MAHARASHTRA,CARDIOLOGY,Cardivex,Corvyx Pharma,4406,1409.0,5311.0
2026-01-12,2,2026,TELANGANA,diabetes,Glucotend,Glucera Health,3661,954.0,4526.0
2026-01-12,2,2026,ANDHRA PRADESH,Cardiology,Vascolin,Zenova Biosciences,4325,883.0,5080.0
2026-01-12,2,2026,WestBengal,CARDIOLOGY,Cordamet,Meditrix Labs,1977,667.0,2106.0
2026-01-12,2,2026,Karnatka,  Respiratory  ,Respivan,Aerovant Pharma,4735,1486.0,5494.0
2026-01-12,2,2026,Delhi,  Diabetes  ,Insulyn,Insulara Biotech,3033,798.0,3486.0
2026-01-12,2,2026,MAHARASHTRA,Respiratory,Airovent,Pulmovia Therapeutics,5345,1114.0,5623.0
2026-01-12,2,2026,WEST BENGAL,DIABETES,Metforal,Novanta Pharma,4371,1061.0,4968.0
2026-01-12,2,2026,Delhi,RESPIRATORY,Airovent,Pulmovia Therapeutics,4424,1254.0,5474.0
2026-01-12,2,2026,Karnataka,Cardiology,Cordamet,Meditrix Labs,5239,1345.0,5851.0
2026-01-12,2,2026,WEST BENGAL,cardiology,Vascolin,Zenova Biosciences,1547,426.0,1813.0
2026-01-12,2,2026,WestBengal,Diabetes,Metforal,Novanta Pharma,4854,1574.0,5577.0
2026-01-12,2,2026,Karnatka,  Cardiology  ,Vascolin,Zenova Biosciences,2470,551.0,2814.0
2026-01-12,2,2026,WEST BENGAL,  Respiratory  ,Airovent,Pulmovia Therapeutics,2471,826.0,2649.0
2026-01-12,2,2026,  Tamil Nadu  ,cardiology,Vascolin,Zenova Biosciences,5419,1337.0,5942.0
2026-01-12,2,2026,  West Bengal  ,  Diabetes  ,Glucotend,Glucera Health,5442,1601.0,6360.0
2026-01-12,2,2026,KARNATAKA,cardiology,Vascolin,Zenova Biosciences,4047,1051.0,5036.0
2026-01-12,2,2026,West Bengal,diabetes,Metforal,Novanta Pharma,1890,431.0,2199.0
2026-01-12,2,2026,,RESPIRATORY,Airovent,Pulmovia Therapeutics,4571,1430.0,5095.0
2026-01-12,2,2026,GUJARAT,respiratory,Respivan,Aerovant Pharma,4887,1447.0,5680.0
2026-01-12,2,2026,DELHI,cardiology,Cordamet,Meditrix Labs,2285,623.0,2706.0
2026-01-12,2,2026,Karnatka,  Diabetes  ,Insulyn,Insulara Biotech,4344,1391.0,4596.0
2026-01-12,2,2026,andhra pradesh,Diabetes,Insulyn,Insulara Biotech,2636,875.0,3209.0
2026-01-12,2,2026,Tamilnadu,CARDIOLOGY,Cardivex,Corvyx Pharma,1603,381.0,1985.0
2026-01-12,2,2026,Rajasthan,cardiology,Cardivex,Corvyx Pharma,4510,1192.0,5346.0
2026-01-12,2,2026,tamil nadu,Respiratory,Respivan,Aerovant Pharma,3633,1167.0,4221.0
2026-01-12,2,2026,Tamil Ndu,Diabetes,Insulyn,Insulara Biotech,1782,436.0,2057.0
2026-01-12,2,2026,,  Respiratory  ,Airovent,Pulmovia Therapeutics,4052,1323.0,4748.0
2026-01-12,2,2026,tamil nadu,Cardiology,Vascolin,Zenova Biosciences,2360,628.0,2563.0
2026-01-12,2,2026,gujarat,diabetes,Glucotend,Glucera Health,4793,1310.0,5303.0
2026-01-12,2,2026,WestBengal,Cardiology,Vascolin,Zenova Biosciences,2565,570.0,3164.0
2026-01-12,2,2026,GUJARAT,  Respiratory  ,Airovent,Pulmovia Therapeutics,2454,589.0,2911.0
2026-01-12,2,2026,tamil nadu,  Respiratory  ,Respivan,Aerovant Pharma,3675,1005.0,4124.0
2026-01-12,2,2026,WEST BENGAL,diabetes,Insulyn,Insulara Biotech,3108,710.0,3870.0
2026-01-12,2,2026,Telangana,respiratory,Respivan,Aerovant Pharma,3117,893.0,3434.0
2026-01-12,2,2026,MAHARASHTRA,diabetes,Metforal,Novanta Pharma,5189,1672.0,5901.0
2026-01-12,2,2026,RAJASTHAN,  Diabetes  ,Insulyn,Insulara Biotech,3147,808.0,3332.0
2026-01-12,2,2026,gujarat,CARDIOLOGY,Cardivex,Corvyx Pharma,2232,746.0,2363.0
2026-01-12,2,2026,Karnataka,RESPIRATORY,Airovent,Pulmovia Therapeutics,3856,963.0,4802.0
2026-01-12,2,2026,Maharashtra,Respiratory,Airovent,,4280,1214.0,4774.0
2026-01-12,2,2026,WestBengal,Respiratory,Bronchel,Breathex Labs,4654,1179.0,5143.0
2026-01-12,2,2026,  Delhi  ,cardiology,Vascolin,Zenova Biosciences,2929,836.0,3149.0
2026-01-12,2,2026,AndhraPradesh,  Respiratory  ,Airovent,Pulmovia Therapeutics,2001,627.0,2267.0
2026-01-12,2,2026,delhi,cardiology,Cardivex,Corvyx Pharma,2548,689.0,3180.0
2026-01-12,2,2026,  Telangana  ,CARDIOLOGY,Cordamet,Meditrix Labs,4314,961.0,4635.0
2026-01-12,2,2026,KERALA,RESPIRATORY,Respivan,Aerovant Pharma,1916,526.0,2038.0
2026-01-12,2,2026,ANDHRA PRADESH,DIABETES,Glucotend,Glucera Health,4169,1120.0,4554.0
2026-01-12,2,2026,  Telangana  ,CARDIOLOGY,Vascolin,Zenova Biosciences,1992,428.0,2276.0
2026-01-12,2,2026,  Andhra Pradesh  ,  Diabetes  ,Metforal,Novanta Pharma,2459,778.0,2747.0
2026-01-12,2,2026,W. Bengal,DIABETES,Glucotend,Glucera Health,4012,1091.0,4751.0
2026-01-12,2,2026,WEST BENGAL,Cardiology,Vascolin,,5133,1681.0,5713.0
2026-01-12,2,2026,Karnataka ,Diabetes,Metforal,Novanta Pharma,2236,598.0,2583.0
2026-01-12,2,2026,Tamilnadu,diabetes,Metforal,Novanta Pharma,2824,849.0,3265.0
2026-01-12,2,2026,,RESPIRATORY,Bronchel,Breathex Labs,2973,990.0,3433.0
2026-01-12,2,2026,  Delhi  ,  Cardiology  ,Cardivex,Corvyx Pharma,2245,609.0,2744.0
2026-01-12,2,2026,gujarat,CARDIOLOGY,Cordamet,Meditrix Labs,1881,402.0,2094.0
2026-01-12,2,2026,  Maharashtra  ,Respiratory,Bronchel,Breathex Labs,4279,1170.0,4825.0
2026-01-12,2,2026,telangana,  Respiratory  ,Airovent,Pulmovia Therapeutics,2523,834.0,2776.0
2026-01-12,2,2026,DELHI,DIABETES,Insulyn,Insulara Biotech,2044,441.0,2430.0
2026-01-12,2,2026,  Karnataka  ,CARDIOLOGY,Cardivex,,3063,731.0,3437.0
2026-01-12,2,2026,ANDHRA PRADESH,  Diabetes  ,Insulyn,Insulara Biotech,5242,1679.0,6475.0
2026-01-12,2,2026,Telangana,cardiology,Cardivex,,2727,866.0,3172.0
2026-01-12,2,2026,GUJARAT,Diabetes,Insulyn,Insulara Biotech,4416,1082.0,4778.0
2026-01-12,2,2026,karnataka,Cardiology,Cordamet,Meditrix Labs,5004,1212.0,5889.0
2026-01-12,2,2026,  Karnataka  ,Respiratory,Respivan,,4122,1016.0,4500.0
2026-01-12,2,2026,telangana,CARDIOLOGY,Cardivex,Corvyx Pharma,3186,1081.0,3951.0
2026-01-12,2,2026,telangana,  Respiratory  ,Bronchel,Breathex Labs,2526,509.0,3008.0
2026-01-12,2,2026,west bengal,respiratory,Airovent,Pulmovia Therapeutics,4284,865.0,4990.0
2026-01-12,2,2026,maharashtra,  Cardiology  ,Vascolin,Zenova Biosciences,2820,727.0,3069.0
2026-01-12,2,2026,Tamil Nadu,  Diabetes  ,Glucotend,Glucera Health,1914,595.0,2215.0
2026-01-12,2,2026,Maharashtra,  Cardiology  ,Vascolin,Zenova Biosciences,1879,397.0,2153.0
2026-01-12,2,2026,  Andhra Pradesh  ,  Cardiology  ,Vascolin,Zenova Biosciences,5001,1301.0,5950.0
2026-01-12,2,2026,Delhi,  Respiratory  ,Airovent,Pulmovia Therapeutics,2739,642.0,3243.0
2026-01-12,2,2026,maharashtra,cardiology,Cordamet,Meditrix Labs,5540,1794.0,6103.0
2026-01-12,2,2026,Delhi,DIABETES,Insulyn,Insulara Biotech,4138,1364.0,4457.0
2026-01-12,2,2026,karnataka,Cardiology,Cardivex,Corvyx Pharma,4040,1107.0,4814.0
2026-01-12,2,2026,gujarat,  Cardiology  ,Cordamet,,1645,427.0,1908.0
2026-01-12,2,2026,Rajasthan,cardiology,Cordamet,Meditrix Labs,1670,486.0,1882.0
2026-01-12,2,2026,ANDHRA PRADESH,CARDIOLOGY,Cardivex,Corvyx Pharma,5619,1718.0,6154.0
2026-01-12,2,2026,  Telangana  ,respiratory,Respivan,Aerovant Pharma,3599,799.0,4472.0
2026-01-12,2,2026,TN,Respiratory,Respivan,Aerovant Pharma,5650,1850.0,6575.0
2026-01-12,2,2026,  West Bengal  ,CARDIOLOGY,Cardivex,Corvyx Pharma,4002,1092.0,4290.0
2026-01-12,2,2026,karnataka,RESPIRATORY,Airovent,Pulmovia Therapeutics,4406,1455.0,5063.0
2026-01-12,2,2026,karnataka,  Respiratory  ,Respivan,Aerovant Pharma,2941,831.0,3472.0
2026-01-12,2,2026,Andhra Pradesh,RESPIRATORY,Airovent,Pulmovia Therapeutics,5475,1895.0,6085.0
2026-01-12,2,2026,kerala,diabetes,Insulyn,Insulara Biotech,4742,1619.0,5413.0
2026-01-12,2,2026,  Rajasthan  ,  Respiratory  ,Respivan,Aerovant Pharma,1563,406.0,1760.0
2026-01-12,2,2026,MAHARASHTRA,cardiology,Cardivex,Corvyx Pharma,4724,1320.0,5313.0
2026-01-12,2,2026,Andhra Pradesh,Respiratory,Respivan,Aerovant Pharma,2431,635.0,2579.0
2026-01-12,2,2026,Rajasthan,cardiology,Vascolin,Zenova Biosciences,5736,1186.0,6310.0
2026-01-12,2,2026,Tamil Nadu,Respiratory,Airovent,,4862,1120.0,5527.0
2026-01-12,2,2026,  Karnataka  ,  Diabetes  ,Metforal,Novanta Pharma,5763,1586.0,6808.0
2026-01-12,2,2026,Kerala,  Diabetes  ,Glucotend,Glucera Health,4326,1086.0,4590.0
2026-01-12,2,2026,  Telangana  ,DIABETES,Insulyn,Insulara Biotech,3483,822.0,3865.0
2026-01-12,2,2026,  Kerala  ,Diabetes,Metforal,Novanta Pharma,3435,1177.0,4045.0
2026-01-12,2,2026,Karnatka,respiratory,Bronchel,,4192,929.0,4751.0
2026-01-12,2,2026,ANDHRA PRADESH,diabetes,Metforal,Novanta Pharma,3732,967.0,4184.0
2026-01-12,2,2026,rajasthan,respiratory,Respivan,Aerovant Pharma,2630,775.0,3216.0
2026-01-12,2,2026,KARNATAKA,cardiology,Cardivex,Corvyx Pharma,4301,1286.0,4787.0
2026-01-12,2,2026,andhra pradesh,respiratory,Bronchel,Breathex Labs,2634,763.0,2828.0
2026-01-12,2,2026,  Maharashtra  ,RESPIRATORY,Bronchel,Breathex Labs,2209,448.0,2540.0
2026-01-12,2,2026,  Kerala  ,  Cardiology  ,Vascolin,Zenova Biosciences,5610,1159.0,5893.0
2026-01-12,2,2026,gujarat,Cardiology,Cordamet,Meditrix Labs,4393,919.0,5358.0
2026-01-12,2,2026,WEST BENGAL,cardiology,Cardivex,Corvyx Pharma,5132,1672.0,5582.0
2026-01-12,2,2026,GUJARAT,cardiology,Cardivex,Corvyx Pharma,5609,1148.0,6158.0
2026-01-12,2,2026,GUJARAT,RESPIRATORY,Bronchel,Breathex Labs,4020,1149.0,4941.0
2026-01-12,2,2026,WEST BENGAL,RESPIRATORY,Bronchel,Breathex Labs,4814,1444.0,5702.0
2026-01-12,2,2026,andhra pradesh,  Diabetes  ,Metforal,Novanta Pharma,2852,755.0,3248.0
2026-01-12,2,2026,Tamil Nadu,CARDIOLOGY,Cardivex,Corvyx Pharma,4543,1104.0,4858.0
2026-01-12,2,2026,WestBengal,cardiology,Vascolin,Zenova Biosciences,4061,1116.0,4332.0
2026-01-12,2,2026,  Gujarat  ,respiratory,Respivan,Aerovant Pharma,3972,1164.0,4328.0
2026-01-12,2,2026,West Bengal,  Diabetes  ,Glucotend,Glucera Health,1886,537.0,2127.0
2026-01-12,2,2026,  Kerala  ,Respiratory,Airovent,Pulmovia Therapeutics,1574,412.0,1683.0
2026-01-12,2,2026,rajasthan,  Diabetes  ,Glucotend,Glucera Health,3668,1073.0,3928.0
2026-01-12,2,2026,andhra pradesh,diabetes,Insulyn,Insulara Biotech,3225,906.0,3686.0
2026-01-12,2,2026,gujarat,DIABETES,Metforal,Novanta Pharma,3514,769.0,4320.0
2026-01-12,2,2026,TELANGANA,respiratory,Respivan,Aerovant Pharma,4227,917.0,4610.0
2026-01-12,2,2026,andhra pradesh,cardiology,Cordamet,Meditrix Labs,4827,1590.0,5298.0
2026-01-12,2,2026,  Karnataka  ,  Cardiology  ,Cardivex,Corvyx Pharma,4111,978.0,4405.0
2026-01-12,2,2026,  Tamil Nadu  ,  Cardiology  ,Cardivex,Corvyx Pharma,1585,460.0,1892.0
2026-01-12,2,2026,TAMIL NADU,  Diabetes  ,Metforal,Novanta Pharma,1796,475.0,1967.0
2026-01-12,2,2026,Rajasthan,  Respiratory  ,Bronchel,Breathex Labs,4973,1514.0,5752.0
2026-01-12,2,2026,Rajasthan,respiratory,Respivan,Aerovant Pharma,4874,997.0,5628.0
2026-01-12,2,2026,Kerala,  Diabetes  ,Insulyn,Insulara Biotech,4430,1153.0,5347.0
2026-01-12,2,2026,  Tamil Nadu  ,RESPIRATORY,Respivan,Aerovant Pharma,5312,1417.0,6627.0
2026-01-12,2,2026,TELANGANA,Cardiology,Cordamet,Meditrix Labs,3423,883.0,4107.0
2026-01-12,2,2026,W. Bengal,  Cardiology  ,Vascolin,Zenova Biosciences,2403,549.0,2910.0
2026-01-12,2,2026,andhra pradesh,CARDIOLOGY,Vascolin,Zenova Biosciences,5637,1732.0,6953.0
2026-01-12,2,2026,  Tamil Nadu  ,DIABETES,Glucotend,Glucera Health,4726,1316.0,4963.0
2026-01-12,2,2026,Karnataka,Diabetes,Metforal,Novanta Pharma,4561,1057.0,5096.0
2026-01-12,2,2026,,Cardiology,Cordamet,Meditrix Labs,4660,1477.0,5087.0
2026-01-12,2,2026,Maharashtra,DIABETES,Glucotend,Glucera Health,2956,633.0,3586.0
2026-01-12,2,2026,Kerala,respiratory,Bronchel,Breathex Labs,4312,1209.0,4600.0
2026-01-12,2,2026,Andhra Pradesh,  Diabetes  ,Glucotend,Glucera Health,4226,1374.0,5108.0
2026-01-12,2,2026,Karnataka,  Respiratory  ,Airovent,Pulmovia Therapeutics,2636,833.0,2922.0
2026-01-12,2,2026,  West Bengal  ,  Respiratory  ,Airovent,Pulmovia Therapeutics,2656,600.0,3068.0
2026-01-12,2,2026,tamil nadu,cardiology,Cordamet,Meditrix Labs,2670,718.0,2966.0
2026-01-12,2,2026,  Rajasthan  ,Diabetes,Metforal,Novanta Pharma,3925,1081.0,4761.0
2026-01-12,2,2026,Telangana,RESPIRATORY,Respivan,Aerovant Pharma,5232,1625.0,5642.0
2026-01-12,2,2026,AndhraPradesh,  Respiratory  ,Bronchel,Breathex Labs,4143,1312.0,5086.0
2026-01-12,2,2026,telangana,diabetes,Metforal,Novanta Pharma,2468,636.0,2987.0
2026-01-12,2,2026,Maharashtra,  Cardiology  ,Cardivex,Corvyx Pharma,4040,940.0,4669.0
2026-01-12,2,2026,RAJASTHAN,respiratory,Respivan,Aerovant Pharma,5888,1636.0,6422.0
2026-01-12,2,2026,TN,diabetes,Insulyn,Insulara Biotech,4933,1277.0,5627.0
2026-01-12,2,2026,KERALA,DIABETES,Metforal,Novanta Pharma,3036,891.0,3670.0
2026-01-12,2,2026,DELHI,Cardiology,Cardivex,Corvyx Pharma,2837,789.0,3356.0
2026-01-12,2,2026,Gujarat,Diabetes,Metforal,Novanta Pharma,4123,1145.0,4430.0
2026-01-12,2,2026,W. Bengal,diabetes,Glucotend,Glucera Health,3607,995.0,4446.0
2026-01-12,2,2026,Tamil Nadu,  Respiratory  ,Respivan,Aerovant Pharma,2016,499.0,2243.0
2026-01-12,2,2026,rajasthan,DIABETES,Glucotend,Glucera Health,5431,1570.0,6069.0
2026-01-12,2,2026,WestBengal,Respiratory,Airovent,Pulmovia Therapeutics,5587,1689.0,6065.0
2026-01-12,2,2026,Tamil Nadu,respiratory,Respivan,Aerovant Pharma,1601,397.0,1872.0
2026-01-12,2,2026,WEST BENGAL,  Diabetes  ,Glucotend,Glucera Health,3916,985.0,4329.0
2026-01-12,2,2026,Rajasthan,diabetes,Glucotend,Glucera Health,5338,1681.0,6394.0
2026-01-12,2,2026,Karnataka,  Cardiology  ,Vascolin,Zenova Biosciences,5402,1797.0,6204.0
2026-01-12,2,2026,MAHARASHTRA,RESPIRATORY,Respivan,Aerovant Pharma,3160,879.0,3486.0
2026-01-12,2,2026,  Karnataka  ,RESPIRATORY,Bronchel,Breathex Labs,5183,1253.0,5502.0
2026-01-12,2,2026,Tamil Ndu,  Respiratory  ,Bronchel,Breathex Labs,4118,986.0,5139.0
2026-01-12,2,2026,  Karnataka  ,  Cardiology  ,Vascolin,,4673,1033.0,4998.0
2026-01-12,2,2026,W. Bengal,respiratory,Bronchel,Breathex Labs,2773,950.0,3055.0
2026-01-12,2,2026,delhi,RESPIRATORY,Bronchel,Breathex Labs,4846,1114.0,5240.0
2026-01-12,2,2026,Maharashtra,diabetes,Glucotend,,5648,1830.0,5995.0
2026-01-12,2,2026,tamil nadu,diabetes,Insulyn,Insulara Biotech,1596,460.0,1835.0
2026-01-12,2,2026,WEST BENGAL,  Respiratory  ,Respivan,Aerovant Pharma,2699,822.0,2991.0
2026-01-12,2,2026,Gujarat,Diabetes,Insulyn,Insulara Biotech,4638,1424.0,4919.0
2026-01-12,2,2026,west bengal,Diabetes,Metforal,Novanta Pharma,2668,671.0,3111.0
2026-01-12,2,2026,KARNATAKA,Respiratory,Bronchel,Breathex Labs,2499,689.0,2851.0
2026-01-12,2,2026,maharashtra,Respiratory,Respivan,Aerovant Pharma,4660,1472.0,5440.0
2026-01-12,2,2026,Tamilnadu,cardiology,Vascolin,Zenova Biosciences,5495,1669.0,6325.0
2026-01-12,2,2026,Telangana,CARDIOLOGY,Vascolin,Zenova Biosciences,3361,793.0,3730.0
2026-01-12,2,2026,  Gujarat  ,Cardiology,Cordamet,Meditrix Labs,5910,1919.0,7348.0
2026-01-12,2,2026,Maharashtra,diabetes,Insulyn,Insulara Biotech,4982,1451.0,5270.0
2026-01-12,2,2026,  Delhi  ,RESPIRATORY,Respivan,Aerovant Pharma,2191,531.0,2334.0
2026-01-12,2,2026,Karnatka,CARDIOLOGY,Vascolin,Zenova Biosciences,1863,418.0,1989.0
2026-01-12,2,2026,TAMIL NADU,cardiology,Cordamet,Meditrix Labs,3627,955.0,4282.0
2026-01-12,2,2026,andhra pradesh,cardiology,Vascolin,Zenova Biosciences,4969,1486.0,5446.0
2026-01-12,2,2026,TN,  Cardiology  ,Vascolin,Zenova Biosciences,2054,677.0,2343.0
2026-01-12,2,2026,MAHARASHTRA,DIABETES,Insulyn,,1949,477.0,2295.0
2026-01-12,2,2026,KARNATAKA,respiratory,Respivan,Aerovant Pharma,4874,1291.0,5786.0
2026-01-12,2,2026,GUJARAT,DIABETES,Glucotend,Glucera Health,2365,736.0,2657.0
2026-01-12,2,2026,gujarat,respiratory,Respivan,Aerovant Pharma,4387,1486.0,5425.0
2026-01-12,2,2026,  Karnataka  ,RESPIRATORY,Airovent,Pulmovia Therapeutics,5331,1194.0,6065.0
2026-01-12,2,2026,Karnatka,Cardiology,Vascolin,Zenova Biosciences,4203,1444.0,5152.0
2026-01-12,2,2026,TAMIL NADU,  Respiratory  ,Airovent,Pulmovia Therapeutics,3161,796.0,3605.0
2026-01-12,2,2026,Tamilnadu,  Cardiology  ,Vascolin,Zenova Biosciences,4501,1210.0,4904.0
2026-01-12,2,2026,Kerala,RESPIRATORY,Airovent,Pulmovia Therapeutics,3657,1250.0,3909.0
2026-01-12,2,2026,maharashtra,CARDIOLOGY,Cardivex,Corvyx Pharma,1587,375.0,1789.0
2026-01-12,2,2026,  Rajasthan  ,Cardiology,Cordamet,Meditrix Labs,2860,634.0,3206.0
2026-01-12,2,2026,Karnataka ,RESPIRATORY,Bronchel,,4172,1037.0,4612.0
2026-01-12,2,2026,TN,respiratory,Respivan,Aerovant Pharma,2408,779.0,2547.0
2026-01-12,2,2026,RAJASTHAN,Cardiology,Cardivex,Corvyx Pharma,3561,1184.0,4178.0
2026-01-12,2,2026,  Maharashtra  ,diabetes,Glucotend,,1518,501.0,1738.0
2026-01-12,2,2026,  Telangana  ,Diabetes,Glucotend,Glucera Health,2451,824.0,2878.0
2026-01-12,2,2026,GUJARAT,diabetes,Insulyn,Insulara Biotech,1772,361.0,2109.0
2026-01-12,2,2026,ANDHRA PRADESH,RESPIRATORY,Airovent,Pulmovia Therapeutics,2900,926.0,3075.0
2026-01-12,2,2026,TELANGANA,Diabetes,Glucotend,Glucera Health,5833,1529.0,6809.0
2026-01-12,2,2026,rajasthan,CARDIOLOGY,Vascolin,Zenova Biosciences,3466,1014.0,4068.0
2026-01-12,2,2026,TELANGANA,DIABETES,Glucotend,Glucera Health,2452,551.0,2762.0
2026-01-12,2,2026,  Delhi  ,  Respiratory  ,Airovent,Pulmovia Therapeutics,5558,1307.0,6671.0
2026-01-12,2,2026,KERALA,DIABETES,Insulyn,Insulara Biotech,4603,996.0,4993.0
2026-01-12,2,2026,Karnataka,CARDIOLOGY,Cordamet,Meditrix Labs,2064,490.0,2357.0
2026-01-12,2,2026,Karnataka,cardiology,Vascolin,Zenova Biosciences,3028,758.0,3261.0
2026-01-12,2,2026,telangana,DIABETES,Metforal,Novanta Pharma,5168,1066.0,5995.0
2026-01-12,2,2026,  Tamil Nadu  ,DIABETES,Insulyn,Insulara Biotech,3235,691.0,3502.0
2026-01-12,2,2026,Tamil Nadu,diabetes,Metforal,Novanta Pharma,1658,419.0,1859.0
2026-01-12,2,2026,Rajasthan,DIABETES,Glucotend,Glucera Health,1510,308.0,1702.0
2026-01-12,2,2026,W. Bengal,  Respiratory  ,Bronchel,Breathex Labs,4411,991.0,5512.0
2026-01-12,2,2026,Telangana,Cardiology,Cardivex,Corvyx Pharma,5140,1479.0,6119.0
2026-01-12,2,2026,Rajasthan,  Cardiology  ,Vascolin,Zenova Biosciences,2008,423.0,2264.0
2026-01-12,2,2026,  Maharashtra  ,DIABETES,Metforal,Novanta Pharma,4542,1520.0,5115.0
2026-01-12,2,2026,  Maharashtra  ,RESPIRATORY,Respivan,Aerovant Pharma,4873,1070.0,5874.0
2026-01-12,2,2026,tamil nadu,DIABETES,Insulyn,Insulara Biotech,3725,771.0,4588.0
2026-01-12,2,2026,,cardiology,Cordamet,Meditrix Labs,4165,985.0,4921.0
2026-01-12,2,2026,Rajasthan,RESPIRATORY,Airovent,Pulmovia Therapeutics,4703,1325.0,5609.0
2026-01-12,2,2026,West Bengal,respiratory,Bronchel,Breathex Labs,5881,1879.0,6551.0
2026-01-12,2,2026,  Maharashtra  ,Cardiology,Cordamet,,3169,913.0,3536.0
2026-01-12,2,2026,Tamil Ndu,CARDIOLOGY,Cardivex,Corvyx Pharma,5518,1668.0,6855.0
2026-01-12,2,2026,WEST BENGAL,DIABETES,Glucotend,Glucera Health,2163,445.0,2343.0
2026-01-12,2,2026,  Rajasthan  ,  Diabetes  ,Glucotend,Glucera Health,5108,1094.0,5563.0
2026-01-12,2,2026,Tamil Ndu,DIABETES,Glucotend,Glucera Health,2368,677.0,2856.0
2026-01-12,2,2026,DELHI,diabetes,Metforal,Novanta Pharma,1625,382.0,1716.0
2026-01-12,2,2026,KERALA,Respiratory,Airovent,Pulmovia Therapeutics,5550,1319.0,6659.0
2026-01-12,2,2026,  Karnataka  ,diabetes,Insulyn,Insulara Biotech,3283,1010.0,3898.0
2026-01-12,2,2026,  Tamil Nadu  ,respiratory,Bronchel,Breathex Labs,2890,910.0,3563.0
2026-01-12,2,2026,,Respiratory,Bronchel,Breathex Labs,2555,677.0,2900.0
2026-01-12,2,2026,Karnataka ,respiratory,Bronchel,Breathex Labs,2260,652.0,2411.0
2026-01-12,2,2026,MAHARASHTRA,CARDIOLOGY,Cordamet,Meditrix Labs,3896,933.0,4632.0
2026-01-12,2,2026,  Telangana  ,  Respiratory  ,Respivan,Aerovant Pharma,3012,657.0,3178.0
2026-01-12,2,2026,Telangana,diabetes,Metforal,Novanta Pharma,1604,376.0,1729.0
2026-01-12,2,2026,  Kerala  ,diabetes,Metforal,Novanta Pharma,4660,1181.0,5414.0
2026-01-12,2,2026,RAJASTHAN,CARDIOLOGY,Cardivex,Corvyx Pharma,3442,1160.0,3822.0
2026-01-12,2,2026,  Gujarat  ,DIABETES,Metforal,Novanta Pharma,1888,586.0,2180.0
2026-01-12,2,2026,  Tamil Nadu  ,diabetes,Insulyn,Insulara Biotech,5178,1602.0,6397.0
2026-01-12,2,2026,rajasthan,CARDIOLOGY,Cordamet,,2641,649.0,3110.0
2026-01-12,2,2026,KARNATAKA,  Respiratory  ,Respivan,Aerovant Pharma,3774,1045.0,4383.0
2026-01-12,2,2026,  Telangana  ,Cardiology,Vascolin,Zenova Biosciences,5967,1815.0,6944.0
2026-01-12,2,2026,GUJARAT,RESPIRATORY,Airovent,Pulmovia Therapeutics,2421,722.0,2970.0
2026-01-12,2,2026,gujarat,  Respiratory  ,Airovent,Pulmovia Therapeutics,5674,1712.0,6017.0
2026-01-12,2,2026,Karnataka,Cardiology,Cardivex,Corvyx Pharma,5764,1737.0,6434.0
2026-01-12,2,2026,maharashtra,Respiratory,Bronchel,,5698,1822.0,6376.0
2026-01-12,2,2026,Karnataka ,cardiology,Cardivex,Corvyx Pharma,2492,753.0,3082.0
2026-01-12,2,2026,West Bengal,  Cardiology  ,Cardivex,Corvyx Pharma,3610,981.0,3937.0
2026-01-12,2,2026,  Delhi  ,respiratory,Respivan,Aerovant Pharma,4729,1492.0,5394.0
2026-01-12,2,2026,W. Bengal,diabetes,Metforal,,5879,1312.0,6829.0
2026-01-12,2,2026,  Karnataka  ,CARDIOLOGY,Cardivex,Corvyx Pharma,2167,616.0,2357.0
2026-01-12,2,2026,GUJARAT,  Cardiology  ,Cordamet,Meditrix Labs,2448,782.0,2875.0
2026-01-12,2,2026,  Delhi  ,Diabetes,Glucotend,Glucera Health,1623,397.0,2021.0
2026-01-12,2,2026,KERALA,  Respiratory  ,Airovent,,4626,1525.0,5199.0
2026-01-12,2,2026,  Maharashtra  ,RESPIRATORY,Airovent,Pulmovia Therapeutics,5781,1673.0,7137.0
2026-01-12,2,2026,Tamil Ndu,  Respiratory  ,Respivan,Aerovant Pharma,5291,1169.0,5824.0
2026-01-12,2,2026,Delhi,  Cardiology  ,Vascolin,Zenova Biosciences,5945,1285.0,6344.0
2026-01-12,2,2026,  Andhra Pradesh  ,Diabetes,Metforal,Novanta Pharma,1934,404.0,2196.0
2026-01-12,2,2026,Tamilnadu,  Cardiology  ,Cordamet,Meditrix Labs,5160,1765.0,5812.0
2026-01-12,2,2026,  Andhra Pradesh  ,RESPIRATORY,Airovent,Pulmovia Therapeutics,3347,1124.0,3554.0
2026-01-12,2,2026,  Rajasthan  ,diabetes,Metforal,Novanta Pharma,5414,1083.0,6310.0
2026-01-12,2,2026,Delhi,respiratory,Respivan,Aerovant Pharma,5474,1888.0,6067.0
2026-01-12,2,2026,WEST BENGAL,CARDIOLOGY,Cardivex,Corvyx Pharma,5898,1459.0,6685.0
2026-01-12,2,2026,Maharashtra,RESPIRATORY,Airovent,Pulmovia Therapeutics,4715,1055.0,5085.0
2026-01-12,2,2026,WestBengal,diabetes,Metforal,Novanta Pharma,3469,1163.0,4287.0
2026-01-12,2,2026,Maharashtra,  Diabetes  ,Metforal,Novanta Pharma,5193,1388.0,6135.0
2026-01-12,2,2026,AndhraPradesh,diabetes,Insulyn,Insulara Biotech,4597,1033.0,5473.0
2026-01-12,2,2026,Karnataka,DIABETES,Glucotend,Glucera Health,2310,468.0,2789.0
2026-01-12,2,2026,kerala,Respiratory,Respivan,,3361,794.0,3660.0
2026-01-12,2,2026,  Karnataka  ,DIABETES,Metforal,Novanta Pharma,2855,856.0,3285.0
2026-01-12,2,2026,MAHARASHTRA,  Respiratory  ,Respivan,Aerovant Pharma,3369,849.0,4128.0
2026-01-12,2,2026,  Maharashtra  ,  Respiratory  ,Bronchel,Breathex Labs,3136,779.0,3808.0
2026-01-12,2,2026,gujarat,respiratory,Airovent,Pulmovia Therapeutics,4847,1122.0,5461.0
2026-01-12,2,2026,GUJARAT,CARDIOLOGY,Cordamet,Meditrix Labs,3466,923.0,4196.0
2026-01-12,2,2026,maharashtra,DIABETES,Insulyn,Insulara Biotech,4361,1291.0,4864.0
2026-01-12,2,2026,Maharashtra,cardiology,Vascolin,Zenova Biosciences,3761,1163.0,4068.0
2026-01-12,2,2026,TELANGANA,  Respiratory  ,Bronchel,Breathex Labs,3229,879.0,3519.0
2026-01-12,2,2026,W. Bengal,CARDIOLOGY,Cordamet,Meditrix Labs,1876,575.0,2129.0
2026-01-12,2,2026,KERALA,RESPIRATORY,Airovent,Pulmovia Therapeutics,2930,898.0,3568.0
2026-01-12,2,2026,Rajasthan,Cardiology,Cardivex,Corvyx Pharma,5088,1628.0,6354.0
2026-01-12,2,2026,  Andhra Pradesh  ,RESPIRATORY,Bronchel,Breathex Labs,2452,762.0,3042.0
2026-01-12,2,2026,  Telangana  ,  Cardiology  ,Cardivex,Corvyx Pharma,1692,353.0,1879.0
2026-01-12,2,2026,ANDHRA PRADESH,cardiology,Cardivex,Corvyx Pharma,3042,714.0,3355.0
2026-01-12,2,2026,KARNATAKA,respiratory,Bronchel,Breathex Labs,5957,2080.0,6507.0
2026-01-12,2,2026,  Kerala  ,  Cardiology  ,Cardivex,Corvyx Pharma,4798,1222.0,5642.0
2026-01-12,2,2026,Tamil Ndu,DIABETES,Insulyn,,4351,1353.0,4867.0
2026-01-12,2,2026,Gujarat,diabetes,Insulyn,Insulara Biotech,5531,1546.0,6570.0
2026-01-12,2,2026,TN,Cardiology,Cardivex,Corvyx Pharma,1644,379.0,1838.0
2026-01-12,2,2026,  Karnataka  ,Respiratory,Bronchel,Breathex Labs,3115,1049.0,3506.0
2026-01-12,2,2026,Rajasthan,DIABETES,Insulyn,Insulara Biotech,3864,997.0,4523.0
2026-01-12,2,2026,WestBengal,Cardiology,Cardivex,Corvyx Pharma,1687,588.0,1809.0
2026-01-12,2,2026,  Rajasthan  ,  Cardiology  ,Cardivex,Corvyx Pharma,5463,1302.0,6419.0
2026-01-12,2,2026,telangana,respiratory,Airovent,Pulmovia Therapeutics,4899,1284.0,5710.0
2026-01-12,2,2026,Tamil Ndu,Diabetes,Metforal,Novanta Pharma,5472,1264.0,6809.0
2026-01-12,2,2026,Tamilnadu,Diabetes,Insulyn,Insulara Biotech,3797,950.0,4168.0
2026-01-12,2,2026,AndhraPradesh,  Diabetes  ,Metforal,Novanta Pharma,2718,570.0,3053.0
2026-01-12,2,2026,tamil nadu,DIABETES,Metforal,Novanta Pharma,3437,1122.0,3890.0
2026-01-12,2,2026,  Rajasthan  ,cardiology,Cordamet,Meditrix Labs,2433,650.0,2610.0
2026-01-12,2,2026,west bengal,Respiratory,Airovent,Pulmovia Therapeutics,5409,1121.0,6003.0
2026-01-12,2,2026,Tamilnadu,Respiratory,Bronchel,Breathex Labs,4340,1003.0,5313.0
2026-01-12,2,2026,  Tamil Nadu  ,  Respiratory  ,Airovent,Pulmovia Therapeutics,5590,1466.0,6470.0
2026-01-12,2,2026,Tamilnadu,  Respiratory  ,Respivan,,4059,1042.0,4271.0
2026-01-12,2,2026,Karnatka,cardiology,Vascolin,Zenova Biosciences,3829,1239.0,4705.0
2026-01-12,2,2026,  Kerala  ,Cardiology,Cordamet,Meditrix Labs,4029,927.0,4448.0
2026-01-12,2,2026,TN,diabetes,Metforal,Novanta Pharma,2736,758.0,2995.0
2026-01-12,2,2026,Karnataka,  Cardiology  ,Cordamet,Meditrix Labs,4423,1044.0,5309.0
2026-01-12,2,2026,Kerala,diabetes,Metforal,Novanta Pharma,4847,1326.0,5904.0
2026-01-12,2,2026,andhra pradesh,  Diabetes  ,Glucotend,Glucera Health,5120,1555.0,6117.0
2026-01-12,2,2026,  Delhi  ,  Respiratory  ,Respivan,Aerovant Pharma,5211,1590.0,6084.0
2026-01-12,2,2026,Tamil Nadu,respiratory,Airovent,Pulmovia Therapeutics,4493,1243.0,5350.0
2026-01-12,2,2026,Maharashtra,Diabetes,Glucotend,Glucera Health,5489,1741.0,6464.0
2026-01-12,2,2026,DELHI,RESPIRATORY,Bronchel,Breathex Labs,5714,1248.0,6021.0
2026-01-12,2,2026,AndhraPradesh,RESPIRATORY,Airovent,Pulmovia Therapeutics,3119,990.0,3575.0
2026-01-12,2,2026,rajasthan,Respiratory,Airovent,Pulmovia Therapeutics,4348,1144.0,4592.0
2026-01-12,2,2026,RAJASTHAN,diabetes,Insulyn,Insulara Biotech,3174,1078.0,3889.0
2026-01-12,2,2026,tamil nadu,Diabetes,Insulyn,Insulara Biotech,5040,1431.0,5438.0
2026-01-12,2,2026,kerala,Diabetes,Metforal,,3924,1048.0,4301.0
2026-01-12,2,2026,Telangana,Diabetes,Glucotend,Glucera Health,3658,1258.0,4180.0
2026-01-12,2,2026,  Telangana  ,Cardiology,Cardivex,Corvyx Pharma,5689,1647.0,6613.0
2026-01-12,2,2026,  West Bengal  ,  Diabetes  ,Metforal,Novanta Pharma,4127,1017.0,4935.0
2026-01-12,2,2026,Gujarat,DIABETES,Glucotend,Glucera Health,3469,1060.0,3922.0
2026-01-12,2,2026,karnataka,Cardiology,Vascolin,Zenova Biosciences,3354,975.0,4080.0
2026-01-12,2,2026,,RESPIRATORY,Respivan,Aerovant Pharma,3036,1058.0,3364.0
2026-01-12,2,2026,delhi,cardiology,Cordamet,Meditrix Labs,4521,1369.0,5465.0
2026-01-12,2,2026,TAMIL NADU,  Respiratory  ,Bronchel,Breathex Labs,5705,1358.0,6437.0
2026-01-12,2,2026,  Andhra Pradesh  ,Cardiology,Cardivex,Corvyx Pharma,3012,944.0,3562.0
2026-01-12,2,2026,West Bengal,  Diabetes  ,Metforal,Novanta Pharma,5844,1517.0,6750.0
2026-01-12,2,2026,WestBengal,RESPIRATORY,Respivan,Aerovant Pharma,1588,318.0,1668.0
2026-01-12,2,2026,Tamil Nadu,DIABETES,Glucotend,,4297,1073.0,4661.0
2026-01-12,2,2026,rajasthan,RESPIRATORY,Airovent,Pulmovia Therapeutics,5686,1149.0,6330.0
2026-01-12,2,2026,Karnataka ,Respiratory,Bronchel,Breathex Labs,2889,742.0,3245.0
2026-01-12,2,2026,  Delhi  ,Diabetes,Insulyn,Insulara Biotech,4179,1054.0,4897.0
2026-01-12,2,2026,Karnataka,  Respiratory  ,Bronchel,Breathex Labs,3627,1039.0,3929.0
2026-01-12,2,2026,karnataka,respiratory,Bronchel,Breathex Labs,5318,1758.0,5684.0
2026-01-12,2,2026,west bengal,RESPIRATORY,Respivan,Aerovant Pharma,3011,717.0,3243.0
2026-01-12,2,2026,  West Bengal  ,RESPIRATORY,Bronchel,Breathex Labs,2416,832.0,2980.0
2026-01-12,2,2026,rajasthan,RESPIRATORY,Bronchel,,5412,1223.0,6666.0
2026-01-12,2,2026,KARNATAKA,respiratory,Airovent,Pulmovia Therapeutics,2155,445.0,2603.0
2026-01-12,2,2026,KERALA,  Respiratory  ,Bronchel,Breathex Labs,4345,980.0,4735.0
2026-01-12,2,2026,Karnataka ,Respiratory,Respivan,Aerovant Pharma,2118,517.0,2465.0
2026-01-12,2,2026,  Andhra Pradesh  ,  Diabetes  ,Glucotend,Glucera Health,3303,1054.0,3555.0
2026-01-12,2,2026,Karnataka ,Cardiology,Cordamet,Meditrix Labs,2250,660.0,2645.0
2026-01-12,2,2026,gujarat,  Cardiology  ,Cardivex,Corvyx Pharma,5481,1403.0,6444.0
2026-01-12,2,2026,west bengal,diabetes,Glucotend,Glucera Health,2833,751.0,3537.0
2026-01-12,2,2026,TAMIL NADU,cardiology,Vascolin,Zenova Biosciences,2321,613.0,2679.0
2026-01-12,2,2026,karnataka,RESPIRATORY,Bronchel,Breathex Labs,4147,1152.0,5039.0
2026-01-12,2,2026,andhra pradesh,DIABETES,Glucotend,Glucera Health,2122,662.0,2434.0
2026-01-12,2,2026,  Maharashtra  ,cardiology,Cardivex,Corvyx Pharma,5053,1145.0,5837.0
2026-01-12,2,2026,TELANGANA,Cardiology,Cardivex,Corvyx Pharma,2947,759.0,3519.0
2026-01-12,2,2026,kerala,  Respiratory  ,Bronchel,Breathex Labs,1971,474.0,2436.0
2026-01-12,2,2026,KERALA,respiratory,Respivan,Aerovant Pharma,1820,488.0,2088.0
2026-01-12,2,2026,rajasthan,  Cardiology  ,Cordamet,Meditrix Labs,5661,1960.0,6369.0
2026-01-12,2,2026,  Tamil Nadu  ,Diabetes,Insulyn,Insulara Biotech,4796,1541.0,5334.0
2026-01-12,2,2026,GUJARAT,  Respiratory  ,Airovent,,2503,756.0,3069.0
2026-01-12,2,2026,TELANGANA,Diabetes,Glucotend,,5239,1609.0,6060.0
2026-01-12,2,2026,Kerala,  Respiratory  ,Airovent,Pulmovia Therapeutics,3778,796.0,4679.0
2026-01-12,2,2026,andhra pradesh,DIABETES,Metforal,Novanta Pharma,3562,1168.0,4402.0
2026-01-12,2,2026,West Bengal,  Respiratory  ,Respivan,Aerovant Pharma,5195,1356.0,6288.0
2026-01-12,2,2026,karnataka,Diabetes,Metforal,Novanta Pharma,5025,1082.0,5302.0
2026-01-12,2,2026,Rajasthan,  Respiratory  ,Airovent,Pulmovia Therapeutics,2111,686.0,2378.0
2026-01-12,2,2026,Karnataka,respiratory,Respivan,Aerovant Pharma,3099,1051.0,3686.0
2026-01-12,2,2026,kerala,Cardiology,Cardivex,Corvyx Pharma,3803,1146.0,4548.0
2026-01-12,2,2026,  Delhi  ,Respiratory,Respivan,Aerovant Pharma,5361,1510.0,6328.0
2026-01-12,2,2026,Kerala,Cardiology,Vascolin,Zenova Biosciences,5934,1558.0,6920.0
2026-01-12,2,2026,karnataka,Respiratory,Airovent,Pulmovia Therapeutics,4963,1385.0,5931.0
2026-01-12,2,2026,maharashtra,respiratory,Airovent,Pulmovia Therapeutics,1965,506.0,2353.0
2026-01-12,2,2026,telangana,  Cardiology  ,Vascolin,Zenova Biosciences,3318,927.0,3638.0
2026-01-12,2,2026,Tamilnadu,  Cardiology  ,Cardivex,Corvyx Pharma,3388,749.0,3577.0
2026-01-12,2,2026,  Karnataka  ,  Diabetes  ,Insulyn,Insulara Biotech,3390,1136.0,3635.0
2026-01-12,2,2026,  Rajasthan  ,diabetes,Insulyn,Insulara Biotech,4399,1289.0,5170.0
2026-01-12,2,2026,KARNATAKA,Cardiology,Vascolin,Zenova Biosciences,4729,1219.0,5259.0
2026-01-12,2,2026,Andhra Pradesh,RESPIRATORY,Bronchel,Breathex Labs,1636,345.0,1749.0
2026-01-12,2,2026,Telangana,  Diabetes  ,Glucotend,Glucera Health,3000,936.0,3676.0
2026-01-12,2,2026,  Andhra Pradesh  ,  Cardiology  ,Cardivex,Corvyx Pharma,2668,694.0,3213.0
2026-01-12,2,2026,Karnataka ,Diabetes,Glucotend,Glucera Health,1514,427.0,1862.0
2026-01-12,2,2026,andhra pradesh,Cardiology,Cardivex,Corvyx Pharma,3380,904.0,3637.0
2026-01-12,2,2026,Tamil Ndu,Diabetes,Glucotend,Glucera Health,5301,1843.0,6327.0
2026-01-12,2,2026,Andhra Pradesh,Cardiology,Vascolin,Zenova Biosciences,3394,1064.0,3867.0
2026-01-12,2,2026,Andhra Pradesh,  Respiratory  ,Bronchel,Breathex Labs,2255,710.0,2410.0
2026-01-12,2,2026,west bengal,cardiology,Cordamet,Meditrix Labs,3901,969.0,4308.0
2026-01-12,2,2026,MAHARASHTRA,CARDIOLOGY,Vascolin,Zenova Biosciences,1556,513.0,1667.0
2026-01-12,2,2026,Telangana,  Cardiology  ,Cordamet,Meditrix Labs,1624,390.0,1820.0
2026-01-12,2,2026,  Gujarat  ,cardiology,Vascolin,Zenova Biosciences,4358,947.0,4698.0
2026-01-12,2,2026,  Kerala  ,respiratory,Respivan,Aerovant Pharma,3135,743.0,3664.0
2026-01-12,2,2026,W. Bengal,Cardiology,Cordamet,Meditrix Labs,1924,409.0,2248.0
2026-01-12,2,2026,andhra pradesh,RESPIRATORY,Respivan,Aerovant Pharma,4560,1461.0,5247.0
2026-01-12,2,2026,gujarat,RESPIRATORY,Respivan,Aerovant Pharma,4883,1315.0,5420.0
2026-01-12,2,2026,Tamil Ndu,respiratory,Bronchel,Breathex Labs,3171,818.0,3869.0
2026-01-12,2,2026,  Tamil Nadu  ,cardiology,Cordamet,Meditrix Labs,1739,600.0,2096.0
2026-01-12,2,2026,Telangana,cardiology,Vascolin,Zenova Biosciences,2228,632.0,2625.0
2026-01-12,2,2026,Kerala,DIABETES,Metforal,Novanta Pharma,3029,927.0,3654.0
2026-01-12,2,2026,andhra pradesh,respiratory,Respivan,Aerovant Pharma,4586,1375.0,4944.0
2026-01-12,2,2026,WestBengal,  Respiratory  ,Respivan,Aerovant Pharma,5286,1681.0,6598.0
2026-01-12,2,2026,TELANGANA,Diabetes,Metforal,Novanta Pharma,2843,697.0,3110.0
2026-01-12,2,2026,KERALA,Respiratory,Bronchel,Breathex Labs,2380,603.0,2738.0
2026-01-12,2,2026,west bengal,DIABETES,Metforal,Novanta Pharma,5216,1700.0,5708.0
2026-01-12,2,2026,TN,RESPIRATORY,Bronchel,,5259,1449.0,6508.0
2026-01-12,2,2026,Maharashtra,cardiology,Cordamet,Meditrix Labs,2810,843.0,3282.0
2026-01-12,2,2026,west bengal,  Cardiology  ,Vascolin,Zenova Biosciences,5570,1171.0,6462.0
2026-01-12,2,2026,GUJARAT,Cardiology,Cardivex,Corvyx Pharma,1531,520.0,1806.0
2026-01-12,2,2026,TN,CARDIOLOGY,Cardivex,Corvyx Pharma,3161,803.0,3885.0
2026-01-12,2,2026,west bengal,CARDIOLOGY,Vascolin,Zenova Biosciences,4357,1260.0,5068.0
2026-01-12,2,2026,  Tamil Nadu  ,Cardiology,Cordamet,Meditrix Labs,2120,727.0,2424.0
2026-01-12,2,2026,TAMIL NADU,respiratory,Airovent,Pulmovia Therapeutics,3634,1218.0,3867.0
2026-01-12,2,2026,Tamil Ndu,CARDIOLOGY,Cordamet,Meditrix Labs,3629,1088.0,4086.0
2026-01-12,2,2026,  Gujarat  ,  Cardiology  ,Cordamet,Meditrix Labs,2751,798.0,3000.0
2026-01-12,2,2026,KERALA,Diabetes,Glucotend,Glucera Health,4958,1553.0,5517.0
2026-01-12,2,2026,rajasthan,  Cardiology  ,Vascolin,Zenova Biosciences,3633,921.0,4062.0
2026-01-12,2,2026,  Rajasthan  ,Respiratory,Respivan,Aerovant Pharma,3298,814.0,3856.0
2026-01-12,2,2026,tamil nadu,Respiratory,Bronchel,Breathex Labs,5424,1876.0,6350.0
2026-01-12,2,2026,Karnataka ,Cardiology,Cardivex,Corvyx Pharma,3110,1022.0,3725.0
2026-01-12,2,2026,Tamil Ndu,cardiology,Cardivex,Corvyx Pharma,5282,1519.0,6373.0
2026-01-12,2,2026,  Andhra Pradesh  ,cardiology,Cordamet,Meditrix Labs,5934,1519.0,6936.0
2026-01-12,2,2026,RAJASTHAN,  Respiratory  ,Bronchel,Breathex Labs,5131,1679.0,6261.0
2026-01-12,2,2026,Karnataka,Respiratory,Respivan,Aerovant Pharma,3286,678.0,4055.0
2026-01-12,2,2026,telangana,cardiology,Vascolin,Zenova Biosciences,5248,1524.0,6259.0
2026-01-12,2,2026,Tamilnadu,respiratory,Bronchel,Breathex Labs,3095,643.0,3452.0
2026-01-12,2,2026,gujarat,  Cardiology  ,Cordamet,Meditrix Labs,4623,1121.0,5167.0
2026-01-12,2,2026,Gujarat,cardiology,Cardivex,Corvyx Pharma,3893,1214.0,4142.0
2026-01-12,2,2026,  Telangana  ,RESPIRATORY,Bronchel,Breathex Labs,4378,1183.0,5366.0
2026-01-12,2,2026,kerala,DIABETES,Metforal,,5953,1772.0,7133.0
2026-01-12,2,2026,andhra pradesh,Respiratory,Respivan,Aerovant Pharma,5508,1732.0,5999.0
2026-01-12,2,2026,W. Bengal,cardiology,Vascolin,Zenova Biosciences,2158,654.0,2569.0
2026-01-12,2,2026,GUJARAT,Cardiology,Vascolin,Zenova Biosciences,4696,1469.0,5792.0
2026-01-12,2,2026,  Andhra Pradesh  ,  Cardiology  ,Cordamet,,5857,1923.0,6409.0
2026-01-12,2,2026,RAJASTHAN,RESPIRATORY,Airovent,Pulmovia Therapeutics,2567,571.0,3138.0
2026-01-12,2,2026,west bengal,Cardiology,Cordamet,Meditrix Labs,4267,1314.0,5214.0
2026-01-12,2,2026,delhi,  Cardiology  ,Vascolin,Zenova Biosciences,2355,553.0,2574.0
2026-01-12,2,2026,Andhra Pradesh,Cardiology,Cordamet,Meditrix Labs,5616,1687.0,6502.0
2026-01-12,2,2026,KARNATAKA,diabetes,Insulyn,Insulara Biotech,2333,519.0,2453.0
2026-01-12,2,2026,WEST BENGAL,  Cardiology  ,Cardivex,Corvyx Pharma,4429,1457.0,4748.0
2026-01-12,2,2026,Kerala,Cardiology,Cardivex,Corvyx Pharma,3375,917.0,3647.0
2026-01-12,2,2026,telangana,  Diabetes  ,Metforal,Novanta Pharma,2509,593.0,2943.0
2026-01-12,2,2026,TN,RESPIRATORY,Bronchel,Breathex Labs,4732,1439.0,5380.0
2026-01-12,2,2026,MAHARASHTRA,Diabetes,Metforal,Novanta Pharma,5710,1278.0,6094.0
2026-01-12,2,2026,  Kerala  ,  Diabetes  ,Glucotend,Glucera Health,4665,1342.0,5046.0
2026-01-12,2,2026,  Maharashtra  ,cardiology,Cordamet,Meditrix Labs,2564,889.0,2799.0
2026-01-12,2,2026,Delhi,RESPIRATORY,Bronchel,Breathex Labs,3228,704.0,3565.0
2026-01-12,2,2026,W. Bengal,cardiology,Cordamet,Meditrix Labs,2449,545.0,2945.0
2026-01-12,2,2026,W. Bengal,CARDIOLOGY,Cardivex,Corvyx Pharma,3910,791.0,4157.0
2026-01-12,2,2026,MAHARASHTRA,Respiratory,Bronchel,Breathex Labs,2002,454.0,2400.0
2026-01-12,2,2026,kerala,  Respiratory  ,Airovent,Pulmovia Therapeutics,4794,1429.0,5848.0
2026-01-12,2,2026,KERALA,CARDIOLOGY,Cardivex,Corvyx Pharma,5069,1233.0,5887.0
2026-01-12,2,2026,WEST BENGAL,respiratory,Bronchel,Breathex Labs,5558,1599.0,6359.0
2026-01-12,2,2026,Rajasthan,diabetes,Metforal,Novanta Pharma,3214,1062.0,3563.0
2026-01-12,2,2026,West Bengal,cardiology,Vascolin,Zenova Biosciences,3159,933.0,3434.0
2026-01-12,2,2026,,respiratory,Airovent,Pulmovia Therapeutics,1898,406.0,2283.0
2026-01-12,2,2026,KARNATAKA,Diabetes,Insulyn,Insulara Biotech,5380,1504.0,5738.0
2026-01-12,2,2026,kerala,RESPIRATORY,Airovent,Pulmovia Therapeutics,1551,530.0,1647.0
2026-01-12,2,2026,ANDHRA PRADESH,  Cardiology  ,Cardivex,Corvyx Pharma,2608,829.0,2974.0
2026-01-12,2,2026,AndhraPradesh,CARDIOLOGY,Vascolin,Zenova Biosciences,1990,531.0,2190.0
2026-01-12,2,2026,  Kerala  ,DIABETES,Insulyn,Insulara Biotech,4840,1618.0,5405.0
2026-01-12,2,2026,TELANGANA,diabetes,Metforal,Novanta Pharma,3616,1063.0,3848.0
2026-01-12,2,2026,TELANGANA,  Respiratory  ,Airovent,Pulmovia Therapeutics,5794,1366.0,7175.0
2026-01-12,2,2026,  Tamil Nadu  ,CARDIOLOGY,Cardivex,Corvyx Pharma,4477,1002.0,4709.0
2026-01-12,2,2026,ANDHRA PRADESH,Respiratory,Airovent,Pulmovia Therapeutics,2341,472.0,2576.0
2026-01-12,2,2026,Andhra Pradesh,Diabetes,Metforal,Novanta Pharma,5547,1529.0,6085.0
2026-01-12,2,2026,  West Bengal  ,Cardiology,Cardivex,Corvyx Pharma,3709,895.0,4472.0
2026-01-12,2,2026,  Andhra Pradesh  ,diabetes,Metforal,Novanta Pharma,5149,1594.0,5694.0
2026-01-12,2,2026,Tamilnadu,Cardiology,Cordamet,Meditrix Labs,4302,998.0,4889.0
2026-01-12,2,2026,  Gujarat  ,CARDIOLOGY,Cordamet,,5326,1109.0,6284.0
2026-01-12,2,2026,delhi,respiratory,Airovent,Pulmovia Therapeutics,2802,587.0,2947.0
2026-01-12,2,2026,Gujarat,RESPIRATORY,Airovent,Pulmovia Therapeutics,1829,377.0,2217.0
2026-01-12,2,2026,West Bengal,DIABETES,Metforal,Novanta Pharma,2041,706.0,2369.0
2026-01-12,2,2026,TN,Respiratory,Bronchel,Breathex Labs,3157,670.0,3625.0
2026-01-12,2,2026,kerala,Diabetes,Insulyn,,4208,964.0,5229.0
2026-01-12,2,2026,Tamilnadu,DIABETES,Metforal,Novanta Pharma,5667,1854.0,6090.0
2026-01-12,2,2026,telangana,Diabetes,Insulyn,Insulara Biotech,2955,906.0,3504.0
2026-01-12,2,2026,tamil nadu,  Cardiology  ,Cordamet,Meditrix Labs,2797,816.0,3199.0
2026-01-12,2,2026,GUJARAT,RESPIRATORY,Respivan,Aerovant Pharma,2657,629.0,3276.0
2026-01-12,2,2026,maharashtra,cardiology,Cardivex,Corvyx Pharma,3981,1345.0,4304.0
2026-01-12,2,2026,TAMIL NADU,cardiology,Cardivex,Corvyx Pharma,2758,931.0,3414.0
2026-01-12,2,2026,KARNATAKA,  Cardiology  ,Cardivex,Corvyx Pharma,3747,1289.0,4648.0
2026-01-12,2,2026,kerala,respiratory,Bronchel,Breathex Labs,3459,704.0,4282.0
2026-01-12,2,2026,  West Bengal  ,diabetes,Insulyn,Insulara Biotech,4154,1302.0,4962.0
2026-01-12,2,2026,kerala,RESPIRATORY,Respivan,Aerovant Pharma,2817,577.0,3471.0
2026-01-12,2,2026,West Bengal,diabetes,Glucotend,Glucera Health,4145,1345.0,4387.0
2026-01-12,2,2026,RAJASTHAN,  Diabetes  ,Insulyn,,2423,800.0,2696.0
2026-01-12,2,2026,WestBengal,diabetes,Insulyn,Insulara Biotech,3244,1103.0,3950.0
2026-01-12,2,2026,Karnataka,DIABETES,Insulyn,Insulara Biotech,5184,1802.0,6447.0
2026-01-12,2,2026,Gujarat,  Diabetes  ,Insulyn,Insulara Biotech,2692,638.0,3293.0
2026-01-12,2,2026,WEST BENGAL,RESPIRATORY,Respivan,Aerovant Pharma,2476,701.0,2962.0
2026-01-12,2,2026,karnataka,respiratory,Respivan,Aerovant Pharma,4783,1060.0,5384.0
2026-01-12,2,2026,  Maharashtra  ,  Cardiology  ,Vascolin,Zenova Biosciences,3407,1066.0,4225.0
2026-01-12,2,2026,RAJASTHAN,cardiology,Vascolin,Zenova Biosciences,1893,607.0,2004.0
2026-01-12,2,2026,Karnataka,cardiology,Cardivex,Corvyx Pharma,3222,830.0,3659.0
2026-01-12,2,2026,TELANGANA,DIABETES,Insulyn,Insulara Biotech,5387,1192.0,5862.0
2026-01-12,2,2026,gujarat,Diabetes,Metforal,Novanta Pharma,3188,867.0,3822.0
2026-01-12,2,2026,,  Respiratory  ,Bronchel,Breathex Labs,3085,855.0,3278.0
2026-01-12,2,2026,Gujarat,respiratory,Bronchel,Breathex Labs,5513,1417.0,6591.0
2026-01-12,2,2026,TELANGANA,  Diabetes  ,Glucotend,Glucera Health,4542,1005.0,5203.0
2026-01-12,2,2026,W. Bengal,  Diabetes  ,Metforal,Novanta Pharma,4676,1206.0,5812.0
2026-01-12,2,2026,RAJASTHAN,  Cardiology  ,Cardivex,Corvyx Pharma,3404,881.0,3910.0
2026-01-12,2,2026,Andhra Pradesh,CARDIOLOGY,Cardivex,Corvyx Pharma,1861,510.0,2102.0
2026-01-12,2,2026,Tamil Ndu,Respiratory,Bronchel,,3057,627.0,3820.0
2026-01-12,2,2026,Tamil Nadu,Respiratory,Bronchel,Breathex Labs,5674,1802.0,7060.0
2026-01-12,2,2026,KARNATAKA,cardiology,Cordamet,Meditrix Labs,1860,400.0,2033.0
2026-01-12,2,2026,tamil nadu,Diabetes,Glucotend,Glucera Health,4982,1515.0,5737.0
2026-01-12,2,2026,  Andhra Pradesh  ,diabetes,Glucotend,Glucera Health,4359,1052.0,5015.0
2026-01-12,2,2026,  West Bengal  ,CARDIOLOGY,Cordamet,Meditrix Labs,3672,1219.0,4560.0
2026-01-12,2,2026,Karnataka,respiratory,Bronchel,Breathex Labs,1715,577.0,1940.0
2026-01-12,2,2026,maharashtra,  Respiratory  ,Airovent,Pulmovia Therapeutics,3110,1047.0,3574.0
2026-01-12,2,2026,RAJASTHAN,Respiratory,Bronchel,Breathex Labs,5011,1295.0,5772.0
2026-01-12,2,2026,  Andhra Pradesh  ,cardiology,Cardivex,Corvyx Pharma,3333,1159.0,3576.0
2026-01-12,2,2026,West Bengal,Diabetes,Glucotend,Glucera Health,5699,1438.0,6837.0
2026-01-12,2,2026,RAJASTHAN,DIABETES,Glucotend,Glucera Health,4956,1624.0,5345.0
2026-01-12,2,2026,telangana,cardiology,Cordamet,Meditrix Labs,5928,1908.0,6665.0
2026-01-12,2,2026,  Maharashtra  ,Diabetes,Glucotend,Glucera Health,2200,764.0,2747.0
2026-01-12,2,2026,TAMIL NADU,DIABETES,Metforal,Novanta Pharma,4980,1035.0,6029.0
2026-01-12,2,2026,ANDHRA PRADESH,RESPIRATORY,Bronchel,Breathex Labs,2880,587.0,3497.0
2026-01-12,2,2026,karnataka,CARDIOLOGY,Cardivex,Corvyx Pharma,3133,1038.0,3751.0
2026-01-12,2,2026,Tamilnadu,respiratory,Airovent,Pulmovia Therapeutics,3195,710.0,3838.0
2026-01-12,2,2026,Tamil Nadu,cardiology,Cardivex,Corvyx Pharma,3219,1090.0,3995.0
2026-01-12,2,2026,GUJARAT,Diabetes,Metforal,Novanta Pharma,4468,1243.0,5456.0
2026-01-12,2,2026,kerala,  Respiratory  ,Respivan,Aerovant Pharma,2065,544.0,2488.0
2026-01-12,2,2026,TAMIL NADU,  Cardiology  ,Cardivex,Corvyx Pharma,1921,475.0,2116.0
2026-01-12,2,2026,  Rajasthan  ,Respiratory,Bronchel,,2348,811.0,2834.0
2026-01-12,2,2026,TELANGANA,Diabetes,Insulyn,Insulara Biotech,5471,1654.0,6432.0
2026-01-12,2,2026,kerala,Cardiology,Cordamet,Meditrix Labs,5590,1956.0,6175.0
2026-01-12,2,2026,Andhra Pradesh,DIABETES,Metforal,Novanta Pharma,4196,1257.0,5237.0
2026-01-12,2,2026,  Rajasthan  ,  Respiratory  ,Airovent,Pulmovia Therapeutics,4016,976.0,4482.0
2026-01-12,2,2026,TELANGANA,DIABETES,Glucotend,,5639,1786.0,6387.0
2026-01-12,2,2026,TN,respiratory,Airovent,Pulmovia Therapeutics,1662,474.0,1871.0
2026-01-12,2,2026,  Andhra Pradesh  ,DIABETES,Insulyn,Insulara Biotech,3136,1009.0,3447.0
2026-01-12,2,2026,tamil nadu,CARDIOLOGY,Cordamet,Meditrix Labs,1543,320.0,1712.0
2026-01-12,2,2026,MAHARASHTRA,DIABETES,Insulyn,Insulara Biotech,3947,1209.0,4289.0
2026-01-12,2,2026,kerala,  Cardiology  ,Vascolin,Zenova Biosciences,4750,1283.0,5367.0
2026-01-12,2,2026,  Delhi  ,respiratory,Airovent,Pulmovia Therapeutics,3609,1112.0,3958.0
2026-01-12,2,2026,gujarat,Respiratory,Airovent,,5734,1410.0,6522.0
2026-01-12,2,2026,Karnataka,RESPIRATORY,Bronchel,Breathex Labs,2012,413.0,2220.0
2026-01-12,2,2026,Tamilnadu,diabetes,Insulyn,Insulara Biotech,3769,1002.0,4395.0
2026-01-12,2,2026,MAHARASHTRA,  Diabetes  ,Metforal,,5446,1101.0,5780.0
2026-01-12,2,2026,  Karnataka  ,  Diabetes  ,Glucotend,Glucera Health,4929,1597.0,5849.0
2026-01-12,2,2026,Kerala,RESPIRATORY,Airovent,,1987,416.0,2291.0
2026-01-12,2,2026,  Maharashtra  ,respiratory,Respivan,Aerovant Pharma,3705,1082.0,4240.0
2026-01-12,2,2026,karnataka,Diabetes,Glucotend,Glucera Health,5513,1252.0,5845.0
2026-01-12,2,2026,TELANGANA,  Cardiology  ,Vascolin,Zenova Biosciences,3285,898.0,3917.0
2026-01-12,2,2026,tamil nadu,cardiology,Cardivex,Corvyx Pharma,3794,1122.0,4236.0
2026-01-12,2,2026,  Rajasthan  ,RESPIRATORY,Bronchel,,5602,1604.0,6784.0
2026-01-12,2,2026,DELHI,cardiology,Cardivex,Corvyx Pharma,5899,1805.0,6696.0
2026-01-12,2,2026,Rajasthan,  Diabetes  ,Glucotend,Glucera Health,5689,1787.0,6668.0
2026-01-12,2,2026,andhra pradesh,CARDIOLOGY,Cardivex,Corvyx Pharma,4884,1003.0,5826.0
2026-01-12,2,2026,delhi,  Respiratory  ,Airovent,Pulmovia Therapeutics,4918,1068.0,5773.0
2026-01-12,2,2026,kerala,diabetes,Glucotend,Glucera Health,4842,1407.0,5876.0
2026-01-12,2,2026,TELANGANA,Respiratory,Respivan,Aerovant Pharma,5965,1905.0,6492.0
2026-01-12,2,2026,delhi,Respiratory,Bronchel,Breathex Labs,3259,1093.0,4049.0
2026-01-12,2,2026,WestBengal,  Cardiology  ,Cardivex,Corvyx Pharma,4841,1201.0,5865.0
2026-01-12,2,2026,gujarat,respiratory,Bronchel,Breathex Labs,4685,1558.0,4967.0
2026-01-12,2,2026,Karnataka,respiratory,Airovent,Pulmovia Therapeutics,1564,348.0,1695.0
2026-01-12,2,2026,TAMIL NADU,diabetes,Metforal,Novanta Pharma,4559,1246.0,4860.0
2026-01-12,2,2026,  West Bengal  ,DIABETES,Insulyn,Insulara Biotech,3977,1222.0,4940.0
2026-01-12,2,2026,rajasthan,CARDIOLOGY,Cordamet,Meditrix Labs,5483,1110.0,6014.0
2026-01-12,2,2026,,Diabetes,Metforal,Novanta Pharma,5557,1645.0,5996.0
2026-01-12,2,2026,Karnataka ,cardiology,Vascolin,Zenova Biosciences,2685,808.0,3329.0
2026-01-12,2,2026,AndhraPradesh,  Diabetes  ,Insulyn,Insulara Biotech,3351,813.0,4123.0
2026-01-12,2,2026,TAMIL NADU,RESPIRATORY,Bronchel,,4054,1134.0,5033.0
2026-01-12,2,2026,Karnataka ,DIABETES,Metforal,Novanta Pharma,2787,947.0,3313.0
2026-01-12,2,2026,maharashtra,Cardiology,Vascolin,Zenova Biosciences,5643,1859.0,6590.0
2026-01-12,2,2026,Karnataka ,respiratory,Respivan,Aerovant Pharma,5223,1745.0,5529.0
2026-01-12,2,2026,Telangana,Respiratory,Respivan,,2837,757.0,3497.0
2026-01-12,2,2026,Karnataka ,diabetes,Insulyn,,4848,1043.0,5614.0
2026-01-12,2,2026,maharashtra,DIABETES,Glucotend,,2351,586.0,2611.0
2026-01-12,2,2026,west bengal,RESPIRATORY,Airovent,Pulmovia Therapeutics,1774,511.0,2065.0
2026-01-12,2,2026,  Delhi  ,Diabetes,Metforal,Novanta Pharma,2678,554.0,3331.0
2026-01-12,2,2026,TELANGANA,Respiratory,Bronchel,Breathex Labs,1951,570.0,2198.0
2026-01-12,2,2026,maharashtra,  Cardiology  ,Cardivex,,3257,663.0,3766.0
2026-01-12,2,2026,DELHI,DIABETES,Metforal,,4444,1012.0,5066.0
2026-01-12,2,2026,  Delhi  ,diabetes,Insulyn,Insulara Biotech,3262,676.0,3974.0
2026-01-12,2,2026,TAMIL NADU,Cardiology,Cardivex,Corvyx Pharma,3161,1012.0,3747.0
2026-01-12,2,2026,TN,  Cardiology  ,Cardivex,Corvyx Pharma,2227,679.0,2438.0
2026-01-12,2,2026,  Tamil Nadu  ,DIABETES,Metforal,Novanta Pharma,3628,1247.0,4055.0
2026-01-12,2,2026,Tamilnadu,respiratory,Respivan,Aerovant Pharma,3382,1007.0,3732.0
2026-01-12,2,2026,  Tamil Nadu  ,respiratory,Airovent,,5415,1496.0,6730.0
2026-01-12,2,2026,telangana,diabetes,Glucotend,Glucera Health,5820,1427.0,6954.0
2026-01-12,2,2026,  Telangana  ,diabetes,Glucotend,Glucera Health,5835,1537.0,7199.0
2026-01-12,2,2026,Tamil Nadu,Respiratory,Respivan,Aerovant Pharma,2880,843.0,3303.0
2026-01-12,2,2026,  Gujarat  ,  Respiratory  ,Respivan,Aerovant Pharma,2788,934.0,3418.0
2026-01-12,2,2026,AndhraPradesh,  Cardiology  ,Vascolin,Zenova Biosciences,2532,528.0,2703.0
2026-01-12,2,2026,KARNATAKA,  Cardiology  ,Vascolin,Zenova Biosciences,3001,763.0,3450.0
2026-01-12,2,2026,TAMIL NADU,CARDIOLOGY,Vascolin,Zenova Biosciences,4718,1612.0,5369.0
2026-01-12,2,2026,Rajasthan,CARDIOLOGY,Vascolin,Zenova Biosciences,1591,426.0,1849.0
2026-01-12,2,2026,Tamil Nadu,  Cardiology  ,Cordamet,Meditrix Labs,4643,1067.0,5575.0
2026-01-12,2,2026,andhra pradesh,  Diabetes  ,Insulyn,Insulara Biotech,5541,1352.0,5901.0
2026-01-12,2,2026,W. Bengal,Respiratory,Bronchel,Breathex Labs,5400,1737.0,5795.0
2026-01-12,2,2026,  Tamil Nadu  ,CARDIOLOGY,Vascolin,Zenova Biosciences,5654,1214.0,6838.0
2026-01-12,2,2026,Delhi,  Diabetes  ,Insulyn,,5099,1577.0,5786.0
2026-01-12,2,2026,  Tamil Nadu  ,Respiratory,Respivan,Aerovant Pharma,2817,966.0,3355.0
2026-01-12,2,2026,kerala,diabetes,Glucotend,,5745,1967.0,6553.0
2026-01-12,2,2026,Tamil Ndu,DIABETES,Insulyn,Insulara Biotech,3191,710.0,3634.0
2026-01-12,2,2026,,  Diabetes  ,Insulyn,Insulara Biotech,2150,489.0,2641.0
2026-01-12,2,2026,  Kerala  ,respiratory,Airovent,Pulmovia Therapeutics,1826,456.0,1955.0
2026-01-12,2,2026,gujarat,Diabetes,Glucotend,Glucera Health,2073,450.0,2512.0
2026-01-12,2,2026,AndhraPradesh,  Respiratory  ,Respivan,,4070,1204.0,4926.0
2026-01-12,2,2026,KERALA,Respiratory,Respivan,Aerovant Pharma,5397,1573.0,6111.0
2026-01-12,2,2026,Kerala,cardiology,Cordamet,Meditrix Labs,5659,1912.0,6415.0
2026-01-12,2,2026,  Andhra Pradesh  ,CARDIOLOGY,Cardivex,Corvyx Pharma,2142,648.0,2445.0
2026-01-12,2,2026,MAHARASHTRA,  Respiratory  ,Airovent,Pulmovia Therapeutics,5959,2041.0,6750.0
2026-01-12,2,2026,  Karnataka  ,  Respiratory  ,Airovent,Pulmovia Therapeutics,4711,1381.0,4983.0
2026-01-12,2,2026,  Andhra Pradesh  ,diabetes,Insulyn,,5219,1710.0,5664.0
2026-01-12,2,2026,WEST BENGAL,respiratory,Airovent,Pulmovia Therapeutics,3212,850.0,3751.0
2026-01-12,2,2026,andhra pradesh,RESPIRATORY,Bronchel,Breathex Labs,2141,560.0,2369.0
2026-01-12,2,2026,Kerala,cardiology,Cardivex,Corvyx Pharma,3939,900.0,4697.0
2026-01-12,2,2026,KERALA,DIABETES,Glucotend,Glucera Health,5934,1835.0,6528.0
2026-01-12,2,2026,kerala,respiratory,Respivan,Aerovant Pharma,4133,1145.0,4838.0
2026-01-12,2,2026,maharashtra,Cardiology,Cardivex,Corvyx Pharma,3079,716.0,3331.0
2026-01-12,2,2026,Karnatka,CARDIOLOGY,Cardivex,Corvyx Pharma,5573,1817.0,6724.0
2026-01-12,2,2026,Tamil Nadu,diabetes,Insulyn,Insulara Biotech,3741,969.0,4286.0
2026-01-12,2,2026,West Bengal,Diabetes,Glucotend,,5029,1512.0,5578.0
2026-01-12,2,2026,west bengal,DIABETES,Insulyn,,2507,864.0,3059.0
2026-01-12,2,2026,Karnatka,diabetes,Insulyn,Insulara Biotech,3918,1290.0,4178.0
2026-01-12,2,2026,  Kerala  ,Cardiology,Vascolin,Zenova Biosciences,2616,749.0,3105.0
2026-01-12,2,2026,Karnataka ,  Diabetes  ,Metforal,Novanta Pharma,5137,1197.0,6273.0
2026-01-12,2,2026,  Delhi  ,respiratory,Bronchel,Breathex Labs,4612,1131.0,5629.0
2026-01-12,2,2026,Tamil Nadu,  Respiratory  ,Airovent,Pulmovia Therapeutics,5475,1291.0,5755.0
2026-01-12,2,2026,ANDHRA PRADESH,Respiratory,Respivan,Aerovant Pharma,2026,410.0,2170.0
2026-01-12,2,2026,  West Bengal  ,  Cardiology  ,Vascolin,,4646,1309.0,5037.0
2026-01-12,2,2026,Karnatka,DIABETES,Metforal,Novanta Pharma,2370,507.0,2733.0
2026-01-12,2,2026,Andhra Pradesh,respiratory,Respivan,Aerovant Pharma,2499,754.0,2822.0
2026-01-12,2,2026,W. Bengal,DIABETES,Insulyn,Insulara Biotech,2479,633.0,2670.0
2026-01-12,2,2026,Telangana,Respiratory,Airovent,Pulmovia Therapeutics,3874,1100.0,4535.0
2026-01-12,2,2026,Karnataka ,diabetes,Metforal,Novanta Pharma,4597,1475.0,5699.0
2026-01-12,2,2026,Tamil Nadu,diabetes,Glucotend,Glucera Health,2092,648.0,2571.0
2026-01-12,2,2026,  Tamil Nadu  ,Diabetes,Glucotend,Glucera Health,2024,547.0,2399.0
2026-01-12,2,2026,Karnataka ,DIABETES,Insulyn,Insulara Biotech,4679,948.0,5142.0
2026-01-12,2,2026,telangana,RESPIRATORY,Bronchel,Breathex Labs,2173,474.0,2449.0
2026-01-12,2,2026,Telangana,diabetes,Glucotend,Glucera Health,1503,331.0,1693.0
2026-01-12,2,2026,Karnataka,RESPIRATORY,Respivan,Aerovant Pharma,2961,970.0,3482.0
2026-01-12,2,2026,Karnataka ,CARDIOLOGY,Cardivex,Corvyx Pharma,1562,430.0,1770.0
2026-01-12,2,2026,Karnataka ,  Diabetes  ,Insulyn,Insulara Biotech,2634,659.0,3016.0
2026-01-12,2,2026,West Bengal,RESPIRATORY,Airovent,Pulmovia Therapeutics,1951,483.0,2226.0
2026-01-12,2,2026,Tamil Ndu,diabetes,Glucotend,Glucera Health,4342,1316.0,4767.0
2026-01-12,2,2026,Telangana,  Respiratory  ,Bronchel,Breathex Labs,4036,884.0,4630.0
2026-01-12,2,2026,delhi,CARDIOLOGY,Cardivex,Corvyx Pharma,2245,715.0,2460.0
2026-01-12,2,2026,RAJASTHAN,diabetes,Metforal,Novanta Pharma,2934,632.0,3306.0
2026-01-12,2,2026,Tamil Ndu,Respiratory,Respivan,Aerovant Pharma,1571,438.0,1799.0
2026-01-12,2,2026,  Karnataka  ,  Respiratory  ,Bronchel,Breathex Labs,4495,1168.0,5173.0
2026-01-12,2,2026,karnataka,DIABETES,Insulyn,Insulara Biotech,5973,2027.0,7066.0
2026-01-12,2,2026,W. Bengal,RESPIRATORY,Respivan,Aerovant Pharma,2117,660.0,2436.0
2026-01-12,2,2026,Delhi,diabetes,Insulyn,,5153,1146.0,6420.0
2026-01-12,2,2026,  Rajasthan  ,respiratory,Respivan,Aerovant Pharma,2510,672.0,2813.0
2026-01-12,2,2026,  Maharashtra  ,CARDIOLOGY,Vascolin,,2700,639.0,3269.0
2026-01-12,2,2026,  West Bengal  ,  Respiratory  ,Respivan,Aerovant Pharma,3493,1214.0,4123.0
2026-01-12,2,2026,West Bengal,DIABETES,Insulyn,Insulara Biotech,3976,1092.0,4675.0
2026-01-12,2,2026,TN,diabetes,Glucotend,Glucera Health,1975,514.0,2110.0
2026-01-12,2,2026,MAHARASHTRA,  Respiratory  ,Bronchel,Breathex Labs,5153,1665.0,5426.0
2026-01-12,2,2026,Gujarat,CARDIOLOGY,Vascolin,Zenova Biosciences,4022,1070.0,4388.0
2026-01-12,2,2026,West Bengal,CARDIOLOGY,Vascolin,Zenova Biosciences,4949,1183.0,5882.0
2026-01-12,2,2026,MAHARASHTRA,Cardiology,Vascolin,Zenova Biosciences,2142,687.0,2426.0
2026-01-12,2,2026,Karnatka,  Cardiology  ,Cordamet,Meditrix Labs,4921,1658.0,5667.0
2026-01-12,2,2026,GUJARAT,Cardiology,Cordamet,Meditrix Labs,5533,1813.0,6588.0
2026-01-12,2,2026,  Tamil Nadu  ,CARDIOLOGY,Cordamet,Meditrix Labs,5698,1880.0,6018.0
2026-01-12,2,2026,,  Diabetes  ,Metforal,Novanta Pharma,4284,1335.0,4783.0
2026-01-12,2,2026,Karnatka,Respiratory,Respivan,Aerovant Pharma,4091,1306.0,4757.0
2026-01-12,2,2026,KARNATAKA,DIABETES,Insulyn,Insulara Biotech,4230,856.0,4682.0
2026-01-12,2,2026,andhra pradesh,Cardiology,Cordamet,Meditrix Labs,4234,954.0,5275.0
2026-01-12,2,2026,MAHARASHTRA,  Cardiology  ,Vascolin,Zenova Biosciences,2997,884.0,3665.0
2026-01-12,2,2026,Rajasthan,respiratory,Airovent,Pulmovia Therapeutics,5032,1527.0,6238.0
2026-01-12,2,2026,Maharashtra,cardiology,Vascolin,,1956,476.0,2443.0
2026-01-12,2,2026,Karnatka,Diabetes,Metforal,,4028,997.0,4292.0
2026-01-12,2,2026,west bengal,DIABETES,Glucotend,,4169,1110.0,5144.0
2026-01-12,2,2026,  Gujarat  ,RESPIRATORY,Bronchel,Breathex Labs,1586,435.0,1787.0
2026-01-12,2,2026,KERALA,  Respiratory  ,Respivan,Aerovant Pharma,4296,963.0,5023.0
2026-01-12,2,2026,AndhraPradesh,respiratory,Bronchel,Breathex Labs,5598,1190.0,6135.0
2026-01-12,2,2026,  Tamil Nadu  ,Diabetes,Metforal,Novanta Pharma,2565,768.0,3170.0
2026-01-12,2,2026,Karnatka,cardiology,Cordamet,Meditrix Labs,5071,1089.0,5641.0
2026-01-12,2,2026,andhra pradesh,Diabetes,Glucotend,Glucera Health,1808,606.0,2253.0
2026-01-12,2,2026,Karnataka,diabetes,Insulyn,Insulara Biotech,4583,934.0,5330.0
2026-01-12,2,2026,Tamilnadu,CARDIOLOGY,Cordamet,Meditrix Labs,1600,471.0,1941.0
2026-01-12,2,2026,  Telangana  ,RESPIRATORY,Airovent,Pulmovia Therapeutics,1988,628.0,2393.0
2026-01-12,2,2026,Maharashtra,CARDIOLOGY,Vascolin,Zenova Biosciences,3342,744.0,4177.0
2026-01-12,2,2026,tamil nadu,  Cardiology  ,Cardivex,Corvyx Pharma,2689,751.0,3349.0
2026-01-12,2,2026,  Kerala  ,respiratory,Respivan,,4561,1375.0,5008.0
2026-01-12,2,2026,tamil nadu,DIABETES,Glucotend,Glucera Health,5024,1037.0,5417.0
2026-01-12,2,2026,Tamil Ndu,  Respiratory  ,Airovent,Pulmovia Therapeutics,2755,773.0,2917.0
2026-01-12,2,2026,maharashtra,CARDIOLOGY,Cordamet,,1848,558.0,2010.0
2026-01-12,2,2026,TAMIL NADU,CARDIOLOGY,Cardivex,Corvyx Pharma,2791,672.0,3343.0
2026-01-12,2,2026,delhi,  Cardiology  ,Cardivex,Corvyx Pharma,4081,1428.0,4970.0
2026-01-12,2,2026,karnataka,diabetes,Insulyn,Insulara Biotech,5719,1852.0,6129.0
2026-01-12,2,2026,Tamil Nadu,respiratory,Bronchel,Breathex Labs,5950,1632.0,6305.0
2026-01-12,2,2026,Tamil Nadu,cardiology,Cordamet,Meditrix Labs,1842,463.0,2146.0
2026-01-12,2,2026,Tamilnadu,cardiology,Cardivex,Corvyx Pharma,2101,693.0,2435.0
2026-01-12,2,2026,Tamilnadu,  Respiratory  ,Respivan,Aerovant Pharma,5450,1850.0,5943.0
2026-01-12,2,2026,maharashtra,CARDIOLOGY,Cordamet,Meditrix Labs,2620,758.0,3206.0
2026-01-12,2,2026,  Karnataka  ,RESPIRATORY,Airovent,,4132,1374.0,4664.0
2026-01-12,2,2026,GUJARAT,DIABETES,Insulyn,,4852,1101.0,5914.0
2026-01-12,2,2026,karnataka,Respiratory,Bronchel,Breathex Labs,2119,640.0,2261.0
2026-01-12,2,2026,delhi,Cardiology,Vascolin,Zenova Biosciences,5204,1521.0,6152.0
2026-01-12,2,2026,andhra pradesh,diabetes,Glucotend,Glucera Health,3642,863.0,4170.0
2026-01-12,2,2026,AndhraPradesh,  Cardiology  ,Cardivex,Corvyx Pharma,2506,723.0,2886.0
2026-01-12,2,2026,WEST BENGAL,respiratory,Respivan,Aerovant Pharma,5630,1128.0,6945.0
2026-01-12,2,2026,WEST BENGAL,  Respiratory  ,Bronchel,Breathex Labs,5426,1715.0,6104.0
2026-01-12,2,2026,  Tamil Nadu  ,  Respiratory  ,Bronchel,Breathex Labs,5123,1242.0,6301.0
2026-01-12,2,2026,  Karnataka  ,Respiratory,Airovent,Pulmovia Therapeutics,2517,599.0,2691.0
2026-01-12,2,2026,tamil nadu,Cardiology,Cardivex,Corvyx Pharma,4417,1320.0,5279.0
2026-01-12,2,2026,TELANGANA,RESPIRATORY,Bronchel,Breathex Labs,2122,577.0,2583.0
2026-01-12,2,2026,Gujarat,  Respiratory  ,Respivan,Aerovant Pharma,2521,704.0,3056.0
2026-01-12,2,2026,  Maharashtra  ,  Cardiology  ,Vascolin,,1655,444.0,1941.0
2026-01-12,2,2026,andhra pradesh,Cardiology,Vascolin,Zenova Biosciences,2847,738.0,3274.0
2026-01-12,2,2026,delhi,respiratory,Airovent,,5521,1588.0,6422.0
2026-01-12,2,2026,ANDHRA PRADESH,respiratory,Airovent,Pulmovia Therapeutics,5380,1584.0,5902.0
2026-01-12,2,2026,WEST BENGAL,CARDIOLOGY,Vascolin,,4537,1454.0,5152.0
2026-01-12,2,2026,Tamil Nadu,RESPIRATORY,Respivan,Aerovant Pharma,2949,848.0,3677.0
2026-01-12,2,2026,  Tamil Nadu  ,diabetes,Metforal,Novanta Pharma,4897,1564.0,5935.0
2026-01-12,2,2026,  Maharashtra  ,  Diabetes  ,Glucotend,Glucera Health,5453,1178.0,5786.0
2026-01-12,2,2026,  Telangana  ,Respiratory,Airovent,Pulmovia Therapeutics,2172,700.0,2289.0
2026-01-12,2,2026,  Andhra Pradesh  ,diabetes,Insulyn,Insulara Biotech,1751,605.0,1940.0
2026-01-12,2,2026,  Andhra Pradesh  ,  Cardiology  ,Cordamet,Meditrix Labs,2881,745.0,3243.0
2026-01-12,2,2026,AndhraPradesh,CARDIOLOGY,Cardivex,Corvyx Pharma,3949,1354.0,4755.0
2026-01-12,2,2026,Karnataka,  Diabetes  ,Glucotend,Glucera Health,2153,729.0,2571.0
2026-01-12,2,2026,ANDHRA PRADESH,  Respiratory  ,Respivan,Aerovant Pharma,3332,902.0,3661.0
2026-01-12,2,2026,west bengal,  Diabetes  ,Metforal,Novanta Pharma,1718,572.0,1883.0
2026-01-12,2,2026,rajasthan,diabetes,Glucotend,Glucera Health,4242,1239.0,4562.0
2026-01-12,2,2026,west bengal,diabetes,Insulyn,,4687,1055.0,5471.0
2026-01-12,2,2026,KARNATAKA,RESPIRATORY,Airovent,Pulmovia Therapeutics,3994,1241.0,4372.0
2026-01-12,2,2026,  Karnataka  ,respiratory,Bronchel,Breathex Labs,3261,1045.0,3901.0
2026-01-12,2,2026,WEST BENGAL,diabetes,Glucotend,Glucera Health,1743,451.0,2068.0
2026-01-12,2,2026,gujarat,Cardiology,Vascolin,Zenova Biosciences,5948,2051.0,6996.0
2026-01-12,2,2026,Tamil Ndu,  Diabetes  ,Glucotend,Glucera Health,3330,740.0,4050.0
2026-01-12,2,2026,Maharashtra,Cardiology,Cordamet,Meditrix Labs,3665,736.0,3980.0
2026-01-12,2,2026,  Karnataka  ,Cardiology,Vascolin,Zenova Biosciences,4466,976.0,5419.0
2026-01-12,2,2026,DELHI,Diabetes,Metforal,Novanta Pharma,4405,923.0,4869.0
2026-01-12,2,2026,Andhra Pradesh,cardiology,Cardivex,Corvyx Pharma,2900,897.0,3232.0
2026-01-12,2,2026,,  Cardiology  ,Cordamet,Meditrix Labs,3776,769.0,4369.0
2026-01-12,2,2026,Rajasthan,  Diabetes  ,Insulyn,Insulara Biotech,5501,1818.0,6791.0
2026-01-12,2,2026,tamil nadu,  Respiratory  ,Airovent,Pulmovia Therapeutics,5316,1205.0,6214.0
2026-01-12,2,2026,  Rajasthan  ,cardiology,Cordamet,,2379,615.0,2700.0
2026-01-12,2,2026,tamil nadu,diabetes,Metforal,Novanta Pharma,5727,1364.0,7129.0
2026-01-12,2,2026,maharashtra,Diabetes,Glucotend,,3038,791.0,3403.0
2026-01-12,2,2026,Delhi,Respiratory,Respivan,Aerovant Pharma,3277,694.0,3690.0
2026-01-12,2,2026,tamil nadu,cardiology,Vascolin,Zenova Biosciences,1855,418.0,2174.0
2026-01-12,2,2026,KERALA,respiratory,Airovent,Pulmovia Therapeutics,2555,785.0,2888.0
2026-01-12,2,2026,tamil nadu,  Cardiology  ,Vascolin,Zenova Biosciences,5400,1525.0,5983.0
2026-01-12,2,2026,kerala,  Cardiology  ,Cardivex,Corvyx Pharma,1603,555.0,1910.0
2026-01-12,2,2026,maharashtra,RESPIRATORY,Bronchel,Breathex Labs,3333,881.0,4053.0
2026-01-12,2,2026,WEST BENGAL,DIABETES,Insulyn,Insulara Biotech,2976,751.0,3469.0
2026-01-12,2,2026,rajasthan,DIABETES,Glucotend,,5100,1255.0,5521.0
2026-01-12,2,2026,WEST BENGAL,  Diabetes  ,Insulyn,Insulara Biotech,5900,1540.0,6436.0
2026-01-12,2,2026,Karnatka,respiratory,Airovent,Pulmovia Therapeutics,2189,727.0,2369.0
2026-01-12,2,2026,Tamilnadu,  Respiratory  ,Airovent,Pulmovia Therapeutics,2111,486.0,2491.0
2026-01-12,2,2026,Tamil Nadu,RESPIRATORY,Bronchel,Breathex Labs,5580,1574.0,6867.0
2026-01-12,2,2026,ANDHRA PRADESH,Diabetes,Metforal,Novanta Pharma,1988,636.0,2357.0
2026-01-12,2,2026,Kerala,RESPIRATORY,Respivan,Aerovant Pharma,2391,733.0,2599.0
2026-01-12,2,2026,delhi,CARDIOLOGY,Vascolin,Zenova Biosciences,5125,1748.0,5688.0
2026-01-12,2,2026,karnataka,CARDIOLOGY,Vascolin,Zenova Biosciences,5705,1617.0,6558.0
2026-01-12,2,2026,Tamil Ndu,  Cardiology  ,Cordamet,Meditrix Labs,3412,917.0,4095.0
2026-01-12,2,2026,  Telangana  ,respiratory,Airovent,Pulmovia Therapeutics,5686,1843.0,7066.0
2026-01-12,2,2026,Gujarat,RESPIRATORY,Respivan,,4019,997.0,4429.0
2026-01-12,2,2026,Tamil Ndu,Cardiology,Cordamet,Meditrix Labs,5538,1921.0,6438.0
2026-01-12,2,2026,Karnataka,diabetes,Metforal,Novanta Pharma,5538,1863.0,6435.0
2026-01-12,2,2026,Tamil Ndu,RESPIRATORY,Respivan,Aerovant Pharma,2425,698.0,2805.0
2026-01-12,2,2026,RAJASTHAN,Respiratory,Airovent,,2948,958.0,3243.0
2026-01-12,2,2026,Karnatka,cardiology,Cardivex,Corvyx Pharma,4266,1364.0,5291.0
2026-01-12,2,2026,AndhraPradesh,  Cardiology  ,Cordamet,Meditrix Labs,5575,1380.0,6773.0
2026-01-12,2,2026,  Kerala  ,Respiratory,Bronchel,Breathex Labs,2659,926.0,2922.0
2026-01-12,2,2026,Tamil Nadu,Cardiology,Cardivex,Corvyx Pharma,3487,883.0,3817.0
2026-01-12,2,2026,andhra pradesh,Respiratory,Bronchel,Breathex Labs,3100,658.0,3687.0
2026-01-12,2,2026,rajasthan,  Diabetes  ,Metforal,Novanta Pharma,2135,608.0,2310.0
2026-01-12,2,2026,karnataka,diabetes,Metforal,Novanta Pharma,5868,1334.0,7037.0
2026-01-12,2,2026,W. Bengal,CARDIOLOGY,Vascolin,Zenova Biosciences,5665,1411.0,6497.0
2026-01-12,2,2026,MAHARASHTRA,cardiology,Vascolin,Zenova Biosciences,5547,1258.0,6424.0
2026-01-12,2,2026,Tamil Ndu,Cardiology,Vascolin,,5023,1318.0,6169.0
2026-01-12,2,2026,  Maharashtra  ,Cardiology,Cardivex,Corvyx Pharma,4797,1101.0,5406.0
2026-01-12,2,2026,  Maharashtra  ,  Cardiology  ,Cardivex,,2246,605.0,2515.0
2026-01-12,2,2026,TAMIL NADU,diabetes,Insulyn,Insulara Biotech,1921,493.0,2272.0
2026-01-12,2,2026,KARNATAKA,RESPIRATORY,Airovent,,5345,1622.0,5639.0
2026-01-12,2,2026,WestBengal,DIABETES,Glucotend,Glucera Health,1824,609.0,1917.0
2026-01-12,2,2026,  Karnataka  ,DIABETES,Insulyn,Insulara Biotech,5895,1242.0,7367.0
2026-01-12,2,2026,Kerala,cardiology,Cordamet,,5516,1641.0,6360.0
2026-01-12,2,2026,  Tamil Nadu  ,  Cardiology  ,Vascolin,Zenova Biosciences,5981,1621.0,7473.0
2026-01-12,2,2026,tamil nadu,RESPIRATORY,Respivan,,5633,1946.0,6110.0
2026-01-12,2,2026,Tamil Ndu,diabetes,Metforal,Novanta Pharma,4016,1367.0,4263.0
2026-01-12,2,2026,tamil nadu,RESPIRATORY,Bronchel,Breathex Labs,2499,725.0,3021.0
2026-01-12,2,2026,Tamilnadu,DIABETES,Insulyn,Insulara Biotech,2329,732.0,2468.0
2026-01-12,2,2026,DELHI,Respiratory,Respivan,,1543,353.0,1810.0
2026-01-12,2,2026,Tamil Nadu,Diabetes,Glucotend,Glucera Health,4723,1358.0,5077.0
2026-01-12,2,2026,DELHI,respiratory,Respivan,Aerovant Pharma,3076,767.0,3500.0
2026-01-12,2,2026,Karnatka,RESPIRATORY,Bronchel,,1958,566.0,2181.0
2026-01-12,2,2026,TN,DIABETES,Metforal,Novanta Pharma,3384,1140.0,4194.0
2026-01-12,2,2026,  Gujarat  ,diabetes,Glucotend,Glucera Health,2131,707.0,2281.0
2026-01-12,2,2026,  Rajasthan  ,  Diabetes  ,Insulyn,Insulara Biotech,4598,1059.0,5016.0
2026-01-12,2,2026,  Karnataka  ,diabetes,Metforal,Novanta Pharma,5146,1145.0,5540.0
2026-01-12,2,2026,  Kerala  ,diabetes,Insulyn,Insulara Biotech,2212,552.0,2469.0
2026-01-12,2,2026,RAJASTHAN,RESPIRATORY,Bronchel,Breathex Labs,1910,540.0,2199.0
2026-01-12,2,2026,telangana,  Cardiology  ,Cordamet,Meditrix Labs,4132,1105.0,5016.0
2026-01-12,2,2026,KERALA,  Cardiology  ,Vascolin,,5823,2035.0,6909.0
2026-01-12,2,2026,TN,CARDIOLOGY,Cordamet,Meditrix Labs,3774,1214.0,4241.0
2026-01-12,2,2026,WEST BENGAL,  Diabetes  ,Metforal,Novanta Pharma,1518,344.0,1778.0
2026-01-12,2,2026,Kerala,Diabetes,Metforal,Novanta Pharma,3918,1052.0,4837.0
2026-01-12,2,2026,  Gujarat  ,Cardiology,Vascolin,,5540,1287.0,6465.0
2026-01-12,2,2026,West Bengal,respiratory,Respivan,Aerovant Pharma,5123,1368.0,5470.0
2026-01-12,2,2026,  Karnataka  ,Respiratory,Respivan,Aerovant Pharma,5652,1727.0,6028.0
2026-01-12,2,2026,TN,  Diabetes  ,Metforal,Novanta Pharma,5083,1525.0,6252.0
2026-01-12,2,2026,tamil nadu,Cardiology,Cordamet,Meditrix Labs,3829,930.0,4719.0
2026-01-12,2,2026,maharashtra,Cardiology,Cordamet,,3526,1201.0,3740.0
2026-01-12,2,2026,telangana,RESPIRATORY,Airovent,,3301,914.0,3990.0
2026-01-12,2,2026,karnataka,Diabetes,Insulyn,Insulara Biotech,5053,1294.0,5451.0
2026-01-12,2,2026,KARNATAKA,  Respiratory  ,Airovent,Pulmovia Therapeutics,2011,590.0,2131.0
2026-01-12,2,2026,WEST BENGAL,Diabetes,Metforal,Novanta Pharma,1624,505.0,2025.0
2026-01-12,2,2026,west bengal,CARDIOLOGY,Cordamet,Meditrix Labs,4869,1393.0,5878.0
2026-01-12,2,2026,west bengal,cardiology,Cardivex,Corvyx Pharma,5261,1369.0,6323.0
2026-01-12,2,2026,Maharashtra,respiratory,Bronchel,Breathex Labs,4650,983.0,5322.0
2026-01-12,2,2026,west bengal,  Cardiology  ,Cordamet,Meditrix Labs,4212,1207.0,5122.0
2026-01-12,2,2026,Karnataka ,diabetes,Glucotend,Glucera Health,5915,1553.0,6679.0
2026-01-12,2,2026,Kerala,cardiology,Vascolin,,1705,377.0,2129.0
2026-01-12,2,2026,  Andhra Pradesh  ,DIABETES,Metforal,Novanta Pharma,3696,802.0,4462.0
2026-01-12,2,2026,  Rajasthan  ,CARDIOLOGY,Cardivex,Corvyx Pharma,3437,890.0,3762.0
2026-01-12,2,2026,GUJARAT,cardiology,Vascolin,Zenova Biosciences,2522,849.0,3129.0
2026-01-12,2,2026,kerala,  Diabetes  ,Metforal,,4847,1064.0,5225.0
2026-01-12,2,2026,  West Bengal  ,RESPIRATORY,Airovent,,2201,671.0,2504.0
2026-01-12,2,2026,Delhi,Diabetes,Metforal,Novanta Pharma,1917,589.0,2177.0
2026-01-12,2,2026,Tamil Nadu,cardiology,Cordamet,,4717,1031.0,5039.0
2026-01-12,2,2026,WestBengal,respiratory,Airovent,Pulmovia Therapeutics,2394,535.0,2539.0
2026-01-12,2,2026,RAJASTHAN,cardiology,Cardivex,Corvyx Pharma,4684,1489.0,5634.0
2026-01-12,2,2026,kerala,cardiology,Cardivex,Corvyx Pharma,3667,735.0,4077.0
2026-01-12,2,2026,MAHARASHTRA,  Respiratory  ,Airovent,,2410,605.0,2907.0
2026-01-12,2,2026,gujarat,respiratory,Respivan,,4563,1055.0,5151.0
2026-01-12,2,2026,  West Bengal  ,Respiratory,Bronchel,Breathex Labs,4839,1561.0,5224.0
2026-01-12,2,2026,west bengal,respiratory,Respivan,,1826,496.0,2276.0
2026-01-12,2,2026,gujarat,DIABETES,Metforal,,5541,1572.0,6657.0
2026-01-12,2,2026,TAMIL NADU,RESPIRATORY,Respivan,Aerovant Pharma,2475,787.0,2930.0
2026-01-12,2,2026,DELHI,Respiratory,Bronchel,,3235,688.0,3664.0
2026-01-12,2,2026,W. Bengal,Diabetes,Metforal,Novanta Pharma,4542,1022.0,4854.0
2026-01-12,2,2026,TELANGANA,diabetes,Insulyn,,3339,713.0,3744.0
2026-01-12,2,2026,  Karnataka  ,RESPIRATORY,Bronchel,,4824,1672.0,5359.0
2026-01-12,2,2026,delhi,  Cardiology  ,Cordamet,,3546,768.0,4330.0
2026-01-12,2,2026,Tamil Ndu,DIABETES,Metforal,Novanta Pharma,2140,706.0,2671.0
2026-01-12,2,2026,Andhra Pradesh,Cardiology,Cardivex,Corvyx Pharma,1925,619.0,2237.0
2026-01-12,2,2026,Karnatka,Respiratory,Airovent,Pulmovia Therapeutics,2979,672.0,3198.0
2026-01-12,2,2026,KARNATAKA,diabetes,Metforal,Novanta Pharma,2439,760.0,2752.0
2026-01-12,2,2026,Tamil Ndu,Cardiology,Cardivex,Corvyx Pharma,2882,954.0,3372.0
2026-01-12,2,2026,karnataka,  Cardiology  ,Vascolin,Zenova Biosciences,3755,895.0,4118.0
2026-01-12,2,2026,ANDHRA PRADESH,Diabetes,Glucotend,Glucera Health,4530,1136.0,5076.0
2026-01-12,2,2026,Delhi,Cardiology,Cordamet,,5377,1698.0,6575.0
2026-01-12,2,2026,West Bengal,  Cardiology  ,Cardivex,,4487,1304.0,5061.0
2026-01-12,2,2026,Karnataka ,cardiology,Cordamet,Meditrix Labs,3109,883.0,3627.0
2026-01-12,2,2026,Telangana,CARDIOLOGY,Vascolin,,2265,612.0,2601.0
2026-01-12,2,2026,ANDHRA PRADESH,cardiology,Vascolin,Zenova Biosciences,3299,838.0,4116.0
2026-01-12,2,2026,  Kerala  ,  Respiratory  ,Respivan,,5828,1995.0,6759.0
2026-01-12,2,2026,DELHI,  Cardiology  ,Cardivex,,1535,451.0,1667.0
2026-01-12,2,2026,  Kerala  ,cardiology,Vascolin,,3320,691.0,4107.0
2026-01-12,2,2026,Karnataka,diabetes,Glucotend,Glucera Health,5668,1459.0,6376.0
2026-01-12,2,2026,ANDHRA PRADESH,  Respiratory  ,Airovent,Pulmovia Therapeutics,2166,686.0,2607.0
2026-01-12,2,2026,Tamil Ndu,diabetes,Insulyn,Insulara Biotech,3891,992.0,4840.0
2026-01-12,2,2026,  Tamil Nadu  ,Cardiology,Cardivex,Corvyx Pharma,3216,936.0,3751.0
2026-01-12,2,2026,GUJARAT,diabetes,Metforal,,3351,1146.0,3626.0
2026-01-12,2,2026,  Delhi  ,DIABETES,Insulyn,,4711,1420.0,5485.0
2026-01-12,2,2026,Andhra Pradesh,cardiology,Cordamet,Meditrix Labs,2391,786.0,2816.0
2026-01-12,2,2026,MAHARASHTRA,Diabetes,Metforal,,4262,1327.0,4779.0
2026-01-12,2,2026,TAMIL NADU,  Diabetes  ,Glucotend,Glucera Health,5950,1470.0,6833.0
2026-01-12,2,2026,WestBengal,DIABETES,Metforal,,5127,1146.0,5525.0
2026-01-12,2,2026,Delhi,  Respiratory  ,Bronchel,,5489,1397.0,6721.0
2026-01-12,2,2026,Tamil Ndu,  Cardiology  ,Cardivex,Corvyx Pharma,4003,1392.0,4411.0
2026-01-12,2,2026,karnataka,CARDIOLOGY,Cordamet,Meditrix Labs,4852,1491.0,5487.0
2026-01-12,2,2026,AndhraPradesh,respiratory,Bronchel,,2249,778.0,2753.0
2026-01-12,2,2026,TN,RESPIRATORY,Respivan,Aerovant Pharma,3464,736.0,3919.0
2026-01-12,2,2026,Tamilnadu,Diabetes,Metforal,Novanta Pharma,1513,485.0,1858.0
2026-01-12,2,2026,TELANGANA,cardiology,Cordamet,Meditrix Labs,4643,1254.0,5417.0
2026-01-12,2,2026,Maharashtra,Cardiology,Cardivex,,2784,667.0,3082.0
2026-01-12,2,2026,Tamil Nadu,  Diabetes  ,Insulyn,Insulara Biotech,3483,743.0,4061.0
2026-01-12,2,2026,  Kerala  ,  Respiratory  ,Respivan,Aerovant Pharma,1510,443.0,1632.0
2026-01-12,2,2026,WEST BENGAL,Cardiology,Cardivex,,1565,522.0,1719.0
2026-01-12,2,2026,Tamil Ndu,Respiratory,Airovent,Pulmovia Therapeutics,3494,777.0,3893.0
2026-01-12,2,2026,  Tamil Nadu  ,cardiology,Cardivex,Corvyx Pharma,3190,1016.0,3863.0
2026-01-12,2,2026,KERALA,CARDIOLOGY,Vascolin,,4512,1322.0,5031.0
2026-01-12,2,2026,GUJARAT,Diabetes,Metforal,,2216,732.0,2352.0
2026-01-12,2,2026,Karnataka,  Cardiology  ,Vascolin,,5549,1462.0,6315.0
2026-01-12,2,2026,Andhra Pradesh,Diabetes,Insulyn,,4484,1109.0,5438.0
2026-01-12,2,2026,  Kerala  ,Diabetes,Insulyn,Insulara Biotech,3755,1238.0,4552.0
2026-01-12,2,2026,KERALA,diabetes,Metforal,,4375,907.0,4679.0
2026-01-12,2,2026,RAJASTHAN,Diabetes,Metforal,,5424,1744.0,5978.0
2026-01-12,2,2026,  Telangana  ,cardiology,Vascolin,Zenova Biosciences,5910,1333.0,6596.0
2026-01-12,2,2026,  Delhi  ,  Cardiology  ,Vascolin,,2727,646.0,2980.0
2026-01-12,2,2026,West Bengal,cardiology,Cordamet,Meditrix Labs,4144,1081.0,4887.0
2026-01-12,2,2026,,diabetes,Metforal,Novanta Pharma,1720,588.0,2002.0
2026-01-12,2,2026,W. Bengal,  Cardiology  ,Cardivex,Corvyx Pharma,1977,480.0,2079.0
2026-01-12,2,2026,Tamil Ndu,cardiology,Cordamet,Meditrix Labs,4730,1493.0,5473.0
2026-01-12,2,2026,  West Bengal  ,Cardiology,Cordamet,Meditrix Labs,4288,923.0,4531.0
2026-01-12,2,2026,  Kerala  ,  Cardiology  ,Cordamet,Meditrix Labs,2940,726.0,3405.0
2026-01-12,2,2026,  Maharashtra  ,  Diabetes  ,Insulyn,Insulara Biotech,4819,1414.0,5423.0
2026-01-12,2,2026,Gujarat,DIABETES,Metforal,Novanta Pharma,2206,708.0,2673.0
2026-01-12,2,2026,maharashtra,  Diabetes  ,Insulyn,,2754,664.0,3226.0
2026-01-12,2,2026,  Gujarat  ,diabetes,Metforal,,4102,1156.0,4616.0
2026-01-12,2,2026,TAMIL NADU,respiratory,Bronchel,Breathex Labs,5901,1342.0,6769.0
2026-01-12,2,2026,Karnataka ,cardiology,Vascolin,,2393,632.0,2654.0
2026-01-12,2,2026,delhi,  Cardiology  ,Cardivex,,2249,730.0,2520.0
2026-01-12,2,2026,GUJARAT,Respiratory,Respivan,,4866,1171.0,5985.0
2026-01-12,2,2026,WestBengal,  Cardiology  ,Cordamet,Meditrix Labs,4573,1031.0,5642.0
2026-01-12,2,2026,  Karnataka  ,  Respiratory  ,Respivan,,5269,1060.0,5911.0
2026-01-12,2,2026,Karnatka,  Respiratory  ,Bronchel,Breathex Labs,2052,613.0,2470.0
2026-01-12,2,2026,Karnatka,Diabetes,Insulyn,,3012,914.0,3222.0
2026-01-12,2,2026,Andhra Pradesh,RESPIRATORY,Bronchel,,4440,1037.0,5088.0
2026-01-12,2,2026,  Telangana  ,DIABETES,Glucotend,,2001,501.0,2458.0
2026-01-12,2,2026,Tamil Ndu,  Cardiology  ,Cardivex,,4834,1087.0,5096.0
2026-01-12,2,2026,tamil nadu,  Diabetes  ,Glucotend,Glucera Health,5760,1450.0,6983.0
2026-01-12,2,2026,Tamil Ndu,respiratory,Respivan,Aerovant Pharma,5985,1620.0,6483.0
2026-01-12,2,2026,Karnataka ,CARDIOLOGY,Cardivex,,3536,1145.0,4091.0
2026-01-12,2,2026,  Telangana  ,  Respiratory  ,Respivan,,5927,1681.0,6773.0
2026-01-12,2,2026,ANDHRA PRADESH,  Cardiology  ,Cordamet,Meditrix Labs,4501,1432.0,4826.0
2026-01-12,2,2026,karnataka,  Cardiology  ,Cardivex,,4912,1105.0,5409.0
2026-01-12,2,2026,  Delhi  ,Diabetes,Insulyn,,1917,387.0,2279.0
2026-01-12,2,2026,  Karnataka  ,Diabetes,Metforal,,1700,409.0,2024.0
2026-01-12,2,2026,  West Bengal  ,  Cardiology  ,Vascolin,Zenova Biosciences,2901,657.0,3602.0
2026-01-12,2,2026,GUJARAT,Diabetes,Insulyn,,2482,691.0,3001.0
2026-01-12,2,2026,MAHARASHTRA,  Respiratory  ,Respivan,,2395,816.0,2600.0
2026-01-12,2,2026,MAHARASHTRA,DIABETES,Metforal,,3959,1283.0,4337.0
2026-01-12,2,2026,delhi,Respiratory,Airovent,,3077,635.0,3428.0
2026-01-12,2,2026,  Rajasthan  ,RESPIRATORY,Airovent,,3855,952.0,4225.0
2026-01-12,2,2026,,  Cardiology  ,Vascolin,Zenova Biosciences,4530,1530.0,5245.0
2026-01-12,2,2026,KERALA,RESPIRATORY,Bronchel,,2279,593.0,2457.0
2026-01-12,2,2026,rajasthan,Cardiology,Cardivex,,5368,1252.0,6084.0
2026-01-12,2,2026,tamil nadu,RESPIRATORY,Airovent,Pulmovia Therapeutics,4996,1722.0,5874.0
2026-01-12,2,2026,GUJARAT,Respiratory,Airovent,,5896,1594.0,6472.0
2026-01-12,2,2026,rajasthan,Respiratory,Respivan,,3927,1180.0,4853.0
2026-01-12,2,2026,  Karnataka  ,DIABETES,Glucotend,Glucera Health,3059,1057.0,3751.0
2026-01-12,2,2026,Tamil Ndu,respiratory,Bronchel,,1784,409.0,2202.0
2026-01-12,2,2026,  Delhi  ,diabetes,Glucotend,,5966,1643.0,6576.0
2026-01-12,2,2026,WEST BENGAL,cardiology,Cordamet,,5831,1487.0,7221.0
2026-01-12,2,2026,KERALA,Respiratory,Bronchel,,5017,1579.0,5978.0
2026-01-12,2,2026,telangana,  Diabetes  ,Insulyn,Insulara Biotech,4027,1178.0,4370.0
2026-01-12,2,2026,  Rajasthan  ,DIABETES,Insulyn,Insulara Biotech,5608,1140.0,6362.0
2026-01-12,2,2026,KARNATAKA,cardiology,Vascolin,,4996,1250.0,5426.0
2026-01-12,2,2026,TN,cardiology,Vascolin,,1996,606.0,2238.0
2026-01-12,2,2026,KARNATAKA,  Diabetes  ,Metforal,,4090,1006.0,5038.0
2026-01-12,2,2026,TN,respiratory,Airovent,,2933,926.0,3115.0
2026-01-12,2,2026,GUJARAT,CARDIOLOGY,Vascolin,,5334,1402.0,6194.0
2026-01-12,2,2026,  Gujarat  ,cardiology,Cordamet,,3019,799.0,3640.0
2026-01-12,2,2026,WestBengal,RESPIRATORY,Bronchel,Breathex Labs,2362,790.0,2933.0
2026-01-12,2,2026,delhi,RESPIRATORY,Bronchel,,4469,1160.0,5071.0
2026-01-12,2,2026,  Maharashtra  ,Cardiology,Vascolin,,3795,1259.0,4504.0
2026-01-12,2,2026,AndhraPradesh,Respiratory,Bronchel,Breathex Labs,3150,844.0,3881.0
2026-01-12,2,2026,delhi,DIABETES,Glucotend,,2931,764.0,3097.0
2026-01-12,2,2026,WEST BENGAL,Diabetes,Insulyn,Insulara Biotech,1797,578.0,1890.0
2026-01-12,2,2026,W. Bengal,Respiratory,Airovent,,2930,749.0,3116.0
2026-01-12,2,2026,Andhra Pradesh,cardiology,Cordamet,,3510,1075.0,4084.0
2026-01-12,2,2026,DELHI,  Respiratory  ,Airovent,,3112,688.0,3388.0
2026-01-12,2,2026,rajasthan,Respiratory,Airovent,,5440,1522.0,6630.0
2026-01-12,2,2026,TAMIL NADU,Respiratory,Respivan,Aerovant Pharma,4871,990.0,5963.0
2026-01-12,2,2026,kerala,RESPIRATORY,Bronchel,,3516,886.0,3811.0
2026-01-12,2,2026,  Tamil Nadu  ,Cardiology,Cordamet,,2340,594.0,2754.0
2026-01-12,2,2026,Telangana,RESPIRATORY,Airovent,,2089,675.0,2430.0
2026-01-12,2,2026,  Gujarat  ,DIABETES,Metforal,,5526,1631.0,6494.0
2026-01-12,2,2026,  Tamil Nadu  ,Respiratory,Airovent,Pulmovia Therapeutics,3392,931.0,3929.0
2026-01-12,2,2026,  Delhi  ,cardiology,Cardivex,,2416,695.0,2880.0
2026-01-12,2,2026,  Maharashtra  ,cardiology,Cardivex,,2647,898.0,2935.0
2026-01-12,2,2026,MAHARASHTRA,cardiology,Vascolin,,2944,1029.0,3607.0
2026-01-12,2,2026,WestBengal,  Diabetes  ,Insulyn,Insulara Biotech,3627,1212.0,4470.0
2026-01-12,2,2026,  Karnataka  ,respiratory,Respivan,,1716,461.0,1815.0
2026-01-12,2,2026,Karnatka,respiratory,Airovent,,1973,490.0,2109.0
2026-01-12,2,2026,  Gujarat  ,Cardiology,Cordamet,,3615,1073.0,4513.0
2026-01-12,2,2026,Tamil Nadu,  Cardiology  ,Cordamet,,5724,1978.0,6054.0
2026-01-12,2,2026,  Rajasthan  ,diabetes,Insulyn,,3457,716.0,3757.0
2026-01-12,2,2026,Andhra Pradesh,Respiratory,Airovent,,3058,704.0,3279.0
2026-01-12,2,2026,  Telangana  ,  Cardiology  ,Vascolin,,5364,1081.0,5669.0
2026-01-12,2,2026,  Maharashtra  ,CARDIOLOGY,Cordamet,,4722,1087.0,5861.0
2026-01-12,2,2026,AndhraPradesh,  Cardiology  ,Cardivex,,4582,1049.0,5487.0
2026-01-12,2,2026,  Tamil Nadu  ,Respiratory,Bronchel,Breathex Labs,4140,1301.0,4895.0
2026-01-12,2,2026,MAHARASHTRA,respiratory,Bronchel,,4020,1167.0,4528.0
2026-01-12,2,2026,TN,  Respiratory  ,Airovent,Pulmovia Therapeutics,2084,586.0,2572.0
2026-01-12,2,2026,Tamil Nadu,  Diabetes  ,Metforal,,4525,1061.0,5632.0
2026-01-12,2,2026,  West Bengal  ,  Diabetes  ,Insulyn,,2192,490.0,2589.0
2026-01-12,2,2026,Maharashtra,diabetes,Insulyn,,5161,1476.0,5745.0
2026-01-12,2,2026,MAHARASHTRA,  Diabetes  ,Glucotend,,3958,1021.0,4483.0
2026-01-12,2,2026,  Gujarat  ,  Respiratory  ,Airovent,,5903,1233.0,6336.0
2026-01-12,2,2026,GUJARAT,DIABETES,Glucotend,,4658,1061.0,5054.0
2026-01-12,2,2026,AndhraPradesh,cardiology,Cardivex,,3743,925.0,4351.0
2026-01-12,2,2026,Tamil Nadu,  Respiratory  ,Bronchel,,3256,869.0,3962.0
2026-01-12,2,2026,telangana,diabetes,Metforal,,3504,794.0,3945.0
2026-01-12,2,2026,  Kerala  ,RESPIRATORY,Respivan,Aerovant Pharma,1748,366.0,2107.0
2026-01-12,2,2026,Kerala,respiratory,Bronchel,,3991,1009.0,4435.0
2026-01-12,2,2026,WEST BENGAL,DIABETES,Metforal,,4221,992.0,5230.0
2026-01-12,2,2026,west bengal,CARDIOLOGY,Vascolin,,1545,471.0,1905.0
2026-01-12,2,2026,TELANGANA,diabetes,Metforal,,1760,487.0,1889.0
2026-01-12,2,2026,Tamil Ndu,  Respiratory  ,Airovent,,4807,1118.0,5735.0
2026-01-12,2,2026,MAHARASHTRA,Respiratory,Bronchel,,4388,1297.0,5469.0
2026-01-12,2,2026,  Kerala  ,  Diabetes  ,Insulyn,,4001,1106.0,4329.0
2026-01-12,2,2026,TN,respiratory,Bronchel,Breathex Labs,4865,1605.0,5578.0
2026-01-12,2,2026,  Delhi  ,DIABETES,Glucotend,,3024,725.0,3606.0
2026-01-12,2,2026,Gujarat,CARDIOLOGY,Vascolin,,1962,607.0,2295.0
2026-01-12,2,2026,Tamilnadu,respiratory,Respivan,,2043,480.0,2408.0
2026-01-12,2,2026,Karnataka ,  Respiratory  ,Respivan,,2562,894.0,2881.0
2026-01-12,2,2026,  Delhi  ,respiratory,Airovent,,4070,874.0,4302.0
2026-01-12,2,2026,rajasthan,  Respiratory  ,Airovent,,3683,806.0,4473.0
2026-01-12,2,2026,Karnataka ,RESPIRATORY,Respivan,Aerovant Pharma,2390,594.0,2711.0
2026-01-12,2,2026,Karnataka,Respiratory,Bronchel,Breathex Labs,5462,1215.0,6003.0
2026-01-12,2,2026,TAMIL NADU,  Cardiology  ,Cordamet,Meditrix Labs,5255,1497.0,6274.0
2026-01-12,2,2026,  Maharashtra  ,RESPIRATORY,Airovent,,5427,1696.0,6100.0
2026-01-12,2,2026,West Bengal,diabetes,Insulyn,,3672,1260.0,4023.0
2026-01-12,2,2026,W. Bengal,  Respiratory  ,Respivan,,2606,535.0,2893.0
2026-01-12,2,2026,Tamil Nadu,  Respiratory  ,Respivan,,1723,456.0,1998.0
2026-01-12,2,2026,Telangana,diabetes,Insulyn,,3834,1298.0,4106.0
2026-01-12,2,2026,TN,cardiology,Cardivex,Corvyx Pharma,2537,858.0,3085.0
2026-01-12,2,2026,TN,  Diabetes  ,Glucotend,Glucera Health,4001,1100.0,4248.0
2026-01-12,2,2026,  West Bengal  ,cardiology,Vascolin,Zenova Biosciences,4560,1556.0,5531.0
2026-01-12,2,2026,tamil nadu,  Respiratory  ,Respivan,,3891,900.0,4377.0
2026-01-12,2,2026,,Diabetes,Glucotend,,1614,475.0,1968.0
2026-01-12,2,2026,  West Bengal  ,DIABETES,Metforal,,3843,781.0,4195.0
2026-01-12,2,2026,rajasthan,  Diabetes  ,Metforal,,4365,1503.0,5341.0
2026-01-12,2,2026,  Gujarat  ,respiratory,Respivan,,3519,1164.0,4363.0
2026-01-12,2,2026,  Gujarat  ,Diabetes,Glucotend,,5174,1100.0,5932.0
2026-01-12,2,2026,MAHARASHTRA,diabetes,Metforal,,4107,931.0,5020.0
2026-01-12,2,2026,Tamil Ndu,Diabetes,Insulyn,,3106,892.0,3352.0
2026-01-12,2,2026,WestBengal,Diabetes,Insulyn,,4480,987.0,5049.0
2026-01-12,2,2026,TELANGANA,RESPIRATORY,Respivan,,4373,1227.0,4674.0
2026-01-12,2,2026,  West Bengal  ,respiratory,Bronchel,,3411,735.0,3773.0
2026-01-12,2,2026,delhi,cardiology,Cardivex,,1682,529.0,1882.0
2026-01-12,2,2026,  Rajasthan  ,  Respiratory  ,Airovent,,1828,391.0,2090.0
2026-01-12,2,2026,West Bengal,  Cardiology  ,Vascolin,,5946,1963.0,7120.0
2026-01-12,2,2026,Maharashtra,  Respiratory  ,Airovent,,5191,1330.0,5602.0
2026-01-12,2,2026,rajasthan,  Cardiology  ,Cordamet,,2508,828.0,2775.0
2026-01-12,2,2026,Tamil Ndu,CARDIOLOGY,Vascolin,Zenova Biosciences,5729,1568.0,6703.0
2026-01-12,2,2026,  Rajasthan  ,Respiratory,Respivan,,1730,480.0,1829.0
2026-01-12,2,2026,rajasthan,DIABETES,Metforal,,1595,558.0,1766.0
2026-01-12,2,2026,kerala,  Respiratory  ,Respivan,,1853,621.0,2245.0
2026-01-12,2,2026,Kerala,Diabetes,Insulyn,,1512,420.0,1679.0
2026-01-12,2,2026,delhi,  Respiratory  ,Respivan,,2187,503.0,2413.0
2026-01-12,2,2026,TAMIL NADU,  Cardiology  ,Vascolin,Zenova Biosciences,2959,632.0,3534.0
2026-01-12,2,2026,W. Bengal,RESPIRATORY,Respivan,,4758,1356.0,5489.0
2026-01-12,2,2026,TAMIL NADU,Cardiology,Vascolin,,3417,849.0,4175.0
2026-01-12,2,2026,karnataka,RESPIRATORY,Bronchel,,2902,744.0,3577.0
2026-01-12,2,2026,  Telangana  ,CARDIOLOGY,Cordamet,,3014,671.0,3437.0
2026-01-12,2,2026,karnataka,diabetes,Metforal,,4730,956.0,5171.0
2026-01-12,2,2026,KERALA,Cardiology,Cordamet,,3689,757.0,4207.0
2026-01-12,2,2026,TN,CARDIOLOGY,Vascolin,,3626,920.0,3830.0
2026-01-12,2,2026,W. Bengal,Cardiology,Cardivex,,3307,1015.0,3985.0
2026-01-12,2,2026,Gujarat,  Diabetes  ,Glucotend,,5313,1421.0,6432.0
2026-01-12,2,2026,RAJASTHAN,Diabetes,Insulyn,,4648,1565.0,5504.0
2026-01-12,2,2026,  Telangana  ,cardiology,Cardivex,,4511,963.0,5200.0
2026-01-12,2,2026,tamil nadu,DIABETES,Glucotend,,3621,976.0,4297.0
2026-01-12,2,2026,,  Diabetes  ,Metforal,,3517,1084.0,4016.0
2026-01-12,2,2026,Karnatka,diabetes,Insulyn,,4650,1182.0,4921.0
2026-01-12,2,2026,WestBengal,RESPIRATORY,Airovent,Pulmovia Therapeutics,3571,837.0,4408.0
2026-01-12,2,2026,Rajasthan,  Diabetes  ,Insulyn,,3929,841.0,4793.0
2026-01-12,2,2026,karnataka,DIABETES,Glucotend,,4801,1477.0,5486.0
2026-01-12,2,2026,Rajasthan,Respiratory,Respivan,,4479,1509.0,5374.0
2026-01-12,2,2026,Gujarat,  Respiratory  ,Respivan,,4720,1473.0,5257.0
2026-01-12,2,2026,Tamil Ndu,diabetes,Glucotend,,5473,1591.0,6452.0
2026-01-12,2,2026,GUJARAT,RESPIRATORY,Bronchel,,3305,831.0,3663.0
2026-01-12,2,2026,Karnataka,Respiratory,Airovent,,5554,1368.0,6509.0
2026-01-12,2,2026,Rajasthan,respiratory,Respivan,,4008,1292.0,4919.0
2026-01-12,2,2026,Andhra Pradesh,  Respiratory  ,Bronchel,,1824,387.0,2123.0
2026-01-12,2,2026,RAJASTHAN,cardiology,Cardivex,,3189,1055.0,3703.0
2026-01-12,2,2026,Karnataka ,Cardiology,Vascolin,,3138,734.0,3335.0
2026-01-12,2,2026,Karnataka ,  Diabetes  ,Glucotend,,2602,731.0,3171.0
2026-01-12,2,2026,AndhraPradesh,RESPIRATORY,Airovent,,3126,694.0,3669.0
2026-01-12,2,2026,MAHARASHTRA,CARDIOLOGY,Cordamet,,1795,429.0,2116.0
2026-01-12,2,2026,karnataka,  Cardiology  ,Vascolin,,4304,954.0,5060.0
2026-01-12,2,2026,tamil nadu,cardiology,Vascolin,,1506,330.0,1682.0
2026-01-12,2,2026,WestBengal,  Diabetes  ,Insulyn,,5116,1515.0,5767.0
2026-01-12,2,2026,Kerala,Respiratory,Respivan,,3789,1310.0,4446.0
2026-01-12,2,2026,MAHARASHTRA,CARDIOLOGY,Vascolin,,3065,870.0,3551.0
2026-01-12,2,2026,KERALA,CARDIOLOGY,Cardivex,,4408,1207.0,5446.0
2026-01-12,2,2026,  Andhra Pradesh  ,Respiratory,Bronchel,,5508,1446.0,5963.0
2026-01-12,2,2026,  Telangana  ,Respiratory,Respivan,,4559,1534.0,5068.0
2026-01-12,2,2026,kerala,Respiratory,Bronchel,,1860,542.0,2053.0
2026-01-12,2,2026,  Maharashtra  ,respiratory,Respivan,,2622,549.0,3112.0
2026-01-12,2,2026,maharashtra,cardiology,Cordamet,,3076,615.0,3582.0
2026-01-12,2,2026,WestBengal,  Diabetes  ,Metforal,,2219,457.0,2750.0
2026-01-12,2,2026,West Bengal,DIABETES,Glucotend,Glucera Health,5635,1467.0,6949.0
2026-01-12,2,2026,  Maharashtra  ,Diabetes,Insulyn,,5011,1634.0,6107.0
2026-01-12,2,2026,Tamil Ndu,diabetes,Metforal,,4251,1183.0,4616.0
2026-01-12,2,2026,andhra pradesh,CARDIOLOGY,Cardivex,,2102,478.0,2413.0
2026-01-12,2,2026,ANDHRA PRADESH,CARDIOLOGY,Vascolin,,3977,1171.0,4789.0
2026-01-12,2,2026,  Gujarat  ,Diabetes,Metforal,,5177,1261.0,6437.0
2026-01-12,2,2026,karnataka,RESPIRATORY,Respivan,,1521,507.0,1792.0
2026-01-12,2,2026,andhra pradesh,diabetes,Insulyn,,1780,433.0,1887.0
2026-01-12,2,2026,kerala,  Respiratory  ,Airovent,,3311,1085.0,3881.0
2026-01-12,2,2026,  Gujarat  ,  Cardiology  ,Cardivex,,3708,1143.0,4062.0
2026-01-12,2,2026,kerala,RESPIRATORY,Respivan,,3879,786.0,4785.0
2026-01-12,2,2026,  Delhi  ,diabetes,Insulyn,,4529,1532.0,5400.0
2026-01-12,2,2026,gujarat,  Diabetes  ,Glucotend,,2266,665.0,2796.0
2026-01-12,2,2026,Tamil Nadu,  Cardiology  ,Vascolin,,2550,614.0,2808.0
2026-01-12,2,2026,tamil nadu,diabetes,Glucotend,,3351,692.0,3569.0
2026-01-12,2,2026,  Maharashtra  ,  Diabetes  ,Glucotend,,5429,1446.0,6529.0
2026-01-12,2,2026,Tamil Ndu,Diabetes,Glucotend,,2428,552.0,2787.0
2026-01-12,2,2026,TN,DIABETES,Insulyn,,4848,1314.0,6043.0
2026-01-12,2,2026,DELHI,diabetes,Metforal,,2687,590.0,2975.0
2026-01-12,2,2026,,  Cardiology  ,Cordamet,,1743,511.0,1894.0
2026-01-12,2,2026,KERALA,  Cardiology  ,Cardivex,,1942,594.0,2196.0
2026-01-12,2,2026,  Karnataka  ,Diabetes,Insulyn,,4898,1160.0,5616.0
2026-01-12,2,2026,AndhraPradesh,diabetes,Insulyn,,5447,1509.0,6408.0
2026-01-12,2,2026,TAMIL NADU,DIABETES,Insulyn,,3820,772.0,4305.0
2026-01-12,2,2026,Delhi,Cardiology,Cardivex,,4617,1004.0,5637.0
2026-01-12,2,2026,Telangana,  Diabetes  ,Glucotend,,5910,1228.0,6347.0
2026-01-12,2,2026,Kerala,RESPIRATORY,Bronchel,,5373,1537.0,6120.0
2026-01-12,2,2026,,  Diabetes  ,Glucotend,,2151,500.0,2571.0
2026-01-12,2,2026,rajasthan,  Respiratory  ,Respivan,,4406,1148.0,5506.0
2026-01-12,2,2026,Karnataka ,  Cardiology  ,Cardivex,,4796,1189.0,5894.0
2026-01-12,2,2026,AndhraPradesh,RESPIRATORY,Respivan,,2350,798.0,2709.0
2026-01-12,2,2026,TAMIL NADU,cardiology,Vascolin,,5631,1184.0,7000.0
2026-01-12,2,2026,Tamilnadu,Respiratory,Airovent,,1820,559.0,2100.0
2026-01-12,2,2026,tamil nadu,RESPIRATORY,Bronchel,,2988,912.0,3644.0
2026-01-12,2,2026,west bengal,Cardiology,Vascolin,,4889,1615.0,5337.0
2026-01-12,2,2026,Tamil Nadu,Respiratory,Respivan,,5794,1188.0,6940.0
2026-01-12,2,2026,Delhi,respiratory,Airovent,,5333,1779.0,6593.0
2026-01-12,2,2026,TELANGANA,diabetes,Glucotend,,1988,478.0,2167.0
2026-01-12,2,2026,West Bengal,DIABETES,Glucotend,,5725,1258.0,6421.0
2026-01-12,2,2026,Kerala,  Diabetes  ,Insulyn,,2122,676.0,2312.0
2026-01-12,2,2026,Maharashtra,cardiology,Cordamet,,4719,1316.0,5404.0
2026-01-12,2,2026,Andhra Pradesh,DIABETES,Insulyn,,3341,787.0,3856.0
2026-01-12,2,2026,,  Respiratory  ,Bronchel,,1958,657.0,2113.0
2026-01-12,2,2026,Tamil Ndu,cardiology,Vascolin,,4073,1405.0,4725.0
2026-01-12,2,2026,Karnataka ,respiratory,Respivan,,5682,1311.0,6684.0
2026-01-12,2,2026,Rajasthan,  Respiratory  ,Bronchel,,2947,767.0,3394.0
2026-01-12,2,2026,Karnataka,diabetes,Insulyn,,2211,730.0,2407.0
2026-01-12,2,2026,Tamil Nadu,Respiratory,Aerovant HFA,Aerovant Pharma,4273,1243.0,5023.0
2026-01-12,2,2026,Tamil Nadu,Respiratory,Breathex Inhaler,Breathex Labs,1855,474.0,2010.0
2026-01-12,2,2026,Tamil Nadu,Cardiology,Corvyx TAB,Corvyx Pharma,1940,622.0,2046.0
2026-01-12,2,2026,Tamil Nadu,Diabetes,Glucera XR,Glucera Health,4053,1299.0,4968.0
2026-01-12,2,2026,Tamil Nadu,Respiratory,Ventolin Inhaler,GlaxoSmithKline,4438,979.0,4953.0
2026-01-12,2,2026,Maharashtra,Cardiology,Corvyx XL,Corvyx Pharma,5248,1697.0,5652.0
2026-01-12,2,2026,Maharashtra,Cardiology,CardioGuard,Sun Pharma,3635,1246.0,3987.0
2026-01-12,2,2026,Karnataka,Diabetes,Glucera XR,Glucera Health,5582,1780.0,6191.0
2026-01-12,2,2026,Karnataka,Diabetes,Januvia,MSD Pharma,3826,1181.0,4473.0
