date,week_number,year,region,therapeutic_area,product,brand,trx,nrx,units,raw_region,raw_ta,raw_product,raw_brand,is_missing_categorical,parsed_date,iso_date,iso_year,iso_week,year_week,is_week_mismatch,clean_region,clean_therapeutic_area,clean_product,clean_brand,clean_trx,clean_nrx,clean_units,is_negative_trx,is_missing_numeric,is_nrx_gt_trx_error,is_duplicate,rejection_reason
2023/07/03,79,2023,,  Cardiology  ,Cardivex,Corvyx Pharma,286.2,78.8,918,,Cardiology,Cardivex,Corvyx Pharma,True,2023-07-03,2023-07-03,2023,27,2023-W27,False,Unknown,Cardiology,Cardivex,Corvyx Pharma,286.2,78.8,918.0,False,False,False,False,MISSING_CATEGORICAL_FIELD | UNKNOWN_REGION
24/11/2025,204,2025,,cardiology,Vascolin,Zenova Biosciences,192.9,40.4,592,,cardiology,Vascolin,Zenova Biosciences,True,2025-11-24,2025-11-24,2025,48,2025-W48,False,Unknown,Cardiology,Vascolin,Zenova Biosciences,192.9,40.4,592.0,False,False,False,False,MISSING_CATEGORICAL_FIELD | UNKNOWN_REGION
2022/08/15,33,2022,AndhraPradesh,  Diabetes  ,Metforal,,179.7,40.5,493,AndhraPradesh,Diabetes,Metforal,,True,2022-08-15,2022-08-15,2022,33,2022-W33,False,Andhra Pradesh,Diabetes,Metforal,Unknown,179.7,40.5,493.0,False,False,False,False,MISSING_CATEGORICAL_FIELD | UNKNOWN_BRAND
07-Apr-2025,171,2025,,RESPIRATORY,Bronchel,,229.2,61.8,729,,RESPIRATORY,Bronchel,,True,2025-04-07,2025-04-07,2025,15,2025-W15,False,Unknown,Respiratory,Bronchel,Unknown,229.2,61.8,729.0,False,False,False,False,MISSING_CATEGORICAL_FIELD | UNKNOWN_REGION | UNKNOWN_BRAND
09-Sep-2024,141,2024,  Rajasthan  ,Diabetes,Metforal,,136.2,44.9,353,Rajasthan,Diabetes,Metforal,,True,2024-09-09,2024-09-09,2024,37,2024-W37,False,Rajasthan,Diabetes,Metforal,Unknown,136.2,44.9,353.0,False,False,False,False,MISSING_CATEGORICAL_FIELD | UNKNOWN_BRAND
2024/09/09,141,2024,Maharashtra,RESPIRATORY,Airovent,,280.7,74.5,896,Maharashtra,RESPIRATORY,Airovent,,True,2024-09-09,2024-09-09,2024,37,2024-W37,False,Maharashtra,Respiratory,Airovent,Unknown,280.7,74.5,896.0,False,False,False,False,MISSING_CATEGORICAL_FIELD | UNKNOWN_BRAND
2022-03-28,13,2022,Maharashtra,Respiratory,Respivan,,201.5,48.8,543,Maharashtra,Respiratory,Respivan,,True,2022-03-28,2022-03-28,2022,13,2022-W13,False,Maharashtra,Respiratory,Respivan,Unknown,201.5,48.8,543.0,False,False,False,False,MISSING_CATEGORICAL_FIELD | UNKNOWN_BRAND
01/27/2025,161,2025,KARNATAKA,Cardiology,Vascolin,,381.2,117.4,991,KARNATAKA,Cardiology,Vascolin,,True,2025-01-27,2025-01-27,2025,5,2025-W05,False,Karnataka,Cardiology,Vascolin,Unknown,381.2,117.4,991.0,False,False,False,False,MISSING_CATEGORICAL_FIELD | UNKNOWN_BRAND
11/25/2024,152,2024,,Diabetes,Insulyn,Insulara Biotech,,59.0,861,,Diabetes,Insulyn,Insulara Biotech,True,2024-11-25,2024-11-25,2024,48,2024-W48,False,Unknown,Diabetes,Insulyn,Insulara Biotech,,59.0,861.0,False,True,False,False,MISSING_CATEGORICAL_FIELD | UNKNOWN_REGION
09/09/2024,141,2024,andhra pradesh,  Diabetes  ,Metforal,,147.3,29.1,479,andhra pradesh,Diabetes,Metforal,,True,2024-09-09,2024-09-09,2024,37,2024-W37,False,Andhra Pradesh,Diabetes,Metforal,Unknown,147.3,29.1,479.0,False,False,False,False,MISSING_CATEGORICAL_FIELD | UNKNOWN_BRAND
09/29/2025,196,2025,,DIABETES,Insulyn,Insulara Biotech,166.8,32.7,563,,DIABETES,Insulyn,Insulara Biotech,True,2025-09-29,2025-09-29,2025,40,2025-W40,False,Unknown,Diabetes,Insulyn,Insulara Biotech,166.8,32.7,563.0,False,False,False,False,MISSING_CATEGORICAL_FIELD | UNKNOWN_REGION
20/11/2023,99,2023,tamil nadu,cardiology,Cardivex,,292.1,87.5,766,tamil nadu,cardiology,Cardivex,,True,2023-11-20,2023-11-20,2023,47,2023-W47,False,Tamil Nadu,Cardiology,Cardivex,Unknown,292.1,87.5,766.0,False,False,False,False,MISSING_CATEGORICAL_FIELD | UNKNOWN_BRAND
07/10/2023,80,2023,W. Bengal,respiratory,Respivan,,113.3,38.2,324,W. Bengal,respiratory,Respivan,,True,2023-07-10,2023-07-10,2023,28,2023-W28,False,West Bengal,Respiratory,Respivan,Unknown,113.3,38.2,324.0,False,False,False,False,MISSING_CATEGORICAL_FIELD | UNKNOWN_BRAND
25/04/2022,17,2022,Andhra Pradesh,  Cardiology  ,Cardivex,,261.0,89.7,879,Andhra Pradesh,Cardiology,Cardivex,,True,2022-04-25,2022-04-25,2022,17,2022-W17,False,Andhra Pradesh,Cardiology,Cardivex,Unknown,261.0,89.7,879.0,False,False,False,False,MISSING_CATEGORICAL_FIELD | UNKNOWN_BRAND
2024/07/08,132,2024,West Bengal,  Respiratory  ,Airovent,,67.7,11.9,204,West Bengal,Respiratory,Airovent,,True,2024-07-08,2024-07-08,2024,28,2024-W28,False,West Bengal,Respiratory,Airovent,Unknown,67.7,11.9,204.0,False,False,False,False,MISSING_CATEGORICAL_FIELD | UNKNOWN_BRAND
02/10/2025,163,2025,,respiratory,Respivan,Aerovant Pharma,119.5,31.0,303,,respiratory,Respivan,Aerovant Pharma,True,2025-02-10,2025-02-10,2025,7,2025-W07,False,Unknown,Respiratory,Respivan,Aerovant Pharma,119.5,31.0,303.0,False,False,False,False,MISSING_CATEGORICAL_FIELD | UNKNOWN_REGION
20-Jan-2025,160,2025,Karnataka,diabetes,Glucotend,,247.0,68.3,620,Karnataka,diabetes,Glucotend,,True,2025-01-20,2025-01-20,2025,4,2025-W04,False,Karnataka,Diabetes,Glucotend,Unknown,247.0,68.3,620.0,False,False,False,False,MISSING_CATEGORICAL_FIELD | UNKNOWN_BRAND
2024/01/08,106,2024,,CARDIOLOGY,Cardivex,Corvyx Pharma,189.6,49.2,569,,CARDIOLOGY,Cardivex,Corvyx Pharma,True,2024-01-08,2024-01-08,2024,2,2024-W02,False,Unknown,Cardiology,Cardivex,Corvyx Pharma,189.6,49.2,569.0,False,False,False,False,MISSING_CATEGORICAL_FIELD | UNKNOWN_REGION
19/09/2022,38,2022,West Bengal,Cardiology,Cordamet,,256.9,,777,West Bengal,Cardiology,Cordamet,,True,2022-09-19,2022-09-19,2022,38,2022-W38,False,West Bengal,Cardiology,Cordamet,Unknown,256.9,,777.0,False,True,False,False,MISSING_CATEGORICAL_FIELD | UNKNOWN_BRAND
2024-11-18,151,2024,,Diabetes,Glucotend,Glucera Health,339.7,78.3,1062,,Diabetes,Glucotend,Glucera Health,True,2024-11-18,2024-11-18,2024,47,2024-W47,False,Unknown,Diabetes,Glucotend,Glucera Health,339.7,78.3,1062.0,False,False,False,False,MISSING_CATEGORICAL_FIELD | UNKNOWN_REGION
2025/01/06,158,2025,,DIABETES,Metforal,Novanta Pharma,205.7,57.5,696,,DIABETES,Metforal,Novanta Pharma,True,2025-01-06,2025-01-06,2025,2,2025-W02,False,Unknown,Diabetes,Metforal,Novanta Pharma,205.7,57.5,696.0,False,False,False,False,MISSING_CATEGORICAL_FIELD | UNKNOWN_REGION
15/01/2024,107,2024,  Delhi  ,Respiratory,Airovent,,197.6,52.6,597,Delhi,Respiratory,Airovent,,True,2024-01-15,2024-01-15,2024,3,2024-W03,False,Delhi,Respiratory,Airovent,Unknown,197.6,52.6,597.0,False,False,False,False,MISSING_CATEGORICAL_FIELD | UNKNOWN_BRAND
20/06/2022,25,2022,,cardiology,Cardivex,Corvyx Pharma,332.7,93.6,836,,cardiology,Cardivex,Corvyx Pharma,True,2022-06-20,2022-06-20,2022,25,2022-W25,False,Unknown,Cardiology,Cardivex,Corvyx Pharma,332.7,93.6,836.0,False,False,False,False,MISSING_CATEGORICAL_FIELD | UNKNOWN_REGION
01/20/2025,160,2025,,diabetes,Glucotend,Glucera Health,212.5,61.2,617,,diabetes,Glucotend,Glucera Health,True,2025-01-20,2025-01-20,2025,4,2025-W04,False,Unknown,Diabetes,Glucotend,Glucera Health,212.5,61.2,617.0,False,False,False,False,MISSING_CATEGORICAL_FIELD | UNKNOWN_REGION
10-Jun-2024,128,2024,,CARDIOLOGY,Cordamet,Meditrix Labs,371.4,87.7,1227,,CARDIOLOGY,Cordamet,Meditrix Labs,True,2024-06-10,2024-06-10,2024,24,2024-W24,False,Unknown,Cardiology,Cordamet,Meditrix Labs,371.4,87.7,1227.0,False,False,False,False,MISSING_CATEGORICAL_FIELD | UNKNOWN_REGION
27-Oct-2025,200,2025,Maharashtra,Respiratory,Respivan,,226.0,54.6,720,Maharashtra,Respiratory,Respivan,,True,2025-10-27,2025-10-27,2025,44,2025-W44,False,Maharashtra,Respiratory,Respivan,Unknown,226.0,54.6,720.0,False,False,False,False,MISSING_CATEGORICAL_FIELD | UNKNOWN_BRAND
08/25/2025,191,2025,,  Cardiology  ,Cardivex,Corvyx Pharma,204.6,45.3,616,,Cardiology,Cardivex,Corvyx Pharma,True,2025-08-25,2025-08-25,2025,35,2025-W35,False,Unknown,Cardiology,Cardivex,Corvyx Pharma,204.6,45.3,616.0,False,False,False,False,MISSING_CATEGORICAL_FIELD | UNKNOWN_REGION
2025-12-01,205,2025,  Tamil Nadu  ,Respiratory,Airovent,,155.0,49.8,410,Tamil Nadu,Respiratory,Airovent,,True,2025-12-01,2025-12-01,2025,49,2025-W49,False,Tamil Nadu,Respiratory,Airovent,Unknown,155.0,49.8,410.0,False,False,False,False,MISSING_CATEGORICAL_FIELD | UNKNOWN_BRAND
12/12/2022,50,2022,,respiratory,Bronchel,Breathex Labs,186.1,55.9,491,,respiratory,Bronchel,Breathex Labs,True,2022-12-12,2022-12-12,2022,50,2022-W50,False,Unknown,Respiratory,Bronchel,Breathex Labs,186.1,55.9,491.0,False,False,False,False,MISSING_CATEGORICAL_FIELD | UNKNOWN_REGION
23-Jun-2025,182,2025,ANDHRA PRADESH,  Cardiology  ,Cardivex,,138.9,34.3,393,ANDHRA PRADESH,Cardiology,Cardivex,,True,2025-06-23,2025-06-23,2025,26,2025-W26,False,Andhra Pradesh,Cardiology,Cardivex,Unknown,138.9,34.3,393.0,False,False,False,False,MISSING_CATEGORICAL_FIELD | UNKNOWN_BRAND
22-Jul-2024,134,2024,KERALA,Diabetes,Metforal,,206.4,54.1,519,KERALA,Diabetes,Metforal,,True,2024-07-22,2024-07-22,2024,30,2024-W30,False,Kerala,Diabetes,Metforal,Unknown,206.4,54.1,519.0,False,False,False,False,MISSING_CATEGORICAL_FIELD | UNKNOWN_BRAND
23-Jun-2025,182,2025,MAHARASHTRA,diabetes,Insulyn,,,119.1,939,MAHARASHTRA,diabetes,Insulyn,,True,2025-06-23,2025-06-23,2025,26,2025-W26,False,Maharashtra,Diabetes,Insulyn,Unknown,,119.1,939.0,False,True,False,False,MISSING_CATEGORICAL_FIELD | UNKNOWN_BRAND
2024/07/01,131,2024,,  Respiratory  ,Respivan,Aerovant Pharma,184.8,41.1,624,,Respiratory,Respivan,Aerovant Pharma,True,2024-07-01,2024-07-01,2024,27,2024-W27,False,Unknown,Respiratory,Respivan,Aerovant Pharma,184.8,41.1,624.0,False,False,False,False,MISSING_CATEGORICAL_FIELD | UNKNOWN_REGION
2024-07-01,131,2024,kerala,respiratory,Airovent,,64.8,10.2,194,kerala,respiratory,Airovent,,True,2024-07-01,2024-07-01,2024,27,2024-W27,False,Kerala,Respiratory,Airovent,Unknown,64.8,10.2,194.0,False,False,False,False,MISSING_CATEGORICAL_FIELD | UNKNOWN_BRAND
05-Feb-2024,110,2024,  Andhra Pradesh  ,diabetes,Metforal,,131.0,,338,Andhra Pradesh,diabetes,Metforal,,True,2024-02-05,2024-02-05,2024,6,2024-W06,False,Andhra Pradesh,Diabetes,Metforal,Unknown,131.0,,338.0,False,True,False,False,MISSING_CATEGORICAL_FIELD | UNKNOWN_BRAND
08/11/2025,189,2025,,Diabetes,Insulyn,Insulara Biotech,246.1,82.2,804,,Diabetes,Insulyn,Insulara Biotech,True,2025-08-11,2025-08-11,2025,33,2025-W33,False,Unknown,Diabetes,Insulyn,Insulara Biotech,246.1,82.2,804.0,False,False,False,False,MISSING_CATEGORICAL_FIELD | UNKNOWN_REGION
02/03/2025,162,2025,,  Diabetes  ,Glucotend,Glucera Health,272.8,79.4,844,,Diabetes,Glucotend,Glucera Health,True,2025-02-03,2025-02-03,2025,6,2025-W06,False,Unknown,Diabetes,Glucotend,Glucera Health,272.8,79.4,844.0,False,False,False,False,MISSING_CATEGORICAL_FIELD | UNKNOWN_REGION
04-Nov-2024,149,2024,TELANGANA,Diabetes,Insulyn,,291.9,74.6,781,TELANGANA,Diabetes,Insulyn,,True,2024-11-04,2024-11-04,2024,45,2024-W45,False,Telangana,Diabetes,Insulyn,Unknown,291.9,74.6,781.0,False,False,False,False,MISSING_CATEGORICAL_FIELD | UNKNOWN_BRAND
2023/10/30,96,2023,,diabetes,Insulyn,Insulara Biotech,328.5,92.5,843,,diabetes,Insulyn,Insulara Biotech,True,2023-10-30,2023-10-30,2023,44,2023-W44,False,Unknown,Diabetes,Insulyn,Insulara Biotech,328.5,92.5,843.0,False,False,False,False,MISSING_CATEGORICAL_FIELD | UNKNOWN_REGION
2022-03-14,11,2022,,Diabetes,Glucotend,Glucera Health,146.9,37.7,498,,Diabetes,Glucotend,Glucera Health,True,2022-03-14,2022-03-14,2022,11,2022-W11,False,Unknown,Diabetes,Glucotend,Glucera Health,146.9,37.7,498.0,False,False,False,False,MISSING_CATEGORICAL_FIELD | UNKNOWN_REGION
02/05/2022,18,2022,Gujarat,CARDIOLOGY,Cardivex,,265.1,80.0,678,Gujarat,CARDIOLOGY,Cardivex,,True,2022-05-02,2022-05-02,2022,18,2022-W18,False,Gujarat,Cardiology,Cardivex,Unknown,265.1,80.0,678.0,False,False,False,False,MISSING_CATEGORICAL_FIELD | UNKNOWN_BRAND
2022-01-17,3,2022,,DIABETES,Metforal,Novanta Pharma,123.1,43.3,382,,DIABETES,Metforal,Novanta Pharma,True,2022-01-17,2022-01-17,2022,3,2022-W03,False,Unknown,Diabetes,Metforal,Novanta Pharma,123.1,43.3,382.0,False,False,False,False,MISSING_CATEGORICAL_FIELD | UNKNOWN_REGION
2022-01-31,5,2022,,Cardiology,Cardivex,Corvyx Pharma,191.9,43.3,551,,Cardiology,Cardivex,Corvyx Pharma,True,2022-01-31,2022-01-31,2022,5,2022-W05,False,Unknown,Cardiology,Cardivex,Corvyx Pharma,191.9,43.3,551.0,False,False,False,False,MISSING_CATEGORICAL_FIELD | UNKNOWN_REGION
01-Sep-2025,192,2025,telangana,cardiology,Cordamet,,257.7,85.7,676,telangana,cardiology,Cordamet,,True,2025-09-01,2025-09-01,2025,36,2025-W36,False,Telangana,Cardiology,Cordamet,Unknown,257.7,85.7,676.0,False,False,False,False,MISSING_CATEGORICAL_FIELD | UNKNOWN_BRAND
27/03/2023,65,2023,,Respiratory,Respivan,Aerovant Pharma,277.0,78.1,854,,Respiratory,Respivan,Aerovant Pharma,True,2023-03-27,2023-03-27,2023,13,2023-W13,False,Unknown,Respiratory,Respivan,Aerovant Pharma,277.0,78.1,854.0,False,False,False,False,MISSING_CATEGORICAL_FIELD | UNKNOWN_REGION
05/12/2022,49,2022,,diabetes,Insulyn,Insulara Biotech,260.1,53.6,877,,diabetes,Insulyn,Insulara Biotech,True,2022-12-05,2022-12-05,2022,49,2022-W49,False,Unknown,Diabetes,Insulyn,Insulara Biotech,260.1,53.6,877.0,False,False,False,False,MISSING_CATEGORICAL_FIELD | UNKNOWN_REGION
2023-05-29,74,2023,Kerala,Cardiology,Cardivex,,123.2,28.7,412,Kerala,Cardiology,Cardivex,,True,2023-05-29,2023-05-29,2023,22,2023-W22,False,Kerala,Cardiology,Cardivex,Unknown,123.2,28.7,412.0,False,False,False,False,MISSING_CATEGORICAL_FIELD | UNKNOWN_BRAND
15-Jul-2024,133,2024,,  Cardiology  ,Cardivex,Corvyx Pharma,110.3,25.9,342,,Cardiology,Cardivex,Corvyx Pharma,True,2024-07-15,2024-07-15,2024,29,2024-W29,False,Unknown,Cardiology,Cardivex,Corvyx Pharma,110.3,25.9,342.0,False,False,False,False,MISSING_CATEGORICAL_FIELD | UNKNOWN_REGION
29-Sep-2025,196,2025,TELANGANA,Diabetes,Insulyn,,155.0,29.6,484,TELANGANA,Diabetes,Insulyn,,True,2025-09-29,2025-09-29,2025,40,2025-W40,False,Telangana,Diabetes,Insulyn,Unknown,155.0,29.6,484.0,False,False,False,False,MISSING_CATEGORICAL_FIELD | UNKNOWN_BRAND
22-Apr-2024,121,2024,  Telangana  ,RESPIRATORY,Airovent,,103.5,19.4,308,Telangana,RESPIRATORY,Airovent,,True,2024-04-22,2024-04-22,2024,17,2024-W17,False,Telangana,Respiratory,Airovent,Unknown,103.5,19.4,308.0,False,False,False,False,MISSING_CATEGORICAL_FIELD | UNKNOWN_BRAND
11/10/2025,202,2025,,CARDIOLOGY,Cordamet,Meditrix Labs,392.6,101.6,1084,,CARDIOLOGY,Cordamet,Meditrix Labs,True,2025-11-10,2025-11-10,2025,46,2025-W46,False,Unknown,Cardiology,Cordamet,Meditrix Labs,392.6,101.6,1084.0,False,False,False,False,MISSING_CATEGORICAL_FIELD | UNKNOWN_REGION
2023-07-03,79,2023,,DIABETES,Glucotend,Glucera Health,242.2,72.4,698,,DIABETES,Glucotend,Glucera Health,True,2023-07-03,2023-07-03,2023,27,2023-W27,False,Unknown,Diabetes,Glucotend,Glucera Health,242.2,72.4,698.0,False,False,False,False,MISSING_CATEGORICAL_FIELD | UNKNOWN_REGION
25-Aug-2025,191,2025,Telangana,  Respiratory  ,Airovent,,161.5,33.0,433,Telangana,Respiratory,Airovent,,True,2025-08-25,2025-08-25,2025,35,2025-W35,False,Telangana,Respiratory,Airovent,Unknown,161.5,33.0,433.0,False,False,False,False,MISSING_CATEGORICAL_FIELD | UNKNOWN_BRAND
12-Aug-2024,137,2024,ANDHRA PRADESH,Diabetes,Glucotend,,214.9,30.4,583,ANDHRA PRADESH,Diabetes,Glucotend,,True,2024-08-12,2024-08-12,2024,33,2024-W33,False,Andhra Pradesh,Diabetes,Glucotend,Unknown,214.9,30.4,583.0,False,False,False,False,MISSING_CATEGORICAL_FIELD | UNKNOWN_BRAND
03/01/2022,1,2022,,CARDIOLOGY,Vascolin,Zenova Biosciences,348.8,71.7,929,,CARDIOLOGY,Vascolin,Zenova Biosciences,True,2022-01-03,2022-01-03,2022,1,2022-W01,False,Unknown,Cardiology,Vascolin,Zenova Biosciences,348.8,71.7,929.0,False,False,False,False,MISSING_CATEGORICAL_FIELD | UNKNOWN_REGION
12/02/2024,153,2024,Gujarat,  Cardiology  ,Cardivex,,121.0,36.1,368,Gujarat,Cardiology,Cardivex,,True,2024-12-02,2024-12-02,2024,49,2024-W49,False,Gujarat,Cardiology,Cardivex,Unknown,121.0,36.1,368.0,False,False,False,False,MISSING_CATEGORICAL_FIELD | UNKNOWN_BRAND
2022-07-11,28,2022,andhra pradesh,RESPIRATORY,Bronchel,,122.9,27.4,394,andhra pradesh,RESPIRATORY,Bronchel,,True,2022-07-11,2022-07-11,2022,28,2022-W28,False,Andhra Pradesh,Respiratory,Bronchel,Unknown,122.9,27.4,394.0,False,False,False,False,MISSING_CATEGORICAL_FIELD | UNKNOWN_BRAND
20/02/2023,60,2023,,CARDIOLOGY,Vascolin,Zenova Biosciences,253.1,64.8,801,,CARDIOLOGY,Vascolin,Zenova Biosciences,True,2023-02-20,2023-02-20,2023,8,2023-W08,False,Unknown,Cardiology,Vascolin,Zenova Biosciences,253.1,64.8,801.0,False,False,False,False,MISSING_CATEGORICAL_FIELD | UNKNOWN_REGION
03/31/2025,170,2025,  Karnataka  ,Respiratory,Bronchel,,191.0,39.2,568,Karnataka,Respiratory,Bronchel,,True,2025-03-31,2025-03-31,2025,14,2025-W14,False,Karnataka,Respiratory,Bronchel,Unknown,191.0,39.2,568.0,False,False,False,False,MISSING_CATEGORICAL_FIELD | UNKNOWN_BRAND
10/10/2022,41,2022,,DIABETES,Metforal,Novanta Pharma,136.7,21.4,454,,DIABETES,Metforal,Novanta Pharma,True,2022-10-10,2022-10-10,2022,41,2022-W41,False,Unknown,Diabetes,Metforal,Novanta Pharma,136.7,21.4,454.0,False,False,False,False,MISSING_CATEGORICAL_FIELD | UNKNOWN_REGION
19/12/2022,51,2022,,Respiratory,Airovent,Pulmovia Therapeutics,200.2,53.6,613,,Respiratory,Airovent,Pulmovia Therapeutics,True,2022-12-19,2022-12-19,2022,51,2022-W51,False,Unknown,Respiratory,Airovent,Pulmovia Therapeutics,200.2,53.6,613.0,False,False,False,False,MISSING_CATEGORICAL_FIELD | UNKNOWN_REGION
2025/04/28,174,2025,  Telangana  ,respiratory,Airovent,,88.8,34.4,,Telangana,respiratory,Airovent,,True,2025-04-28,2025-04-28,2025,18,2025-W18,False,Telangana,Respiratory,Airovent,Unknown,88.8,34.4,,False,True,False,False,MISSING_CATEGORICAL_FIELD | UNKNOWN_BRAND
08/01/2022,31,2022,,CARDIOLOGY,Cardivex,Corvyx Pharma,360.4,96.1,1041,,CARDIOLOGY,Cardivex,Corvyx Pharma,True,2022-08-01,2022-08-01,2022,31,2022-W31,False,Unknown,Cardiology,Cardivex,Corvyx Pharma,360.4,96.1,1041.0,False,False,False,False,MISSING_CATEGORICAL_FIELD | UNKNOWN_REGION
08/04/2024,119,2024,GUJARAT,cardiology,Vascolin,,258.5,62.0,777,GUJARAT,cardiology,Vascolin,,True,2024-04-08,2024-04-08,2024,15,2024-W15,False,Gujarat,Cardiology,Vascolin,Unknown,258.5,62.0,777.0,False,False,False,False,MISSING_CATEGORICAL_FIELD | UNKNOWN_BRAND
03-Nov-2025,201,2025,,respiratory,Respivan,Aerovant Pharma,153.2,35.3,399,,respiratory,Respivan,Aerovant Pharma,True,2025-11-03,2025-11-03,2025,45,2025-W45,False,Unknown,Respiratory,Respivan,Aerovant Pharma,153.2,35.3,399.0,False,False,False,False,MISSING_CATEGORICAL_FIELD | UNKNOWN_REGION
2024-06-17,129,2024,,Cardiology,Cardivex,Corvyx Pharma,200.2,51.4,680,,Cardiology,Cardivex,Corvyx Pharma,True,2024-06-17,2024-06-17,2024,25,2024-W25,False,Unknown,Cardiology,Cardivex,Corvyx Pharma,200.2,51.4,680.0,False,False,False,False,MISSING_CATEGORICAL_FIELD | UNKNOWN_REGION
04/03/2023,66,2023,,Cardiology,Vascolin,Zenova Biosciences,266.4,52.1,898,,Cardiology,Vascolin,Zenova Biosciences,True,2023-04-03,2023-04-03,2023,14,2023-W14,False,Unknown,Cardiology,Vascolin,Zenova Biosciences,266.4,52.1,898.0,False,False,False,False,MISSING_CATEGORICAL_FIELD | UNKNOWN_REGION
2023-06-12,76,2023,,RESPIRATORY,Airovent,Pulmovia Therapeutics,90.4,16.4,266,,RESPIRATORY,Airovent,Pulmovia Therapeutics,True,2023-06-12,2023-06-12,2023,24,2023-W24,False,Unknown,Respiratory,Airovent,Pulmovia Therapeutics,90.4,16.4,266.0,False,False,False,False,MISSING_CATEGORICAL_FIELD | UNKNOWN_REGION
10-Oct-2022,41,2022,,  Respiratory  ,Airovent,Pulmovia Therapeutics,188.3,48.8,549,,Respiratory,Airovent,Pulmovia Therapeutics,True,2022-10-10,2022-10-10,2022,41,2022-W41,False,Unknown,Respiratory,Airovent,Pulmovia Therapeutics,188.3,48.8,549.0,False,False,False,False,MISSING_CATEGORICAL_FIELD | UNKNOWN_REGION
05/12/2022,49,2022,Maharashtra,Respiratory,Airovent,,230.8,50.9,579,Maharashtra,Respiratory,Airovent,,True,2022-12-05,2022-12-05,2022,49,2022-W49,False,Maharashtra,Respiratory,Airovent,Unknown,230.8,50.9,579.0,False,False,False,False,MISSING_CATEGORICAL_FIELD | UNKNOWN_BRAND
08/22/2022,34,2022,,respiratory,Bronchel,Breathex Labs,192.9,46.1,483,,respiratory,Bronchel,Breathex Labs,True,2022-08-22,2022-08-22,2022,34,2022-W34,False,Unknown,Respiratory,Bronchel,Breathex Labs,192.9,46.1,483.0,False,False,False,False,MISSING_CATEGORICAL_FIELD | UNKNOWN_REGION
2024/02/12,111,2024,,DIABETES,Insulyn,Insulara Biotech,214.8,55.9,722,,DIABETES,Insulyn,Insulara Biotech,True,2024-02-12,2024-02-12,2024,7,2024-W07,False,Unknown,Diabetes,Insulyn,Insulara Biotech,214.8,55.9,722.0,False,False,False,False,MISSING_CATEGORICAL_FIELD | UNKNOWN_REGION
2023/03/06,62,2023,WEST BENGAL,Cardiology,Vascolin,,351.4,63.1,1098,WEST BENGAL,Cardiology,Vascolin,,True,2023-03-06,2023-03-06,2023,10,2023-W10,False,West Bengal,Cardiology,Vascolin,Unknown,351.4,63.1,1098.0,False,False,False,False,MISSING_CATEGORICAL_FIELD | UNKNOWN_BRAND
2023/12/25,104,2023,,RESPIRATORY,Bronchel,Breathex Labs,109.4,40.6,358,,RESPIRATORY,Bronchel,Breathex Labs,True,2023-12-25,2023-12-25,2023,52,2023-W52,False,Unknown,Respiratory,Bronchel,Breathex Labs,109.4,40.6,358.0,False,False,False,False,MISSING_CATEGORICAL_FIELD | UNKNOWN_REGION
26-Aug-2024,139,2024,  Karnataka  ,CARDIOLOGY,Cardivex,,147.0,36.9,495,Karnataka,CARDIOLOGY,Cardivex,,True,2024-08-26,2024-08-26,2024,35,2024-W35,False,Karnataka,Cardiology,Cardivex,Unknown,147.0,36.9,495.0,False,False,False,False,MISSING_CATEGORICAL_FIELD | UNKNOWN_BRAND
03/25/2024,117,2024,Telangana,cardiology,Cardivex,,108.3,49.8,311,Telangana,cardiology,Cardivex,,True,2024-03-25,2024-03-25,2024,13,2024-W13,False,Telangana,Cardiology,Cardivex,Unknown,108.3,49.8,311.0,False,False,False,False,MISSING_CATEGORICAL_FIELD | UNKNOWN_BRAND
08-Jan-2024,106,2024,  Karnataka  ,Respiratory,Respivan,,136.1,32.0,458,Karnataka,Respiratory,Respivan,,True,2024-01-08,2024-01-08,2024,2,2024-W02,False,Karnataka,Respiratory,Respivan,Unknown,136.1,32.0,458.0,False,False,False,False,MISSING_CATEGORICAL_FIELD | UNKNOWN_BRAND
2024/09/09,141,2024,,Diabetes,Glucotend,Glucera Health,184.3,35.0,541,,Diabetes,Glucotend,Glucera Health,True,2024-09-09,2024-09-09,2024,37,2024-W37,False,Unknown,Diabetes,Glucotend,Glucera Health,184.3,35.0,541.0,False,False,False,False,MISSING_CATEGORICAL_FIELD | UNKNOWN_REGION
2023-04-03,66,2023,gujarat,  Cardiology  ,Cordamet,,282.6,61.1,939,gujarat,Cardiology,Cordamet,,True,2023-04-03,2023-04-03,2023,14,2023-W14,False,Gujarat,Cardiology,Cordamet,Unknown,282.6,61.1,939.0,False,False,False,False,MISSING_CATEGORICAL_FIELD | UNKNOWN_BRAND
03/07/2023,79,2023,,CARDIOLOGY,Cordamet,Meditrix Labs,153.3,42.4,477,,CARDIOLOGY,Cordamet,Meditrix Labs,True,2023-07-03,2023-07-03,2023,27,2023-W27,False,Unknown,Cardiology,Cordamet,Meditrix Labs,153.3,42.4,477.0,False,False,False,False,MISSING_CATEGORICAL_FIELD | UNKNOWN_REGION
07/03/2023,79,2023,Tamil Nadu,Respiratory,Airovent,,116.1,22.7,292,Tamil Nadu,Respiratory,Airovent,,True,2023-07-03,2023-07-03,2023,27,2023-W27,False,Tamil Nadu,Respiratory,Airovent,Unknown,116.1,22.7,292.0,False,False,False,False,MISSING_CATEGORICAL_FIELD | UNKNOWN_BRAND
09/12/2022,37,2022,Karnatka,respiratory,Bronchel,,203.4,62.3,601,Karnatka,respiratory,Bronchel,,True,2022-09-12,2022-09-12,2022,37,2022-W37,False,Karnataka,Respiratory,Bronchel,Unknown,203.4,62.3,601.0,False,False,False,False,MISSING_CATEGORICAL_FIELD | UNKNOWN_BRAND
2025-07-07,184,2025,,diabetes,Glucotend,Glucera Health,428.6,94.6,1310,,diabetes,Glucotend,Glucera Health,True,2025-07-07,2025-07-07,2025,28,2025-W28,False,Unknown,Diabetes,Glucotend,Glucera Health,428.6,94.6,1310.0,False,False,False,False,MISSING_CATEGORICAL_FIELD | UNKNOWN_REGION
2025/05/26,178,2025,,  Respiratory  ,Respivan,Aerovant Pharma,,40.4,463,,Respiratory,Respivan,Aerovant Pharma,True,2025-05-26,2025-05-26,2025,22,2025-W22,False,Unknown,Respiratory,Respivan,Aerovant Pharma,,40.4,463.0,False,True,False,False,MISSING_CATEGORICAL_FIELD | UNKNOWN_REGION
25/03/2024,117,2024,,  Respiratory  ,Airovent,Pulmovia Therapeutics,130.9,24.0,385,,Respiratory,Airovent,Pulmovia Therapeutics,True,2024-03-25,2024-03-25,2024,13,2024-W13,False,Unknown,Respiratory,Airovent,Pulmovia Therapeutics,130.9,24.0,385.0,False,False,False,False,MISSING_CATEGORICAL_FIELD | UNKNOWN_REGION
26-May-2025,178,2025,,Cardiology,Cordamet,Meditrix Labs,302.3,68.3,1026,,Cardiology,Cordamet,Meditrix Labs,True,2025-05-26,2025-05-26,2025,22,2025-W22,False,Unknown,Cardiology,Cordamet,Meditrix Labs,302.3,68.3,1026.0,False,False,False,False,MISSING_CATEGORICAL_FIELD | UNKNOWN_REGION
31/07/2023,83,2023,,diabetes,Insulyn,Insulara Biotech,248.0,99.7,,,diabetes,Insulyn,Insulara Biotech,True,2023-07-31,2023-07-31,2023,31,2023-W31,False,Unknown,Diabetes,Insulyn,Insulara Biotech,248.0,99.7,,False,True,False,False,MISSING_CATEGORICAL_FIELD | UNKNOWN_REGION
2024-11-18,151,2024,,cardiology,Vascolin,Zenova Biosciences,235.7,57.0,,,cardiology,Vascolin,Zenova Biosciences,True,2024-11-18,2024-11-18,2024,47,2024-W47,False,Unknown,Cardiology,Vascolin,Zenova Biosciences,235.7,57.0,,False,True,False,False,MISSING_CATEGORICAL_FIELD | UNKNOWN_REGION
2024-09-23,143,2024,,Cardiology,Vascolin,Zenova Biosciences,341.0,97.0,917,,Cardiology,Vascolin,Zenova Biosciences,True,2024-09-23,2024-09-23,2024,39,2024-W39,False,Unknown,Cardiology,Vascolin,Zenova Biosciences,341.0,97.0,917.0,False,False,False,False,MISSING_CATEGORICAL_FIELD | UNKNOWN_REGION
11/04/2022,15,2022,  Karnataka  ,  Cardiology  ,Vascolin,,232.8,57.3,710,Karnataka,Cardiology,Vascolin,,True,2022-04-11,2022-04-11,2022,15,2022-W15,False,Karnataka,Cardiology,Vascolin,Unknown,232.8,57.3,710.0,False,False,False,False,MISSING_CATEGORICAL_FIELD | UNKNOWN_BRAND
2023/08/07,84,2023,,  Respiratory  ,Airovent,Pulmovia Therapeutics,130.1,25.4,338,,Respiratory,Airovent,Pulmovia Therapeutics,True,2023-08-07,2023-08-07,2023,32,2023-W32,False,Unknown,Respiratory,Airovent,Pulmovia Therapeutics,130.1,25.4,338.0,False,False,False,False,MISSING_CATEGORICAL_FIELD | UNKNOWN_REGION
2023-02-06,58,2023,Maharashtra,diabetes,Glucotend,,216.3,64.4,659,Maharashtra,diabetes,Glucotend,,True,2023-02-06,2023-02-06,2023,6,2023-W06,False,Maharashtra,Diabetes,Glucotend,Unknown,216.3,64.4,659.0,False,False,False,False,MISSING_CATEGORICAL_FIELD | UNKNOWN_BRAND
11/11/2024,150,2024,,cardiology,Vascolin,Zenova Biosciences,251.1,58.1,718,,cardiology,Vascolin,Zenova Biosciences,True,2024-11-11,2024-11-11,2024,46,2024-W46,False,Unknown,Cardiology,Vascolin,Zenova Biosciences,251.1,58.1,718.0,False,False,False,False,MISSING_CATEGORICAL_FIELD | UNKNOWN_REGION
17-Apr-2023,68,2023,MAHARASHTRA,DIABETES,Insulyn,,449.2,100.3,1338,MAHARASHTRA,DIABETES,Insulyn,,True,2023-04-17,2023-04-17,2023,16,2023-W16,False,Maharashtra,Diabetes,Insulyn,Unknown,449.2,100.3,1338.0,False,False,False,False,MISSING_CATEGORICAL_FIELD | UNKNOWN_BRAND
30-Sep-2024,144,2024,Karnataka ,RESPIRATORY,Bronchel,,145.4,49.5,494,Karnataka,RESPIRATORY,Bronchel,,True,2024-09-30,2024-09-30,2024,40,2024-W40,False,Karnataka,Respiratory,Bronchel,Unknown,145.4,49.5,494.0,False,False,False,False,MISSING_CATEGORICAL_FIELD | UNKNOWN_BRAND
2023/11/13,98,2023,  Maharashtra  ,diabetes,Glucotend,,276.0,61.2,827,Maharashtra,diabetes,Glucotend,,True,2023-11-13,2023-11-13,2023,46,2023-W46,False,Maharashtra,Diabetes,Glucotend,Unknown,276.0,61.2,827.0,False,False,False,False,MISSING_CATEGORICAL_FIELD | UNKNOWN_BRAND
2024-02-19,112,2024,,cardiology,Cordamet,Meditrix Labs,225.1,46.2,592,,cardiology,Cordamet,Meditrix Labs,True,2024-02-19,2024-02-19,2024,8,2024-W08,False,Unknown,Cardiology,Cordamet,Meditrix Labs,225.1,46.2,592.0,False,False,False,False,MISSING_CATEGORICAL_FIELD | UNKNOWN_REGION
2024-06-17,129,2024,  Maharashtra  ,Cardiology,Cordamet,,458.5,107.1,1466,Maharashtra,Cardiology,Cordamet,,True,2024-06-17,2024-06-17,2024,25,2024-W25,False,Maharashtra,Cardiology,Cordamet,Unknown,458.5,107.1,1466.0,False,False,False,False,MISSING_CATEGORICAL_FIELD | UNKNOWN_BRAND
24/11/2025,204,2025,,Respiratory,Bronchel,Breathex Labs,193.9,45.7,652,,Respiratory,Bronchel,Breathex Labs,True,2025-11-24,2025-11-24,2025,48,2025-W48,False,Unknown,Respiratory,Bronchel,Breathex Labs,193.9,45.7,652.0,False,False,False,False,MISSING_CATEGORICAL_FIELD | UNKNOWN_REGION
29-Sep-2025,196,2025,,DIABETES,Metforal,Novanta Pharma,235.3,83.9,740,,DIABETES,Metforal,Novanta Pharma,True,2025-09-29,2025-09-29,2025,40,2025-W40,False,Unknown,Diabetes,Metforal,Novanta Pharma,235.3,83.9,740.0,False,False,False,False,MISSING_CATEGORICAL_FIELD | UNKNOWN_REGION
09/18/2023,90,2023,rajasthan,CARDIOLOGY,Cordamet,,167.0,43.0,524,rajasthan,CARDIOLOGY,Cordamet,,True,2023-09-18,2023-09-18,2023,38,2023-W38,False,Rajasthan,Cardiology,Cordamet,Unknown,167.0,43.0,524.0,False,False,False,False,MISSING_CATEGORICAL_FIELD | UNKNOWN_BRAND
08/12/2025,206,2025,maharashtra,Respiratory,Bronchel,,268.1,77.2,847,maharashtra,Respiratory,Bronchel,,True,2025-12-08,2025-12-08,2025,50,2025-W50,False,Maharashtra,Respiratory,Bronchel,Unknown,268.1,77.2,847.0,False,False,False,False,MISSING_CATEGORICAL_FIELD | UNKNOWN_BRAND
21/04/2025,173,2025,W. Bengal,diabetes,Metforal,,199.0,33.3,549,W. Bengal,diabetes,Metforal,,True,2025-04-21,2025-04-21,2025,17,2025-W17,False,West Bengal,Diabetes,Metforal,Unknown,199.0,33.3,549.0,False,False,False,False,MISSING_CATEGORICAL_FIELD | UNKNOWN_BRAND
12/02/2024,111,2024,KERALA,  Respiratory  ,Airovent,,159.6,32.9,429,KERALA,Respiratory,Airovent,,True,2024-02-12,2024-02-12,2024,7,2024-W07,False,Kerala,Respiratory,Airovent,Unknown,159.6,32.9,429.0,False,False,False,False,MISSING_CATEGORICAL_FIELD | UNKNOWN_BRAND
13/06/2022,24,2022,,Respiratory,Airovent,Pulmovia Therapeutics,113.4,31.6,313,,Respiratory,Airovent,Pulmovia Therapeutics,True,2022-06-13,2022-06-13,2022,24,2022-W24,False,Unknown,Respiratory,Airovent,Pulmovia Therapeutics,113.4,31.6,313.0,False,False,False,False,MISSING_CATEGORICAL_FIELD | UNKNOWN_REGION
2024-03-11,115,2024,kerala,Respiratory,Respivan,,84.1,15.8,216,kerala,Respiratory,Respivan,,True,2024-03-11,2024-03-11,2024,11,2024-W11,False,Kerala,Respiratory,Respivan,Unknown,84.1,15.8,216.0,False,False,False,False,MISSING_CATEGORICAL_FIELD | UNKNOWN_BRAND
09/05/2022,19,2022,Tamil Ndu,DIABETES,Insulyn,,290.2,77.1,870,Tamil Ndu,DIABETES,Insulyn,,True,2022-05-09,2022-05-09,2022,19,2022-W19,False,Tamil Nadu,Diabetes,Insulyn,Unknown,290.2,77.1,870.0,False,False,False,False,MISSING_CATEGORICAL_FIELD | UNKNOWN_BRAND
27/02/2023,61,2023,Tamilnadu,  Respiratory  ,Respivan,,284.4,70.0,852,Tamilnadu,Respiratory,Respivan,,True,2023-02-27,2023-02-27,2023,9,2023-W09,False,Tamil Nadu,Respiratory,Respivan,Unknown,284.4,70.0,852.0,False,False,False,False,MISSING_CATEGORICAL_FIELD | UNKNOWN_BRAND
25/12/2023,104,2023,,Diabetes,Insulyn,Insulara Biotech,201.7,34.3,649,,Diabetes,Insulyn,Insulara Biotech,True,2023-12-25,2023-12-25,2023,52,2023-W52,False,Unknown,Diabetes,Insulyn,Insulara Biotech,201.7,34.3,649.0,False,False,False,False,MISSING_CATEGORICAL_FIELD | UNKNOWN_REGION
14-Apr-2025,172,2025,,Cardiology,Cardivex,Corvyx Pharma,256.2,82.4,653,,Cardiology,Cardivex,Corvyx Pharma,True,2025-04-14,2025-04-14,2025,16,2025-W16,False,Unknown,Cardiology,Cardivex,Corvyx Pharma,256.2,82.4,653.0,False,False,False,False,MISSING_CATEGORICAL_FIELD | UNKNOWN_REGION
2023-08-28,87,2023,,diabetes,Insulyn,Insulara Biotech,218.1,75.4,639,,diabetes,Insulyn,Insulara Biotech,True,2023-08-28,2023-08-28,2023,35,2023-W35,False,Unknown,Diabetes,Insulyn,Insulara Biotech,218.1,75.4,639.0,False,False,False,False,MISSING_CATEGORICAL_FIELD | UNKNOWN_REGION
25/11/2024,152,2024,kerala,Diabetes,Metforal,,115.1,23.2,387,kerala,Diabetes,Metforal,,True,2024-11-25,2024-11-25,2024,48,2024-W48,False,Kerala,Diabetes,Metforal,Unknown,115.1,23.2,387.0,False,False,False,False,MISSING_CATEGORICAL_FIELD | UNKNOWN_BRAND
2022/11/07,45,2022,,RESPIRATORY,Respivan,Aerovant Pharma,78.6,15.3,215,,RESPIRATORY,Respivan,Aerovant Pharma,True,2022-11-07,2022-11-07,2022,45,2022-W45,False,Unknown,Respiratory,Respivan,Aerovant Pharma,78.6,15.3,215.0,False,False,False,False,MISSING_CATEGORICAL_FIELD | UNKNOWN_REGION
2025/10/13,198,2025,Tamil Nadu,DIABETES,Glucotend,,322.9,72.7,893,Tamil Nadu,DIABETES,Glucotend,,True,2025-10-13,2025-10-13,2025,42,2025-W42,False,Tamil Nadu,Diabetes,Glucotend,Unknown,322.9,72.7,893.0,False,False,False,False,MISSING_CATEGORICAL_FIELD | UNKNOWN_BRAND
2025-07-21,186,2025,rajasthan,RESPIRATORY,Bronchel,,176.3,53.3,575,rajasthan,RESPIRATORY,Bronchel,,True,2025-07-21,2025-07-21,2025,30,2025-W30,False,Rajasthan,Respiratory,Bronchel,Unknown,176.3,53.3,575.0,False,False,False,False,MISSING_CATEGORICAL_FIELD | UNKNOWN_BRAND
2023/04/03,66,2023,GUJARAT,  Respiratory  ,Airovent,,116.8,36.5,302,GUJARAT,Respiratory,Airovent,,True,2023-04-03,2023-04-03,2023,14,2023-W14,False,Gujarat,Respiratory,Airovent,Unknown,116.8,36.5,302.0,False,False,False,False,MISSING_CATEGORICAL_FIELD | UNKNOWN_BRAND
2022-11-14,46,2022,TELANGANA,Diabetes,Glucotend,,260.2,75.1,816,TELANGANA,Diabetes,Glucotend,,True,2022-11-14,2022-11-14,2022,46,2022-W46,False,Telangana,Diabetes,Glucotend,Unknown,260.2,75.1,816.0,False,False,False,False,MISSING_CATEGORICAL_FIELD | UNKNOWN_BRAND
10/10/2022,41,2022,TN,RESPIRATORY,Bronchel,,256.0,74.8,775,TN,RESPIRATORY,Bronchel,,True,2022-10-10,2022-10-10,2022,41,2022-W41,False,Tamil Nadu,Respiratory,Bronchel,Unknown,256.0,74.8,775.0,False,False,False,False,MISSING_CATEGORICAL_FIELD | UNKNOWN_BRAND
2024-09-02,140,2024,,RESPIRATORY,Bronchel,Breathex Labs,127.8,38.1,365,,RESPIRATORY,Bronchel,Breathex Labs,True,2024-09-02,2024-09-02,2024,36,2024-W36,False,Unknown,Respiratory,Bronchel,Breathex Labs,127.8,38.1,365.0,False,False,False,False,MISSING_CATEGORICAL_FIELD | UNKNOWN_REGION
2023-03-27,65,2023,,Cardiology,Cordamet,Meditrix Labs,268.6,55.5,844,,Cardiology,Cordamet,Meditrix Labs,True,2023-03-27,2023-03-27,2023,13,2023-W13,False,Unknown,Cardiology,Cordamet,Meditrix Labs,268.6,55.5,844.0,False,False,False,False,MISSING_CATEGORICAL_FIELD | UNKNOWN_REGION
04/29/2024,122,2024,,Respiratory,Respivan,Aerovant Pharma,138.5,46.0,357,,Respiratory,Respivan,Aerovant Pharma,True,2024-04-29,2024-04-29,2024,18,2024-W18,False,Unknown,Respiratory,Respivan,Aerovant Pharma,138.5,46.0,357.0,False,False,False,False,MISSING_CATEGORICAL_FIELD | UNKNOWN_REGION
25-Dec-2023,104,2023,kerala,DIABETES,Metforal,,186.1,51.3,514,kerala,DIABETES,Metforal,,True,2023-12-25,2023-12-25,2023,52,2023-W52,False,Kerala,Diabetes,Metforal,Unknown,186.1,51.3,514.0,False,False,False,False,MISSING_CATEGORICAL_FIELD | UNKNOWN_BRAND
2023-10-23,95,2023,  Andhra Pradesh  ,  Cardiology  ,Cordamet,,137.8,50.2,356,Andhra Pradesh,Cardiology,Cordamet,,True,2023-10-23,2023-10-23,2023,43,2023-W43,False,Andhra Pradesh,Cardiology,Cordamet,Unknown,137.8,50.2,356.0,False,False,False,False,MISSING_CATEGORICAL_FIELD | UNKNOWN_BRAND
2022/12/05,49,2022,,respiratory,Airovent,Pulmovia Therapeutics,185.6,38.5,561,,respiratory,Airovent,Pulmovia Therapeutics,True,2022-12-05,2022-12-05,2022,49,2022-W49,False,Unknown,Respiratory,Airovent,Pulmovia Therapeutics,185.6,38.5,561.0,False,False,False,False,MISSING_CATEGORICAL_FIELD | UNKNOWN_REGION
2022-05-16,20,2022,  Gujarat  ,CARDIOLOGY,Cordamet,,152.1,39.2,481,Gujarat,CARDIOLOGY,Cordamet,,True,2022-05-16,2022-05-16,2022,20,2022-W20,False,Gujarat,Cardiology,Cordamet,Unknown,152.1,39.2,481.0,False,False,False,False,MISSING_CATEGORICAL_FIELD | UNKNOWN_BRAND
10-Jan-2022,2,2022,,cardiology,Cordamet,Meditrix Labs,191.0,40.4,481,,cardiology,Cordamet,Meditrix Labs,True,2022-01-10,2022-01-10,2022,2,2022-W02,False,Unknown,Cardiology,Cordamet,Meditrix Labs,191.0,40.4,481.0,False,False,False,False,MISSING_CATEGORICAL_FIELD | UNKNOWN_REGION
2023-11-06,97,2023,kerala,Diabetes,Insulyn,,205.6,52.5,660,kerala,Diabetes,Insulyn,,True,2023-11-06,2023-11-06,2023,45,2023-W45,False,Kerala,Diabetes,Insulyn,Unknown,205.6,52.5,660.0,False,False,False,False,MISSING_CATEGORICAL_FIELD | UNKNOWN_BRAND
23-Dec-2024,156,2024,,RESPIRATORY,Bronchel,Breathex Labs,204.1,54.5,,,RESPIRATORY,Bronchel,Breathex Labs,True,2024-12-23,2024-12-23,2024,52,2024-W52,False,Unknown,Respiratory,Bronchel,Breathex Labs,204.1,54.5,,False,True,False,False,MISSING_CATEGORICAL_FIELD | UNKNOWN_REGION
16-May-2022,20,2022,RAJASTHAN,  Diabetes  ,Insulyn,,191.1,53.3,592,RAJASTHAN,Diabetes,Insulyn,,True,2022-05-16,2022-05-16,2022,20,2022-W20,False,Rajasthan,Diabetes,Insulyn,Unknown,191.1,53.3,592.0,False,False,False,False,MISSING_CATEGORICAL_FIELD | UNKNOWN_BRAND
2023-08-21,86,2023,,  Diabetes  ,Glucotend,Glucera Health,202.3,34.8,530,,Diabetes,Glucotend,Glucera Health,True,2023-08-21,2023-08-21,2023,34,2023-W34,False,Unknown,Diabetes,Glucotend,Glucera Health,202.3,34.8,530.0,False,False,False,False,MISSING_CATEGORICAL_FIELD | UNKNOWN_REGION
29/04/2024,122,2024,,  Respiratory  ,Bronchel,Breathex Labs,277.6,66.8,837,,Respiratory,Bronchel,Breathex Labs,True,2024-04-29,2024-04-29,2024,18,2024-W18,False,Unknown,Respiratory,Bronchel,Breathex Labs,277.6,66.8,837.0,False,False,False,False,MISSING_CATEGORICAL_FIELD | UNKNOWN_REGION
10/24/2022,43,2022,Tamil Ndu,Respiratory,Bronchel,,227.6,53.0,660,Tamil Ndu,Respiratory,Bronchel,,True,2022-10-24,2022-10-24,2022,43,2022-W43,False,Tamil Nadu,Respiratory,Bronchel,Unknown,227.6,53.0,660.0,False,False,False,False,MISSING_CATEGORICAL_FIELD | UNKNOWN_BRAND
2025-03-03,166,2025,,DIABETES,Metforal,Novanta Pharma,161.1,29.8,474,,DIABETES,Metforal,Novanta Pharma,True,2025-03-03,2025-03-03,2025,10,2025-W10,False,Unknown,Diabetes,Metforal,Novanta Pharma,161.1,29.8,474.0,False,False,False,False,MISSING_CATEGORICAL_FIELD | UNKNOWN_REGION
06/11/2023,97,2023,,cardiology,Cardivex,Corvyx Pharma,187.9,54.6,495,,cardiology,Cardivex,Corvyx Pharma,True,2023-11-06,2023-11-06,2023,45,2023-W45,False,Unknown,Cardiology,Cardivex,Corvyx Pharma,187.9,54.6,495.0,False,False,False,False,MISSING_CATEGORICAL_FIELD | UNKNOWN_REGION
2025/10/13,198,2025,,CARDIOLOGY,Cardivex,Corvyx Pharma,209.6,49.2,,,CARDIOLOGY,Cardivex,Corvyx Pharma,True,2025-10-13,2025-10-13,2025,42,2025-W42,False,Unknown,Cardiology,Cardivex,Corvyx Pharma,209.6,49.2,,False,True,False,False,MISSING_CATEGORICAL_FIELD | UNKNOWN_REGION
28/03/2022,13,2022,,Diabetes,Glucotend,Glucera Health,149.3,56.4,472,,Diabetes,Glucotend,Glucera Health,True,2022-03-28,2022-03-28,2022,13,2022-W13,False,Unknown,Diabetes,Glucotend,Glucera Health,149.3,56.4,472.0,False,False,False,False,MISSING_CATEGORICAL_FIELD | UNKNOWN_REGION
07/07/2025,184,2025,  Rajasthan  ,Respiratory,Bronchel,,196.4,50.9,613,Rajasthan,Respiratory,Bronchel,,True,2025-07-07,2025-07-07,2025,28,2025-W28,False,Rajasthan,Respiratory,Bronchel,Unknown,196.4,50.9,613.0,False,False,False,False,MISSING_CATEGORICAL_FIELD | UNKNOWN_BRAND
2023-09-25,91,2023,,cardiology,Cardivex,Corvyx Pharma,229.0,63.5,674,,cardiology,Cardivex,Corvyx Pharma,True,2023-09-25,2023-09-25,2023,39,2023-W39,False,Unknown,Cardiology,Cardivex,Corvyx Pharma,229.0,63.5,674.0,False,False,False,False,MISSING_CATEGORICAL_FIELD | UNKNOWN_REGION
27-Jun-2022,26,2022,TELANGANA,DIABETES,Glucotend,,236.5,26.6,634,TELANGANA,DIABETES,Glucotend,,True,2022-06-27,2022-06-27,2022,26,2022-W26,False,Telangana,Diabetes,Glucotend,Unknown,236.5,26.6,634.0,False,False,False,False,MISSING_CATEGORICAL_FIELD | UNKNOWN_BRAND
2024-01-29,109,2024,gujarat,Respiratory,Airovent,,179.6,41.9,520,gujarat,Respiratory,Airovent,,True,2024-01-29,2024-01-29,2024,5,2024-W05,False,Gujarat,Respiratory,Airovent,Unknown,179.6,41.9,520.0,False,False,False,False,MISSING_CATEGORICAL_FIELD | UNKNOWN_BRAND
15-Aug-2022,33,2022,MAHARASHTRA,  Diabetes  ,Metforal,,251.8,58.0,691,MAHARASHTRA,Diabetes,Metforal,,True,2022-08-15,2022-08-15,2022,33,2022-W33,False,Maharashtra,Diabetes,Metforal,Unknown,251.8,58.0,691.0,False,False,False,False,MISSING_CATEGORICAL_FIELD | UNKNOWN_BRAND
2024/04/22,121,2024,Kerala,RESPIRATORY,Airovent,,77.4,28.3,204,Kerala,RESPIRATORY,Airovent,,True,2024-04-22,2024-04-22,2024,17,2024-W17,False,Kerala,Respiratory,Airovent,Unknown,77.4,28.3,204.0,False,False,False,False,MISSING_CATEGORICAL_FIELD | UNKNOWN_BRAND
09/16/2024,142,2024,  Rajasthan  ,RESPIRATORY,Bronchel,,136.0,32.1,399,Rajasthan,RESPIRATORY,Bronchel,,True,2024-09-16,2024-09-16,2024,38,2024-W38,False,Rajasthan,Respiratory,Bronchel,Unknown,136.0,32.1,399.0,False,False,False,False,MISSING_CATEGORICAL_FIELD | UNKNOWN_BRAND
10/14/2024,146,2024,,diabetes,Glucotend,Glucera Health,244.5,83.0,657,,diabetes,Glucotend,Glucera Health,True,2024-10-14,2024-10-14,2024,42,2024-W42,False,Unknown,Diabetes,Glucotend,Glucera Health,244.5,83.0,657.0,False,False,False,False,MISSING_CATEGORICAL_FIELD | UNKNOWN_REGION
2023/10/30,96,2023,,Respiratory,Bronchel,Breathex Labs,142.8,36.1,441,,Respiratory,Bronchel,Breathex Labs,True,2023-10-30,2023-10-30,2023,44,2023-W44,False,Unknown,Respiratory,Bronchel,Breathex Labs,142.8,36.1,441.0,False,False,False,False,MISSING_CATEGORICAL_FIELD | UNKNOWN_REGION
01/29/2024,109,2024,,CARDIOLOGY,Cordamet,Meditrix Labs,228.5,60.0,597,,CARDIOLOGY,Cordamet,Meditrix Labs,True,2024-01-29,2024-01-29,2024,5,2024-W05,False,Unknown,Cardiology,Cordamet,Meditrix Labs,228.5,60.0,597.0,False,False,False,False,MISSING_CATEGORICAL_FIELD | UNKNOWN_REGION
2022-02-21,8,2022,,Diabetes,Metforal,Novanta Pharma,219.6,42.3,622,,Diabetes,Metforal,Novanta Pharma,True,2022-02-21,2022-02-21,2022,8,2022-W08,False,Unknown,Diabetes,Metforal,Novanta Pharma,219.6,42.3,622.0,False,False,False,False,MISSING_CATEGORICAL_FIELD | UNKNOWN_REGION
2022-02-28,9,2022,Kerala,Cardiology,Cardivex,,172.4,59.2,497,Kerala,Cardiology,Cardivex,,True,2022-02-28,2022-02-28,2022,9,2022-W09,False,Kerala,Cardiology,Cardivex,Unknown,172.4,59.2,497.0,False,False,False,False,MISSING_CATEGORICAL_FIELD | UNKNOWN_BRAND
2025-02-17,164,2025,,DIABETES,Metforal,Novanta Pharma,272.1,44.3,777,,DIABETES,Metforal,Novanta Pharma,True,2025-02-17,2025-02-17,2025,8,2025-W08,False,Unknown,Diabetes,Metforal,Novanta Pharma,272.1,44.3,777.0,False,False,False,False,MISSING_CATEGORICAL_FIELD | UNKNOWN_REGION
30/09/2024,144,2024,TAMIL NADU,RESPIRATORY,Bronchel,,162.9,33.7,543,TAMIL NADU,RESPIRATORY,Bronchel,,True,2024-09-30,2024-09-30,2024,40,2024-W40,False,Tamil Nadu,Respiratory,Bronchel,Unknown,162.9,33.7,543.0,False,False,False,False,MISSING_CATEGORICAL_FIELD | UNKNOWN_BRAND
14-Feb-2022,7,2022,Telangana,Respiratory,Respivan,,77.7,15.5,214,Telangana,Respiratory,Respivan,,True,2022-02-14,2022-02-14,2022,7,2022-W07,False,Telangana,Respiratory,Respivan,Unknown,77.7,15.5,214.0,False,False,False,False,MISSING_CATEGORICAL_FIELD | UNKNOWN_BRAND
10/11/2025,202,2025,,respiratory,Respivan,Aerovant Pharma,135.0,36.2,386,,respiratory,Respivan,Aerovant Pharma,True,2025-11-10,2025-11-10,2025,46,2025-W46,False,Unknown,Respiratory,Respivan,Aerovant Pharma,135.0,36.2,386.0,False,False,False,False,MISSING_CATEGORICAL_FIELD | UNKNOWN_REGION
10/07/2023,80,2023,,cardiology,Cardivex,Corvyx Pharma,267.0,85.5,759,,cardiology,Cardivex,Corvyx Pharma,True,2023-07-10,2023-07-10,2023,28,2023-W28,False,Unknown,Cardiology,Cardivex,Corvyx Pharma,267.0,85.5,759.0,False,False,False,False,MISSING_CATEGORICAL_FIELD | UNKNOWN_REGION
2024/04/01,118,2024,Karnataka ,diabetes,Insulyn,,163.2,35.6,489,Karnataka,diabetes,Insulyn,,True,2024-04-01,2024-04-01,2024,14,2024-W14,False,Karnataka,Diabetes,Insulyn,Unknown,163.2,35.6,489.0,False,False,False,False,MISSING_CATEGORICAL_FIELD | UNKNOWN_BRAND
29/09/2025,196,2025,maharashtra,DIABETES,Glucotend,,373.0,102.5,1261,maharashtra,DIABETES,Glucotend,,True,2025-09-29,2025-09-29,2025,40,2025-W40,False,Maharashtra,Diabetes,Glucotend,Unknown,373.0,102.5,1261.0,False,False,False,False,MISSING_CATEGORICAL_FIELD | UNKNOWN_BRAND
2025-04-21,173,2025,maharashtra,  Cardiology  ,Cardivex,,247.2,57.5,708,maharashtra,Cardiology,Cardivex,,True,2025-04-21,2025-04-21,2025,17,2025-W17,False,Maharashtra,Cardiology,Cardivex,Unknown,247.2,57.5,708.0,False,False,False,False,MISSING_CATEGORICAL_FIELD | UNKNOWN_BRAND
2024/06/24,130,2024,DELHI,DIABETES,Metforal,,280.8,74.5,935,DELHI,DIABETES,Metforal,,True,2024-06-24,2024-06-24,2024,26,2024-W26,False,Delhi,Diabetes,Metforal,Unknown,280.8,74.5,935.0,False,False,False,False,MISSING_CATEGORICAL_FIELD | UNKNOWN_BRAND
2023-01-23,56,2023,  Tamil Nadu  ,respiratory,Airovent,,164.0,36.9,489,Tamil Nadu,respiratory,Airovent,,True,2023-01-23,2023-01-23,2023,4,2023-W04,False,Tamil Nadu,Respiratory,Airovent,Unknown,164.0,36.9,489.0,False,False,False,False,MISSING_CATEGORICAL_FIELD | UNKNOWN_BRAND
08/25/2025,191,2025,rajasthan,CARDIOLOGY,Cordamet,,284.0,57.0,871,rajasthan,CARDIOLOGY,Cordamet,,True,2025-08-25,2025-08-25,2025,35,2025-W35,False,Rajasthan,Cardiology,Cordamet,Unknown,284.0,57.0,871.0,False,False,False,False,MISSING_CATEGORICAL_FIELD | UNKNOWN_BRAND
2023/10/30,96,2023,,cardiology,Cardivex,Corvyx Pharma,323.7,86.2,838,,cardiology,Cardivex,Corvyx Pharma,True,2023-10-30,2023-10-30,2023,44,2023-W44,False,Unknown,Cardiology,Cardivex,Corvyx Pharma,323.7,86.2,838.0,False,False,False,False,MISSING_CATEGORICAL_FIELD | UNKNOWN_REGION
05-Feb-2024,110,2024,Delhi,  Diabetes  ,Insulyn,,306.2,83.1,787,Delhi,Diabetes,Insulyn,,True,2024-02-05,2024-02-05,2024,6,2024-W06,False,Delhi,Diabetes,Insulyn,Unknown,306.2,83.1,787.0,False,False,False,False,MISSING_CATEGORICAL_FIELD | UNKNOWN_BRAND
10-Oct-2022,41,2022,kerala,diabetes,Glucotend,,248.7,53.0,844,kerala,diabetes,Glucotend,,True,2022-10-10,2022-10-10,2022,41,2022-W41,False,Kerala,Diabetes,Glucotend,Unknown,248.7,53.0,844.0,False,False,False,False,MISSING_CATEGORICAL_FIELD | UNKNOWN_BRAND
18-Dec-2023,103,2023,,  Diabetes  ,Insulyn,Insulara Biotech,234.8,44.5,732,,Diabetes,Insulyn,Insulara Biotech,True,2023-12-18,2023-12-18,2023,51,2023-W51,False,Unknown,Diabetes,Insulyn,Insulara Biotech,234.8,44.5,732.0,False,False,False,False,MISSING_CATEGORICAL_FIELD | UNKNOWN_REGION
27-Mar-2023,65,2023,AndhraPradesh,  Respiratory  ,Respivan,,197.3,54.2,,AndhraPradesh,Respiratory,Respivan,,True,2023-03-27,2023-03-27,2023,13,2023-W13,False,Andhra Pradesh,Respiratory,Respivan,Unknown,197.3,54.2,,False,True,False,False,MISSING_CATEGORICAL_FIELD | UNKNOWN_BRAND
2025/06/23,182,2025,,Respiratory,Airovent,Pulmovia Therapeutics,153.8,33.5,500,,Respiratory,Airovent,Pulmovia Therapeutics,True,2025-06-23,2025-06-23,2025,26,2025-W26,False,Unknown,Respiratory,Airovent,Pulmovia Therapeutics,153.8,33.5,500.0,False,False,False,False,MISSING_CATEGORICAL_FIELD | UNKNOWN_REGION
2023/02/27,61,2023,  Andhra Pradesh  ,diabetes,Insulyn,,237.0,63.4,697,Andhra Pradesh,diabetes,Insulyn,,True,2023-02-27,2023-02-27,2023,9,2023-W09,False,Andhra Pradesh,Diabetes,Insulyn,Unknown,237.0,63.4,697.0,False,False,False,False,MISSING_CATEGORICAL_FIELD | UNKNOWN_BRAND
07/18/2022,29,2022,West Bengal,Diabetes,Glucotend,,255.4,80.8,760,West Bengal,Diabetes,Glucotend,,True,2022-07-18,2022-07-18,2022,29,2022-W29,False,West Bengal,Diabetes,Glucotend,Unknown,255.4,80.8,760.0,False,False,False,False,MISSING_CATEGORICAL_FIELD | UNKNOWN_BRAND
2025/06/30,183,2025,west bengal,DIABETES,Insulyn,,263.7,76.7,800,west bengal,DIABETES,Insulyn,,True,2025-06-30,2025-06-30,2025,27,2025-W27,False,West Bengal,Diabetes,Insulyn,Unknown,263.7,76.7,800.0,False,False,False,False,MISSING_CATEGORICAL_FIELD | UNKNOWN_BRAND
2022/03/21,12,2022,,diabetes,Insulyn,Insulara Biotech,316.1,70.2,836,,diabetes,Insulyn,Insulara Biotech,True,2022-03-21,2022-03-21,2022,12,2022-W12,False,Unknown,Diabetes,Insulyn,Insulara Biotech,316.1,70.2,836.0,False,False,False,False,MISSING_CATEGORICAL_FIELD | UNKNOWN_REGION
30-Sep-2024,144,2024,  West Bengal  ,  Cardiology  ,Vascolin,,332.6,83.7,840,West Bengal,Cardiology,Vascolin,,True,2024-09-30,2024-09-30,2024,40,2024-W40,False,West Bengal,Cardiology,Vascolin,Unknown,332.6,83.7,840.0,False,False,False,False,MISSING_CATEGORICAL_FIELD | UNKNOWN_BRAND
2023/07/31,83,2023,,  Respiratory  ,Airovent,Pulmovia Therapeutics,143.4,23.4,450,,Respiratory,Airovent,Pulmovia Therapeutics,True,2023-07-31,2023-07-31,2023,31,2023-W31,False,Unknown,Respiratory,Airovent,Pulmovia Therapeutics,143.4,23.4,450.0,False,False,False,False,MISSING_CATEGORICAL_FIELD | UNKNOWN_REGION
02/19/2024,112,2024,Delhi,diabetes,Insulyn,,180.0,37.4,504,Delhi,diabetes,Insulyn,,True,2024-02-19,2024-02-19,2024,8,2024-W08,False,Delhi,Diabetes,Insulyn,Unknown,180.0,37.4,504.0,False,False,False,False,MISSING_CATEGORICAL_FIELD | UNKNOWN_BRAND
18/03/2024,116,2024,  Maharashtra  ,CARDIOLOGY,Vascolin,,343.0,100.1,976,Maharashtra,CARDIOLOGY,Vascolin,,True,2024-03-18,2024-03-18,2024,12,2024-W12,False,Maharashtra,Cardiology,Vascolin,Unknown,343.0,100.1,976.0,False,False,False,False,MISSING_CATEGORICAL_FIELD | UNKNOWN_BRAND
04/24/2023,69,2023,,  Diabetes  ,Glucotend,Glucera Health,,68.6,692,,Diabetes,Glucotend,Glucera Health,True,2023-04-24,2023-04-24,2023,17,2023-W17,False,Unknown,Diabetes,Glucotend,Glucera Health,,68.6,692.0,False,True,False,False,MISSING_CATEGORICAL_FIELD | UNKNOWN_REGION
09-May-2022,19,2022,,respiratory,Bronchel,Breathex Labs,143.3,36.5,398,,respiratory,Bronchel,Breathex Labs,True,2022-05-09,2022-05-09,2022,19,2022-W19,False,Unknown,Respiratory,Bronchel,Breathex Labs,143.3,36.5,398.0,False,False,False,False,MISSING_CATEGORICAL_FIELD | UNKNOWN_REGION
2025-03-10,167,2025,,  Diabetes  ,Metforal,Novanta Pharma,207.8,42.7,613,,Diabetes,Metforal,Novanta Pharma,True,2025-03-10,2025-03-10,2025,11,2025-W11,False,Unknown,Diabetes,Metforal,Novanta Pharma,207.8,42.7,613.0,False,False,False,False,MISSING_CATEGORICAL_FIELD | UNKNOWN_REGION
2022/02/14,7,2022,,diabetes,Glucotend,Glucera Health,200.0,54.9,503,,diabetes,Glucotend,Glucera Health,True,2022-02-14,2022-02-14,2022,7,2022-W07,False,Unknown,Diabetes,Glucotend,Glucera Health,200.0,54.9,503.0,False,False,False,False,MISSING_CATEGORICAL_FIELD | UNKNOWN_REGION
06/03/2024,127,2024,Maharashtra,cardiology,Vascolin,,291.3,77.9,799,Maharashtra,cardiology,Vascolin,,True,2024-06-03,2024-06-03,2024,23,2024-W23,False,Maharashtra,Cardiology,Vascolin,Unknown,291.3,77.9,799.0,False,False,False,False,MISSING_CATEGORICAL_FIELD | UNKNOWN_BRAND
2025-09-15,194,2025,Karnatka,Diabetes,Metforal,,354.0,91.5,1104,Karnatka,Diabetes,Metforal,,True,2025-09-15,2025-09-15,2025,38,2025-W38,False,Karnataka,Diabetes,Metforal,Unknown,354.0,91.5,1104.0,False,False,False,False,MISSING_CATEGORICAL_FIELD | UNKNOWN_BRAND
2022/04/11,15,2022,west bengal,DIABETES,Glucotend,,193.8,39.0,582,west bengal,DIABETES,Glucotend,,True,2022-04-11,2022-04-11,2022,15,2022-W15,False,West Bengal,Diabetes,Glucotend,Unknown,193.8,39.0,582.0,False,False,False,False,MISSING_CATEGORICAL_FIELD | UNKNOWN_BRAND
11/13/2023,98,2023,,Respiratory,Airovent,Pulmovia Therapeutics,160.0,38.0,541,,Respiratory,Airovent,Pulmovia Therapeutics,True,2023-11-13,2023-11-13,2023,46,2023-W46,False,Unknown,Respiratory,Airovent,Pulmovia Therapeutics,160.0,38.0,541.0,False,False,False,False,MISSING_CATEGORICAL_FIELD | UNKNOWN_REGION
07/21/2025,186,2025,  Kerala  ,respiratory,Respivan,,106.7,30.7,276,Kerala,respiratory,Respivan,,True,2025-07-21,2025-07-21,2025,30,2025-W30,False,Kerala,Respiratory,Respivan,Unknown,106.7,30.7,276.0,False,False,False,False,MISSING_CATEGORICAL_FIELD | UNKNOWN_BRAND
11/09/2023,89,2023,maharashtra,CARDIOLOGY,Cordamet,,237.0,57.0,694,maharashtra,CARDIOLOGY,Cordamet,,True,2023-09-11,2023-09-11,2023,37,2023-W37,False,Maharashtra,Cardiology,Cordamet,Unknown,237.0,57.0,694.0,False,False,False,False,MISSING_CATEGORICAL_FIELD | UNKNOWN_BRAND
01/02/2023,53,2023,,  Respiratory  ,Respivan,Aerovant Pharma,136.3,27.5,368,,Respiratory,Respivan,Aerovant Pharma,True,2023-01-02,2023-01-02,2023,1,2023-W01,False,Unknown,Respiratory,Respivan,Aerovant Pharma,136.3,27.5,368.0,False,False,False,False,MISSING_CATEGORICAL_FIELD | UNKNOWN_REGION
2024/09/09,141,2024,  Karnataka  ,RESPIRATORY,Airovent,,189.5,37.4,537,Karnataka,RESPIRATORY,Airovent,,True,2024-09-09,2024-09-09,2024,37,2024-W37,False,Karnataka,Respiratory,Airovent,Unknown,189.5,37.4,537.0,False,False,False,False,MISSING_CATEGORICAL_FIELD | UNKNOWN_BRAND
10-Apr-2023,67,2023,GUJARAT,DIABETES,Insulyn,,391.3,118.3,986,GUJARAT,DIABETES,Insulyn,,True,2023-04-10,2023-04-10,2023,15,2023-W15,False,Gujarat,Diabetes,Insulyn,Unknown,391.3,118.3,986.0,False,False,False,False,MISSING_CATEGORICAL_FIELD | UNKNOWN_BRAND
2022-05-30,22,2022,,CARDIOLOGY,Cordamet,Meditrix Labs,226.5,59.7,756,,CARDIOLOGY,Cordamet,Meditrix Labs,True,2022-05-30,2022-05-30,2022,22,2022-W22,False,Unknown,Cardiology,Cordamet,Meditrix Labs,226.5,59.7,756.0,False,False,False,False,MISSING_CATEGORICAL_FIELD | UNKNOWN_REGION
26/12/2022,52,2022,,Cardiology,Cardivex,Corvyx Pharma,92.8,24.6,262,,Cardiology,Cardivex,Corvyx Pharma,True,2022-12-26,2022-12-26,2022,52,2022-W52,False,Unknown,Cardiology,Cardivex,Corvyx Pharma,92.8,24.6,262.0,False,False,False,False,MISSING_CATEGORICAL_FIELD | UNKNOWN_REGION
25/08/2025,191,2025,  Maharashtra  ,  Cardiology  ,Vascolin,,195.8,43.2,539,Maharashtra,Cardiology,Vascolin,,True,2025-08-25,2025-08-25,2025,35,2025-W35,False,Maharashtra,Cardiology,Vascolin,Unknown,195.8,43.2,539.0,False,False,False,False,MISSING_CATEGORICAL_FIELD | UNKNOWN_BRAND
21/08/2023,86,2023,,CARDIOLOGY,Vascolin,Zenova Biosciences,241.2,79.1,723,,CARDIOLOGY,Vascolin,Zenova Biosciences,True,2023-08-21,2023-08-21,2023,34,2023-W34,False,Unknown,Cardiology,Vascolin,Zenova Biosciences,241.2,79.1,723.0,False,False,False,False,MISSING_CATEGORICAL_FIELD | UNKNOWN_REGION
01-Jul-2024,131,2024,,Cardiology,Cordamet,Meditrix Labs,231.3,64.5,616,,Cardiology,Cordamet,Meditrix Labs,True,2024-07-01,2024-07-01,2024,27,2024-W27,False,Unknown,Cardiology,Cordamet,Meditrix Labs,231.3,64.5,616.0,False,False,False,False,MISSING_CATEGORICAL_FIELD | UNKNOWN_REGION
30-Dec-2024,157,2025,,RESPIRATORY,Airovent,Pulmovia Therapeutics,206.4,71.7,640,,RESPIRATORY,Airovent,Pulmovia Therapeutics,True,2024-12-30,2024-12-30,2025,1,2025-W01,False,Unknown,Respiratory,Airovent,Pulmovia Therapeutics,206.4,71.7,640.0,False,False,False,False,MISSING_CATEGORICAL_FIELD | UNKNOWN_REGION
05/20/2024,125,2024,delhi,respiratory,Airovent,,87.8,21.3,268,delhi,respiratory,Airovent,,True,2024-05-20,2024-05-20,2024,21,2024-W21,False,Delhi,Respiratory,Airovent,Unknown,87.8,21.3,268.0,False,False,False,False,MISSING_CATEGORICAL_FIELD | UNKNOWN_BRAND
2024/07/15,133,2024,  Karnataka  ,  Cardiology  ,Vascolin,,183.0,57.0,509,Karnataka,Cardiology,Vascolin,,True,2024-07-15,2024-07-15,2024,29,2024-W29,False,Karnataka,Cardiology,Vascolin,Unknown,183.0,57.0,509.0,False,False,False,False,MISSING_CATEGORICAL_FIELD | UNKNOWN_BRAND
2025/06/30,183,2025,,cardiology,Cardivex,Corvyx Pharma,278.5,95.6,790,,cardiology,Cardivex,Corvyx Pharma,True,2025-06-30,2025-06-30,2025,27,2025-W27,False,Unknown,Cardiology,Cardivex,Corvyx Pharma,278.5,95.6,790.0,False,False,False,False,MISSING_CATEGORICAL_FIELD | UNKNOWN_REGION
10/04/2023,67,2023,WEST BENGAL,CARDIOLOGY,Vascolin,,272.7,63.1,811,WEST BENGAL,CARDIOLOGY,Vascolin,,True,2023-04-10,2023-04-10,2023,15,2023-W15,False,West Bengal,Cardiology,Vascolin,Unknown,272.7,63.1,811.0,False,False,False,False,MISSING_CATEGORICAL_FIELD | UNKNOWN_BRAND
08/08/2022,32,2022,,RESPIRATORY,Respivan,Aerovant Pharma,175.9,53.3,535,,RESPIRATORY,Respivan,Aerovant Pharma,True,2022-08-08,2022-08-08,2022,32,2022-W32,False,Unknown,Respiratory,Respivan,Aerovant Pharma,175.9,53.3,535.0,False,False,False,False,MISSING_CATEGORICAL_FIELD | UNKNOWN_REGION
2022-11-28,48,2022,  Maharashtra  ,  Cardiology  ,Vascolin,,298.2,68.5,985,Maharashtra,Cardiology,Vascolin,,True,2022-11-28,2022-11-28,2022,48,2022-W48,False,Maharashtra,Cardiology,Vascolin,Unknown,298.2,68.5,985.0,False,False,False,False,MISSING_CATEGORICAL_FIELD | UNKNOWN_BRAND
27/11/2023,100,2023,,diabetes,Insulyn,Insulara Biotech,197.7,57.3,585,,diabetes,Insulyn,Insulara Biotech,True,2023-11-27,2023-11-27,2023,48,2023-W48,False,Unknown,Diabetes,Insulyn,Insulara Biotech,197.7,57.3,585.0,False,False,False,False,MISSING_CATEGORICAL_FIELD | UNKNOWN_REGION
07/22/2024,134,2024,west bengal,diabetes,Insulyn,,259.4,93.8,839,west bengal,diabetes,Insulyn,,True,2024-07-22,2024-07-22,2024,30,2024-W30,False,West Bengal,Diabetes,Insulyn,Unknown,259.4,93.8,839.0,False,False,False,False,MISSING_CATEGORICAL_FIELD | UNKNOWN_BRAND
12/08/2025,206,2025,,  Diabetes  ,Insulyn,Insulara Biotech,217.1,51.5,662,,Diabetes,Insulyn,Insulara Biotech,True,2025-12-08,2025-12-08,2025,50,2025-W50,False,Unknown,Diabetes,Insulyn,Insulara Biotech,217.1,51.5,662.0,False,False,False,False,MISSING_CATEGORICAL_FIELD | UNKNOWN_REGION
2025/09/15,194,2025,,  Cardiology  ,Cordamet,Meditrix Labs,330.5,109.9,969,,Cardiology,Cordamet,Meditrix Labs,True,2025-09-15,2025-09-15,2025,38,2025-W38,False,Unknown,Cardiology,Cordamet,Meditrix Labs,330.5,109.9,969.0,False,False,False,False,MISSING_CATEGORICAL_FIELD | UNKNOWN_REGION
19-Aug-2024,138,2024,  Rajasthan  ,cardiology,Cordamet,,273.7,67.5,850,Rajasthan,cardiology,Cordamet,,True,2024-08-19,2024-08-19,2024,34,2024-W34,False,Rajasthan,Cardiology,Cordamet,Unknown,273.7,67.5,850.0,False,False,False,False,MISSING_CATEGORICAL_FIELD | UNKNOWN_BRAND
07/03/2023,79,2023,maharashtra,Diabetes,Glucotend,,321.8,105.9,843,maharashtra,Diabetes,Glucotend,,True,2023-07-03,2023-07-03,2023,27,2023-W27,False,Maharashtra,Diabetes,Glucotend,Unknown,321.8,105.9,843.0,False,False,False,False,MISSING_CATEGORICAL_FIELD | UNKNOWN_BRAND
06-Jun-2022,23,2022,,cardiology,Cordamet,Meditrix Labs,214.2,51.4,662,,cardiology,Cordamet,Meditrix Labs,True,2022-06-06,2022-06-06,2022,23,2022-W23,False,Unknown,Cardiology,Cordamet,Meditrix Labs,214.2,51.4,662.0,False,False,False,False,MISSING_CATEGORICAL_FIELD | UNKNOWN_REGION
12/12/2022,50,2022,,Respiratory,Respivan,Aerovant Pharma,171.7,42.6,544,,Respiratory,Respivan,Aerovant Pharma,True,2022-12-12,2022-12-12,2022,50,2022-W50,False,Unknown,Respiratory,Respivan,Aerovant Pharma,171.7,42.6,544.0,False,False,False,False,MISSING_CATEGORICAL_FIELD | UNKNOWN_REGION
27/02/2023,61,2023,rajasthan,DIABETES,Glucotend,,139.0,43.2,428,rajasthan,DIABETES,Glucotend,,True,2023-02-27,2023-02-27,2023,9,2023-W09,False,Rajasthan,Diabetes,Glucotend,Unknown,139.0,43.2,428.0,False,False,False,False,MISSING_CATEGORICAL_FIELD | UNKNOWN_BRAND
2024-01-01,105,2024,,  Diabetes  ,Insulyn,Insulara Biotech,242.8,62.5,782,,Diabetes,Insulyn,Insulara Biotech,True,2024-01-01,2024-01-01,2024,1,2024-W01,False,Unknown,Diabetes,Insulyn,Insulara Biotech,242.8,62.5,782.0,False,False,False,False,MISSING_CATEGORICAL_FIELD | UNKNOWN_REGION
2024/09/09,141,2024,,Cardiology,Vascolin,Zenova Biosciences,192.0,66.1,590,,Cardiology,Vascolin,Zenova Biosciences,True,2024-09-09,2024-09-09,2024,37,2024-W37,False,Unknown,Cardiology,Vascolin,Zenova Biosciences,192.0,66.1,590.0,False,False,False,False,MISSING_CATEGORICAL_FIELD | UNKNOWN_REGION
09/18/2023,90,2023,Gujarat,RESPIRATORY,Respivan,,192.8,57.4,554,Gujarat,RESPIRATORY,Respivan,,True,2023-09-18,2023-09-18,2023,38,2023-W38,False,Gujarat,Respiratory,Respivan,Unknown,192.8,57.4,554.0,False,False,False,False,MISSING_CATEGORICAL_FIELD | UNKNOWN_BRAND
19/09/2022,38,2022,,cardiology,Cordamet,Meditrix Labs,294.0,82.0,788,,cardiology,Cordamet,Meditrix Labs,True,2022-09-19,2022-09-19,2022,38,2022-W38,False,Unknown,Cardiology,Cordamet,Meditrix Labs,294.0,82.0,788.0,False,False,False,False,MISSING_CATEGORICAL_FIELD | UNKNOWN_REGION
21/08/2023,86,2023,,respiratory,Respivan,Aerovant Pharma,170.5,34.5,452,,respiratory,Respivan,Aerovant Pharma,True,2023-08-21,2023-08-21,2023,34,2023-W34,False,Unknown,Respiratory,Respivan,Aerovant Pharma,170.5,34.5,452.0,False,False,False,False,MISSING_CATEGORICAL_FIELD | UNKNOWN_REGION
22/05/2023,73,2023,,cardiology,Cordamet,Meditrix Labs,190.1,37.6,551,,cardiology,Cordamet,Meditrix Labs,True,2023-05-22,2023-05-22,2023,21,2023-W21,False,Unknown,Cardiology,Cordamet,Meditrix Labs,190.1,37.6,551.0,False,False,False,False,MISSING_CATEGORICAL_FIELD | UNKNOWN_REGION
2022-08-29,35,2022,,Respiratory,Respivan,Aerovant Pharma,200.0,55.8,529,,Respiratory,Respivan,Aerovant Pharma,True,2022-08-29,2022-08-29,2022,35,2022-W35,False,Unknown,Respiratory,Respivan,Aerovant Pharma,200.0,55.8,529.0,False,False,False,False,MISSING_CATEGORICAL_FIELD | UNKNOWN_REGION
2024-11-18,151,2024,RAJASTHAN,Respiratory,Airovent,,166.9,67.0,563,RAJASTHAN,Respiratory,Airovent,,True,2024-11-18,2024-11-18,2024,47,2024-W47,False,Rajasthan,Respiratory,Airovent,Unknown,166.9,67.0,563.0,False,False,False,False,MISSING_CATEGORICAL_FIELD | UNKNOWN_BRAND
2022-05-09,19,2022,,CARDIOLOGY,Cardivex,Corvyx Pharma,241.8,65.2,750,,CARDIOLOGY,Cardivex,Corvyx Pharma,True,2022-05-09,2022-05-09,2022,19,2022-W19,False,Unknown,Cardiology,Cardivex,Corvyx Pharma,241.8,65.2,750.0,False,False,False,False,MISSING_CATEGORICAL_FIELD | UNKNOWN_REGION
27-Oct-2025,200,2025,,  Diabetes  ,Glucotend,Glucera Health,215.7,69.2,580,,Diabetes,Glucotend,Glucera Health,True,2025-10-27,2025-10-27,2025,44,2025-W44,False,Unknown,Diabetes,Glucotend,Glucera Health,215.7,69.2,580.0,False,False,False,False,MISSING_CATEGORICAL_FIELD | UNKNOWN_REGION
06-Feb-2023,58,2023,,  Respiratory  ,Airovent,Pulmovia Therapeutics,200.6,68.5,604,,Respiratory,Airovent,Pulmovia Therapeutics,True,2023-02-06,2023-02-06,2023,6,2023-W06,False,Unknown,Respiratory,Airovent,Pulmovia Therapeutics,200.6,68.5,604.0,False,False,False,False,MISSING_CATEGORICAL_FIELD | UNKNOWN_REGION
28/07/2025,187,2025,,  Diabetes  ,Metforal,Novanta Pharma,201.3,31.9,637,,Diabetes,Metforal,Novanta Pharma,True,2025-07-28,2025-07-28,2025,31,2025-W31,False,Unknown,Diabetes,Metforal,Novanta Pharma,201.3,31.9,637.0,False,False,False,False,MISSING_CATEGORICAL_FIELD | UNKNOWN_REGION
2023-11-20,99,2023,Tamil Ndu,Cardiology,Vascolin,,287.9,64.0,964,Tamil Ndu,Cardiology,Vascolin,,True,2023-11-20,2023-11-20,2023,47,2023-W47,False,Tamil Nadu,Cardiology,Vascolin,Unknown,287.9,64.0,964.0,False,False,False,False,MISSING_CATEGORICAL_FIELD | UNKNOWN_BRAND
17-Apr-2023,68,2023,  Maharashtra  ,  Cardiology  ,Cardivex,,169.3,55.3,514,Maharashtra,Cardiology,Cardivex,,True,2023-04-17,2023-04-17,2023,16,2023-W16,False,Maharashtra,Cardiology,Cardivex,Unknown,169.3,55.3,514.0,False,False,False,False,MISSING_CATEGORICAL_FIELD | UNKNOWN_BRAND
2024/04/08,119,2024,KARNATAKA,RESPIRATORY,Airovent,,145.3,34.3,478,KARNATAKA,RESPIRATORY,Airovent,,True,2024-04-08,2024-04-08,2024,15,2024-W15,False,Karnataka,Respiratory,Airovent,Unknown,145.3,34.3,478.0,False,False,False,False,MISSING_CATEGORICAL_FIELD | UNKNOWN_BRAND
2025-07-21,186,2025,Kerala,cardiology,Cordamet,,209.7,69.4,652,Kerala,cardiology,Cordamet,,True,2025-07-21,2025-07-21,2025,30,2025-W30,False,Kerala,Cardiology,Cordamet,Unknown,209.7,69.4,652.0,False,False,False,False,MISSING_CATEGORICAL_FIELD | UNKNOWN_BRAND
2023-07-03,79,2023,tamil nadu,RESPIRATORY,Respivan,,126.5,25.2,391,tamil nadu,RESPIRATORY,Respivan,,True,2023-07-03,2023-07-03,2023,27,2023-W27,False,Tamil Nadu,Respiratory,Respivan,Unknown,126.5,25.2,391.0,False,False,False,False,MISSING_CATEGORICAL_FIELD | UNKNOWN_BRAND
19-Jun-2023,77,2023,DELHI,Respiratory,Respivan,,144.9,32.8,483,DELHI,Respiratory,Respivan,,True,2023-06-19,2023-06-19,2023,25,2023-W25,False,Delhi,Respiratory,Respivan,Unknown,144.9,32.8,483.0,False,False,False,False,MISSING_CATEGORICAL_FIELD | UNKNOWN_BRAND
26/05/2025,178,2025,Karnatka,RESPIRATORY,Bronchel,,231.0,46.9,671,Karnatka,RESPIRATORY,Bronchel,,True,2025-05-26,2025-05-26,2025,22,2025-W22,False,Karnataka,Respiratory,Bronchel,Unknown,231.0,46.9,671.0,False,False,False,False,MISSING_CATEGORICAL_FIELD | UNKNOWN_BRAND
15-Sep-2025,194,2025,,Respiratory,Bronchel,Breathex Labs,254.5,63.2,738,,Respiratory,Bronchel,Breathex Labs,True,2025-09-15,2025-09-15,2025,38,2025-W38,False,Unknown,Respiratory,Bronchel,Breathex Labs,254.5,63.2,738.0,False,False,False,False,MISSING_CATEGORICAL_FIELD | UNKNOWN_REGION
06/17/2024,129,2024,,Cardiology,Cardivex,Corvyx Pharma,114.6,39.9,362,,Cardiology,Cardivex,Corvyx Pharma,True,2024-06-17,2024-06-17,2024,25,2024-W25,False,Unknown,Cardiology,Cardivex,Corvyx Pharma,114.6,39.9,362.0,False,False,False,True,MISSING_CATEGORICAL_FIELD | UNKNOWN_REGION | DUPLICATE_RECORD
2025-08-18,190,2025,,  Respiratory  ,Respivan,Aerovant Pharma,162.9,42.7,434,,Respiratory,Respivan,Aerovant Pharma,True,2025-08-18,2025-08-18,2025,34,2025-W34,False,Unknown,Respiratory,Respivan,Aerovant Pharma,162.9,42.7,434.0,False,False,False,False,MISSING_CATEGORICAL_FIELD | UNKNOWN_REGION
30/01/2023,57,2023,,Diabetes,Insulyn,Insulara Biotech,285.7,47.7,945,,Diabetes,Insulyn,Insulara Biotech,True,2023-01-30,2023-01-30,2023,5,2023-W05,False,Unknown,Diabetes,Insulyn,Insulara Biotech,285.7,47.7,945.0,False,False,False,False,MISSING_CATEGORICAL_FIELD | UNKNOWN_REGION
26/02/2024,113,2024,KERALA,  Cardiology  ,Vascolin,,201.7,44.3,572,KERALA,Cardiology,Vascolin,,True,2024-02-26,2024-02-26,2024,9,2024-W09,False,Kerala,Cardiology,Vascolin,Unknown,201.7,44.3,572.0,False,False,False,False,MISSING_CATEGORICAL_FIELD | UNKNOWN_BRAND
15-Aug-2022,33,2022,,Diabetes,Insulyn,Insulara Biotech,154.1,49.0,415,,Diabetes,Insulyn,Insulara Biotech,True,2022-08-15,2022-08-15,2022,33,2022-W33,False,Unknown,Diabetes,Insulyn,Insulara Biotech,154.1,49.0,415.0,False,False,False,False,MISSING_CATEGORICAL_FIELD | UNKNOWN_REGION
18/11/2024,151,2024,  Gujarat  ,Cardiology,Vascolin,,269.4,38.3,711,Gujarat,Cardiology,Vascolin,,True,2024-11-18,2024-11-18,2024,47,2024-W47,False,Gujarat,Cardiology,Vascolin,Unknown,269.4,38.3,711.0,False,False,False,False,MISSING_CATEGORICAL_FIELD | UNKNOWN_BRAND
17/07/2023,81,2023,,DIABETES,Insulyn,Insulara Biotech,217.9,58.6,566,,DIABETES,Insulyn,Insulara Biotech,True,2023-07-17,2023-07-17,2023,29,2023-W29,False,Unknown,Diabetes,Insulyn,Insulara Biotech,217.9,58.6,566.0,False,False,False,False,MISSING_CATEGORICAL_FIELD | UNKNOWN_REGION
02-May-2022,18,2022,,DIABETES,Insulyn,Insulara Biotech,208.0,51.0,592,,DIABETES,Insulyn,Insulara Biotech,True,2022-05-02,2022-05-02,2022,18,2022-W18,False,Unknown,Diabetes,Insulyn,Insulara Biotech,208.0,51.0,592.0,False,False,False,False,MISSING_CATEGORICAL_FIELD | UNKNOWN_REGION
2024/12/09,154,2024,maharashtra,Cardiology,Cordamet,,320.5,90.4,1042,maharashtra,Cardiology,Cordamet,,True,2024-12-09,2024-12-09,2024,50,2024-W50,False,Maharashtra,Cardiology,Cordamet,Unknown,320.5,90.4,1042.0,False,False,False,False,MISSING_CATEGORICAL_FIELD | UNKNOWN_BRAND
2023/12/18,103,2023,telangana,RESPIRATORY,Airovent,,195.1,45.2,648,telangana,RESPIRATORY,Airovent,,True,2023-12-18,2023-12-18,2023,51,2023-W51,False,Telangana,Respiratory,Airovent,Unknown,195.1,45.2,648.0,False,False,False,False,MISSING_CATEGORICAL_FIELD | UNKNOWN_BRAND
04/08/2025,188,2025,,CARDIOLOGY,Cardivex,Corvyx Pharma,203.4,29.3,601,,CARDIOLOGY,Cardivex,Corvyx Pharma,True,2025-08-04,2025-08-04,2025,32,2025-W32,False,Unknown,Cardiology,Cardivex,Corvyx Pharma,203.4,29.3,601.0,False,False,False,False,MISSING_CATEGORICAL_FIELD | UNKNOWN_REGION
29-Aug-2022,35,2022,,Diabetes,Glucotend,Glucera Health,296.8,70.0,796,,Diabetes,Glucotend,Glucera Health,True,2022-08-29,2022-08-29,2022,35,2022-W35,False,Unknown,Diabetes,Glucotend,Glucera Health,296.8,70.0,796.0,False,False,False,False,MISSING_CATEGORICAL_FIELD | UNKNOWN_REGION
2023/12/11,102,2023,,Respiratory,Airovent,Pulmovia Therapeutics,185.4,61.0,557,,Respiratory,Airovent,Pulmovia Therapeutics,True,2023-12-11,2023-12-11,2023,50,2023-W50,False,Unknown,Respiratory,Airovent,Pulmovia Therapeutics,185.4,61.0,557.0,False,False,False,False,MISSING_CATEGORICAL_FIELD | UNKNOWN_REGION
2023-11-06,97,2023,,  Diabetes  ,Metforal,Novanta Pharma,198.9,57.0,552,,Diabetes,Metforal,Novanta Pharma,True,2023-11-06,2023-11-06,2023,45,2023-W45,False,Unknown,Diabetes,Metforal,Novanta Pharma,198.9,57.0,552.0,False,False,False,False,MISSING_CATEGORICAL_FIELD | UNKNOWN_REGION
2022-11-07,45,2022,Kerala,cardiology,Vascolin,,151.5,41.1,442,Kerala,cardiology,Vascolin,,True,2022-11-07,2022-11-07,2022,45,2022-W45,False,Kerala,Cardiology,Vascolin,Unknown,151.5,41.1,442.0,False,False,False,False,MISSING_CATEGORICAL_FIELD | UNKNOWN_BRAND
10/09/2023,93,2023,kerala,  Diabetes  ,Metforal,,220.4,40.0,705,kerala,Diabetes,Metforal,,True,2023-10-09,2023-10-09,2023,41,2023-W41,False,Kerala,Diabetes,Metforal,Unknown,220.4,40.0,705.0,False,False,False,False,MISSING_CATEGORICAL_FIELD | UNKNOWN_BRAND
12/02/2024,111,2024,,diabetes,Glucotend,Glucera Health,270.8,79.7,688,,diabetes,Glucotend,Glucera Health,True,2024-02-12,2024-02-12,2024,7,2024-W07,False,Unknown,Diabetes,Glucotend,Glucera Health,270.8,79.7,688.0,False,False,False,False,MISSING_CATEGORICAL_FIELD | UNKNOWN_REGION
24-Jul-2023,82,2023,  West Bengal  ,RESPIRATORY,Airovent,,155.8,42.6,428,West Bengal,RESPIRATORY,Airovent,,True,2023-07-24,2023-07-24,2023,30,2023-W30,False,West Bengal,Respiratory,Airovent,Unknown,155.8,42.6,428.0,False,False,False,False,MISSING_CATEGORICAL_FIELD | UNKNOWN_BRAND
13-Feb-2023,59,2023,Tamil Nadu,cardiology,Cordamet,,320.9,87.0,1086,Tamil Nadu,cardiology,Cordamet,,True,2023-02-13,2023-02-13,2023,7,2023-W07,False,Tamil Nadu,Cardiology,Cordamet,Unknown,320.9,87.0,1086.0,False,False,False,False,MISSING_CATEGORICAL_FIELD | UNKNOWN_BRAND
02/14/2022,7,2022,,Cardiology,Vascolin,Zenova Biosciences,341.0,61.2,863,,Cardiology,Vascolin,Zenova Biosciences,True,2022-02-14,2022-02-14,2022,7,2022-W07,False,Unknown,Cardiology,Vascolin,Zenova Biosciences,341.0,61.2,863.0,False,False,False,False,MISSING_CATEGORICAL_FIELD | UNKNOWN_REGION
07/08/2024,132,2024,,Cardiology,Cordamet,Meditrix Labs,290.6,56.0,920,,Cardiology,Cordamet,Meditrix Labs,True,2024-07-08,2024-07-08,2024,28,2024-W28,False,Unknown,Cardiology,Cordamet,Meditrix Labs,290.6,56.0,920.0,False,False,False,False,MISSING_CATEGORICAL_FIELD | UNKNOWN_REGION
2023/03/06,62,2023,MAHARASHTRA,  Respiratory  ,Airovent,,197.2,80.0,575,MAHARASHTRA,Respiratory,Airovent,,True,2023-03-06,2023-03-06,2023,10,2023-W10,False,Maharashtra,Respiratory,Airovent,Unknown,197.2,80.0,575.0,False,False,False,False,MISSING_CATEGORICAL_FIELD | UNKNOWN_BRAND
05-Feb-2024,110,2024,gujarat,respiratory,Respivan,,135.2,24.6,343,gujarat,respiratory,Respivan,,True,2024-02-05,2024-02-05,2024,6,2024-W06,False,Gujarat,Respiratory,Respivan,Unknown,135.2,24.6,343.0,False,False,False,False,MISSING_CATEGORICAL_FIELD | UNKNOWN_BRAND
2024/07/29,135,2024,west bengal,respiratory,Respivan,,199.1,45.3,499,west bengal,respiratory,Respivan,,True,2024-07-29,2024-07-29,2024,31,2024-W31,False,West Bengal,Respiratory,Respivan,Unknown,199.1,45.3,499.0,False,False,False,False,MISSING_CATEGORICAL_FIELD | UNKNOWN_BRAND
25/12/2023,104,2023,gujarat,DIABETES,Metforal,,193.4,35.0,593,gujarat,DIABETES,Metforal,,True,2023-12-25,2023-12-25,2023,52,2023-W52,False,Gujarat,Diabetes,Metforal,Unknown,193.4,35.0,593.0,False,False,False,False,MISSING_CATEGORICAL_FIELD | UNKNOWN_BRAND
06-Oct-2025,197,2025,,CARDIOLOGY,Cardivex,Corvyx Pharma,137.6,29.5,404,,CARDIOLOGY,Cardivex,Corvyx Pharma,True,2025-10-06,2025-10-06,2025,41,2025-W41,False,Unknown,Cardiology,Cardivex,Corvyx Pharma,137.6,29.5,404.0,False,False,False,False,MISSING_CATEGORICAL_FIELD | UNKNOWN_REGION
24-Mar-2025,169,2025,,DIABETES,Glucotend,Glucera Health,313.5,81.4,988,,DIABETES,Glucotend,Glucera Health,True,2025-03-24,2025-03-24,2025,13,2025-W13,False,Unknown,Diabetes,Glucotend,Glucera Health,313.5,81.4,988.0,False,False,False,False,MISSING_CATEGORICAL_FIELD | UNKNOWN_REGION
2025/07/28,187,2025,DELHI,Respiratory,Bronchel,,215.9,69.6,610,DELHI,Respiratory,Bronchel,,True,2025-07-28,2025-07-28,2025,31,2025-W31,False,Delhi,Respiratory,Bronchel,Unknown,215.9,69.6,610.0,False,False,False,False,MISSING_CATEGORICAL_FIELD | UNKNOWN_BRAND
2022-12-12,50,2022,  West Bengal  ,RESPIRATORY,Airovent,,192.7,63.0,654,West Bengal,RESPIRATORY,Airovent,,True,2022-12-12,2022-12-12,2022,50,2022-W50,False,West Bengal,Respiratory,Airovent,Unknown,192.7,63.0,654.0,False,False,False,False,MISSING_CATEGORICAL_FIELD | UNKNOWN_BRAND
12/09/2022,37,2022,,DIABETES,Glucotend,Glucera Health,,120.3,1591,,DIABETES,Glucotend,Glucera Health,True,2022-09-12,2022-09-12,2022,37,2022-W37,False,Unknown,Diabetes,Glucotend,Glucera Health,,120.3,1591.0,False,True,False,False,MISSING_CATEGORICAL_FIELD | UNKNOWN_REGION
2023/10/30,96,2023,,  Cardiology  ,Cordamet,Meditrix Labs,149.2,47.0,458,,Cardiology,Cordamet,Meditrix Labs,True,2023-10-30,2023-10-30,2023,44,2023-W44,False,Unknown,Cardiology,Cordamet,Meditrix Labs,149.2,47.0,458.0,False,False,False,False,MISSING_CATEGORICAL_FIELD | UNKNOWN_REGION
01/12/2025,205,2025,TELANGANA,diabetes,Insulyn,,165.8,37.9,416,TELANGANA,diabetes,Insulyn,,True,2025-12-01,2025-12-01,2025,49,2025-W49,False,Telangana,Diabetes,Insulyn,Unknown,165.8,37.9,416.0,False,False,False,False,MISSING_CATEGORICAL_FIELD | UNKNOWN_BRAND
2025-12-15,207,2025,  Karnataka  ,RESPIRATORY,Bronchel,,207.9,49.0,657,Karnataka,RESPIRATORY,Bronchel,,True,2025-12-15,2025-12-15,2025,51,2025-W51,False,Karnataka,Respiratory,Bronchel,Unknown,207.9,49.0,657.0,False,False,False,False,MISSING_CATEGORICAL_FIELD | UNKNOWN_BRAND
07/02/2022,6,2022,,diabetes,Insulyn,Insulara Biotech,373.0,103.0,986,,diabetes,Insulyn,Insulara Biotech,True,2022-02-07,2022-02-07,2022,6,2022-W06,False,Unknown,Diabetes,Insulyn,Insulara Biotech,373.0,103.0,986.0,False,False,False,False,MISSING_CATEGORICAL_FIELD | UNKNOWN_REGION
11-Apr-2022,15,2022,delhi,  Cardiology  ,Cordamet,,138.0,16.0,393,delhi,Cardiology,Cordamet,,True,2022-04-11,2022-04-11,2022,15,2022-W15,False,Delhi,Cardiology,Cordamet,Unknown,138.0,16.0,393.0,False,False,False,False,MISSING_CATEGORICAL_FIELD | UNKNOWN_BRAND
09/26/2022,39,2022,,Cardiology,Vascolin,Zenova Biosciences,186.4,31.2,,,Cardiology,Vascolin,Zenova Biosciences,True,2022-09-26,2022-09-26,2022,39,2022-W39,False,Unknown,Cardiology,Vascolin,Zenova Biosciences,186.4,31.2,,False,True,False,False,MISSING_CATEGORICAL_FIELD | UNKNOWN_REGION
07/24/2023,82,2023,,Diabetes,Glucotend,Glucera Health,261.2,77.9,866,,Diabetes,Glucotend,Glucera Health,True,2023-07-24,2023-07-24,2023,30,2023-W30,False,Unknown,Diabetes,Glucotend,Glucera Health,261.2,77.9,866.0,False,False,False,False,MISSING_CATEGORICAL_FIELD | UNKNOWN_REGION
2022-03-14,11,2022,,DIABETES,Insulyn,Insulara Biotech,311.0,45.5,790,,DIABETES,Insulyn,Insulara Biotech,True,2022-03-14,2022-03-14,2022,11,2022-W11,False,Unknown,Diabetes,Insulyn,Insulara Biotech,311.0,45.5,790.0,False,False,False,False,MISSING_CATEGORICAL_FIELD | UNKNOWN_REGION
2022/06/13,24,2022,Delhi,Cardiology,Cordamet,,199.6,,515,Delhi,Cardiology,Cordamet,,True,2022-06-13,2022-06-13,2022,24,2022-W24,False,Delhi,Cardiology,Cordamet,Unknown,199.6,,515.0,False,True,False,False,MISSING_CATEGORICAL_FIELD | UNKNOWN_BRAND
2024-07-29,135,2024,,CARDIOLOGY,Cordamet,Meditrix Labs,299.9,74.3,942,,CARDIOLOGY,Cordamet,Meditrix Labs,True,2024-07-29,2024-07-29,2024,31,2024-W31,False,Unknown,Cardiology,Cordamet,Meditrix Labs,299.9,74.3,942.0,False,False,False,False,MISSING_CATEGORICAL_FIELD | UNKNOWN_REGION
2022/02/14,7,2022,West Bengal,  Cardiology  ,Cardivex,,246.9,76.5,808,West Bengal,Cardiology,Cardivex,,True,2022-02-14,2022-02-14,2022,7,2022-W07,False,West Bengal,Cardiology,Cardivex,Unknown,246.9,76.5,808.0,False,False,False,False,MISSING_CATEGORICAL_FIELD | UNKNOWN_BRAND
15-Aug-2022,33,2022,Telangana,CARDIOLOGY,Vascolin,,163.2,39.0,534,Telangana,CARDIOLOGY,Vascolin,,True,2022-08-15,2022-08-15,2022,33,2022-W33,False,Telangana,Cardiology,Vascolin,Unknown,163.2,39.0,534.0,False,False,False,False,MISSING_CATEGORICAL_FIELD | UNKNOWN_BRAND
18/12/2023,103,2023,,  Diabetes  ,Metforal,Novanta Pharma,196.3,67.2,591,,Diabetes,Metforal,Novanta Pharma,True,2023-12-18,2023-12-18,2023,51,2023-W51,False,Unknown,Diabetes,Metforal,Novanta Pharma,196.3,67.2,591.0,False,False,False,False,MISSING_CATEGORICAL_FIELD | UNKNOWN_REGION
17-Feb-2025,164,2025,,cardiology,Cordamet,Meditrix Labs,215.6,44.0,729,,cardiology,Cordamet,Meditrix Labs,True,2025-02-17,2025-02-17,2025,8,2025-W08,False,Unknown,Cardiology,Cordamet,Meditrix Labs,215.6,44.0,729.0,False,False,False,False,MISSING_CATEGORICAL_FIELD | UNKNOWN_REGION
2022/01/10,2,2022,  Kerala  ,  Respiratory  ,Respivan,,103.0,21.9,269,Kerala,Respiratory,Respivan,,True,2022-01-10,2022-01-10,2022,2,2022-W02,False,Kerala,Respiratory,Respivan,Unknown,103.0,21.9,269.0,False,False,False,False,MISSING_CATEGORICAL_FIELD | UNKNOWN_BRAND
2024-03-11,115,2024,,cardiology,Vascolin,Zenova Biosciences,280.7,67.8,750,,cardiology,Vascolin,Zenova Biosciences,True,2024-03-11,2024-03-11,2024,11,2024-W11,False,Unknown,Cardiology,Vascolin,Zenova Biosciences,280.7,67.8,750.0,False,False,False,False,MISSING_CATEGORICAL_FIELD | UNKNOWN_REGION
10-Jul-2023,80,2023,DELHI,  Cardiology  ,Cardivex,,250.6,62.7,802,DELHI,Cardiology,Cardivex,,True,2023-07-10,2023-07-10,2023,28,2023-W28,False,Delhi,Cardiology,Cardivex,Unknown,250.6,62.7,802.0,False,False,False,False,MISSING_CATEGORICAL_FIELD | UNKNOWN_BRAND
2022-12-12,50,2022,,  Respiratory  ,Bronchel,Breathex Labs,236.5,81.2,657,,Respiratory,Bronchel,Breathex Labs,True,2022-12-12,2022-12-12,2022,50,2022-W50,False,Unknown,Respiratory,Bronchel,Breathex Labs,236.5,81.2,657.0,False,False,False,True,MISSING_CATEGORICAL_FIELD | UNKNOWN_REGION | DUPLICATE_RECORD
2022-09-05,36,2022,  Kerala  ,cardiology,Vascolin,,158.6,60.5,506,Kerala,cardiology,Vascolin,,True,2022-09-05,2022-09-05,2022,36,2022-W36,False,Kerala,Cardiology,Vascolin,Unknown,158.6,60.5,506.0,False,False,False,False,MISSING_CATEGORICAL_FIELD | UNKNOWN_BRAND
12/12/2022,50,2022,,  Respiratory  ,Bronchel,Breathex Labs,180.6,58.9,527,,Respiratory,Bronchel,Breathex Labs,True,2022-12-12,2022-12-12,2022,50,2022-W50,False,Unknown,Respiratory,Bronchel,Breathex Labs,180.6,58.9,527.0,False,False,False,True,MISSING_CATEGORICAL_FIELD | UNKNOWN_REGION | DUPLICATE_RECORD
14-Jul-2025,185,2025,,respiratory,Bronchel,Breathex Labs,165.6,37.1,563,,respiratory,Bronchel,Breathex Labs,True,2025-07-14,2025-07-14,2025,29,2025-W29,False,Unknown,Respiratory,Bronchel,Breathex Labs,165.6,37.1,563.0,False,False,False,False,MISSING_CATEGORICAL_FIELD | UNKNOWN_REGION
03/03/2025,166,2025,,  Diabetes  ,Insulyn,Insulara Biotech,257.9,58.1,854,,Diabetes,Insulyn,Insulara Biotech,True,2025-03-03,2025-03-03,2025,10,2025-W10,False,Unknown,Diabetes,Insulyn,Insulara Biotech,257.9,58.1,854.0,False,False,False,False,MISSING_CATEGORICAL_FIELD | UNKNOWN_REGION
2025-10-27,200,2025,GUJARAT,diabetes,Metforal,,286.7,67.5,763,GUJARAT,diabetes,Metforal,,True,2025-10-27,2025-10-27,2025,44,2025-W44,False,Gujarat,Diabetes,Metforal,Unknown,286.7,67.5,763.0,False,False,False,False,MISSING_CATEGORICAL_FIELD | UNKNOWN_BRAND
2023-01-23,56,2023,kerala,Diabetes,Insulyn,,156.4,36.3,463,kerala,Diabetes,Insulyn,,True,2023-01-23,2023-01-23,2023,4,2023-W04,False,Kerala,Diabetes,Insulyn,Unknown,156.4,36.3,463.0,False,False,False,False,MISSING_CATEGORICAL_FIELD | UNKNOWN_BRAND
2022-07-25,30,2022,  Delhi  ,DIABETES,Insulyn,,199.6,77.7,634,Delhi,DIABETES,Insulyn,,True,2022-07-25,2022-07-25,2022,30,2022-W30,False,Delhi,Diabetes,Insulyn,Unknown,199.6,77.7,634.0,False,False,False,False,MISSING_CATEGORICAL_FIELD | UNKNOWN_BRAND
2023-08-07,84,2023,MAHARASHTRA,Diabetes,Metforal,,265.8,64.7,723,MAHARASHTRA,Diabetes,Metforal,,True,2023-08-07,2023-08-07,2023,32,2023-W32,False,Maharashtra,Diabetes,Metforal,Unknown,265.8,64.7,723.0,False,False,False,False,MISSING_CATEGORICAL_FIELD | UNKNOWN_BRAND
2024/12/16,155,2024,WestBengal,DIABETES,Metforal,,197.8,53.0,606,WestBengal,DIABETES,Metforal,,True,2024-12-16,2024-12-16,2024,51,2024-W51,False,West Bengal,Diabetes,Metforal,Unknown,197.8,53.0,606.0,False,False,False,False,MISSING_CATEGORICAL_FIELD | UNKNOWN_BRAND
11/10/2025,202,2025,,Respiratory,Respivan,Aerovant Pharma,126.5,31.8,,,Respiratory,Respivan,Aerovant Pharma,True,2025-11-10,2025-11-10,2025,46,2025-W46,False,Unknown,Respiratory,Respivan,Aerovant Pharma,126.5,31.8,,False,True,False,True,MISSING_CATEGORICAL_FIELD | UNKNOWN_REGION | DUPLICATE_RECORD
07-Mar-2022,10,2022,,  Diabetes  ,Metforal,Novanta Pharma,193.8,44.5,494,,Diabetes,Metforal,Novanta Pharma,True,2022-03-07,2022-03-07,2022,10,2022-W10,False,Unknown,Diabetes,Metforal,Novanta Pharma,193.8,44.5,494.0,False,False,False,False,MISSING_CATEGORICAL_FIELD | UNKNOWN_REGION
13-Jun-2022,24,2022,Delhi,  Respiratory  ,Bronchel,,143.6,25.3,451,Delhi,Respiratory,Bronchel,,True,2022-06-13,2022-06-13,2022,24,2022-W24,False,Delhi,Respiratory,Bronchel,Unknown,143.6,25.3,451.0,False,False,False,False,MISSING_CATEGORICAL_FIELD | UNKNOWN_BRAND
20/10/2025,199,2025,AndhraPradesh,respiratory,Bronchel,,201.7,65.3,576,AndhraPradesh,respiratory,Bronchel,,True,2025-10-20,2025-10-20,2025,43,2025-W43,False,Andhra Pradesh,Respiratory,Bronchel,Unknown,201.7,65.3,576.0,False,False,False,False,MISSING_CATEGORICAL_FIELD | UNKNOWN_BRAND
2024/01/08,106,2024,Maharashtra,Cardiology,Cardivex,,271.3,84.0,790,Maharashtra,Cardiology,Cardivex,,True,2024-01-08,2024-01-08,2024,2,2024-W02,False,Maharashtra,Cardiology,Cardivex,Unknown,271.3,84.0,790.0,False,False,False,False,MISSING_CATEGORICAL_FIELD | UNKNOWN_BRAND
05-Sep-2022,36,2022,WEST BENGAL,Cardiology,Cardivex,,266.6,59.8,667,WEST BENGAL,Cardiology,Cardivex,,True,2022-09-05,2022-09-05,2022,36,2022-W36,False,West Bengal,Cardiology,Cardivex,Unknown,266.6,59.8,667.0,False,False,False,False,MISSING_CATEGORICAL_FIELD | UNKNOWN_BRAND
2022/01/03,1,2022,KERALA,CARDIOLOGY,Vascolin,,227.0,57.1,586,KERALA,CARDIOLOGY,Vascolin,,True,2022-01-03,2022-01-03,2022,1,2022-W01,False,Kerala,Cardiology,Vascolin,Unknown,227.0,57.1,586.0,False,False,False,False,MISSING_CATEGORICAL_FIELD | UNKNOWN_BRAND
13-Jun-2022,24,2022,,DIABETES,Metforal,Novanta Pharma,220.5,50.8,672,,DIABETES,Metforal,Novanta Pharma,True,2022-06-13,2022-06-13,2022,24,2022-W24,False,Unknown,Diabetes,Metforal,Novanta Pharma,220.5,50.8,672.0,False,False,False,False,MISSING_CATEGORICAL_FIELD | UNKNOWN_REGION
28-Jul-2025,187,2025,GUJARAT,Diabetes,Metforal,,193.7,50.4,547,GUJARAT,Diabetes,Metforal,,True,2025-07-28,2025-07-28,2025,31,2025-W31,False,Gujarat,Diabetes,Metforal,Unknown,193.7,50.4,547.0,False,False,False,False,MISSING_CATEGORICAL_FIELD | UNKNOWN_BRAND
2024/04/29,122,2024,Karnataka,  Cardiology  ,Vascolin,,267.8,66.1,704,Karnataka,Cardiology,Vascolin,,True,2024-04-29,2024-04-29,2024,18,2024-W18,False,Karnataka,Cardiology,Vascolin,Unknown,267.8,66.1,704.0,False,False,False,False,MISSING_CATEGORICAL_FIELD | UNKNOWN_BRAND
08/11/2025,189,2025,Andhra Pradesh,Diabetes,Insulyn,,198.2,56.1,638,Andhra Pradesh,Diabetes,Insulyn,,True,2025-08-11,2025-08-11,2025,33,2025-W33,False,Andhra Pradesh,Diabetes,Insulyn,Unknown,198.2,56.1,638.0,False,False,False,False,MISSING_CATEGORICAL_FIELD | UNKNOWN_BRAND
10/03/2022,40,2022,,cardiology,Cordamet,Meditrix Labs,189.2,66.7,493,,cardiology,Cordamet,Meditrix Labs,True,2022-10-03,2022-10-03,2022,40,2022-W40,False,Unknown,Cardiology,Cordamet,Meditrix Labs,189.2,66.7,493.0,False,False,False,False,MISSING_CATEGORICAL_FIELD | UNKNOWN_REGION
2025-12-08,206,2025,KERALA,diabetes,Metforal,,168.4,47.6,512,KERALA,diabetes,Metforal,,True,2025-12-08,2025-12-08,2025,50,2025-W50,False,Kerala,Diabetes,Metforal,Unknown,168.4,47.6,512.0,False,False,False,False,MISSING_CATEGORICAL_FIELD | UNKNOWN_BRAND
2022-03-14,11,2022,RAJASTHAN,Diabetes,Metforal,,210.3,35.2,704,RAJASTHAN,Diabetes,Metforal,,True,2022-03-14,2022-03-14,2022,11,2022-W11,False,Rajasthan,Diabetes,Metforal,Unknown,210.3,35.2,704.0,False,False,False,False,MISSING_CATEGORICAL_FIELD | UNKNOWN_BRAND
24/01/2022,4,2022,,  Cardiology  ,Cardivex,Corvyx Pharma,278.6,64.2,901,,Cardiology,Cardivex,Corvyx Pharma,True,2022-01-24,2022-01-24,2022,4,2022-W04,False,Unknown,Cardiology,Cardivex,Corvyx Pharma,278.6,64.2,901.0,False,False,False,False,MISSING_CATEGORICAL_FIELD | UNKNOWN_REGION
12/12/2022,50,2022,  Delhi  ,  Cardiology  ,Vascolin,,331.3,71.8,957,Delhi,Cardiology,Vascolin,,True,2022-12-12,2022-12-12,2022,50,2022-W50,False,Delhi,Cardiology,Vascolin,Unknown,331.3,71.8,957.0,False,False,False,False,MISSING_CATEGORICAL_FIELD | UNKNOWN_BRAND
2024/05/06,123,2024,,respiratory,Respivan,Aerovant Pharma,155.8,40.9,470,,respiratory,Respivan,Aerovant Pharma,True,2024-05-06,2024-05-06,2024,19,2024-W19,False,Unknown,Respiratory,Respivan,Aerovant Pharma,155.8,40.9,470.0,False,False,False,False,MISSING_CATEGORICAL_FIELD | UNKNOWN_REGION
18-Jul-2022,29,2022,,diabetes,Metforal,Novanta Pharma,217.4,77.7,678,,diabetes,Metforal,Novanta Pharma,True,2022-07-18,2022-07-18,2022,29,2022-W29,False,Unknown,Diabetes,Metforal,Novanta Pharma,217.4,77.7,678.0,False,False,False,False,MISSING_CATEGORICAL_FIELD | UNKNOWN_REGION
2025-01-27,161,2025,,  Diabetes  ,Insulyn,Insulara Biotech,272.3,50.1,777,,Diabetes,Insulyn,Insulara Biotech,True,2025-01-27,2025-01-27,2025,5,2025-W05,False,Unknown,Diabetes,Insulyn,Insulara Biotech,272.3,50.1,777.0,False,False,False,False,MISSING_CATEGORICAL_FIELD | UNKNOWN_REGION
12-Jun-2023,76,2023,,Diabetes,Metforal,Novanta Pharma,139.2,35.1,456,,Diabetes,Metforal,Novanta Pharma,True,2023-06-12,2023-06-12,2023,24,2023-W24,False,Unknown,Diabetes,Metforal,Novanta Pharma,139.2,35.1,456.0,False,False,False,False,MISSING_CATEGORICAL_FIELD | UNKNOWN_REGION
19-Aug-2024,138,2024,,RESPIRATORY,Respivan,Aerovant Pharma,156.7,35.4,522,,RESPIRATORY,Respivan,Aerovant Pharma,True,2024-08-19,2024-08-19,2024,34,2024-W34,False,Unknown,Respiratory,Respivan,Aerovant Pharma,156.7,35.4,522.0,False,False,False,False,MISSING_CATEGORICAL_FIELD | UNKNOWN_REGION
10/23/2023,95,2023,,Respiratory,Bronchel,Breathex Labs,178.2,63.9,559,,Respiratory,Bronchel,Breathex Labs,True,2023-10-23,2023-10-23,2023,43,2023-W43,False,Unknown,Respiratory,Bronchel,Breathex Labs,178.2,63.9,559.0,False,False,False,False,MISSING_CATEGORICAL_FIELD | UNKNOWN_REGION
27/02/2023,61,2023,,RESPIRATORY,Airovent,Pulmovia Therapeutics,174.2,55.5,438,,RESPIRATORY,Airovent,Pulmovia Therapeutics,True,2023-02-27,2023-02-27,2023,9,2023-W09,False,Unknown,Respiratory,Airovent,Pulmovia Therapeutics,174.2,55.5,438.0,False,False,False,False,MISSING_CATEGORICAL_FIELD | UNKNOWN_REGION
07/10/2023,80,2023,,  Respiratory  ,Bronchel,Breathex Labs,243.4,55.5,701,,Respiratory,Bronchel,Breathex Labs,True,2023-07-10,2023-07-10,2023,28,2023-W28,False,Unknown,Respiratory,Bronchel,Breathex Labs,243.4,55.5,701.0,False,False,False,False,MISSING_CATEGORICAL_FIELD | UNKNOWN_REGION
13-Jun-2022,24,2022,,DIABETES,Metforal,Novanta Pharma,438.9,85.8,1490,,DIABETES,Metforal,Novanta Pharma,True,2022-06-13,2022-06-13,2022,24,2022-W24,False,Unknown,Diabetes,Metforal,Novanta Pharma,438.9,85.8,1490.0,False,False,False,True,MISSING_CATEGORICAL_FIELD | UNKNOWN_REGION | DUPLICATE_RECORD
2022/01/31,5,2022,maharashtra,  Diabetes  ,Insulyn,,464.6,96.8,1481,maharashtra,Diabetes,Insulyn,,True,2022-01-31,2022-01-31,2022,5,2022-W05,False,Maharashtra,Diabetes,Insulyn,Unknown,464.6,96.8,1481.0,False,False,False,False,MISSING_CATEGORICAL_FIELD | UNKNOWN_BRAND
13-May-2024,124,2024,,DIABETES,Insulyn,Insulara Biotech,155.9,47.8,472,,DIABETES,Insulyn,Insulara Biotech,True,2024-05-13,2024-05-13,2024,20,2024-W20,False,Unknown,Diabetes,Insulyn,Insulara Biotech,155.9,47.8,472.0,False,False,False,False,MISSING_CATEGORICAL_FIELD | UNKNOWN_REGION
02/03/2025,162,2025,,CARDIOLOGY,Cordamet,Meditrix Labs,188.2,54.0,535,,CARDIOLOGY,Cordamet,Meditrix Labs,True,2025-02-03,2025-02-03,2025,6,2025-W06,False,Unknown,Cardiology,Cordamet,Meditrix Labs,188.2,54.0,535.0,False,False,False,False,MISSING_CATEGORICAL_FIELD | UNKNOWN_REGION
30-Jun-2025,183,2025,,  Cardiology  ,Cordamet,Meditrix Labs,401.6,96.7,1183,,Cardiology,Cordamet,Meditrix Labs,True,2025-06-30,2025-06-30,2025,27,2025-W27,False,Unknown,Cardiology,Cordamet,Meditrix Labs,401.6,96.7,1183.0,False,False,False,False,MISSING_CATEGORICAL_FIELD | UNKNOWN_REGION
2024/01/15,107,2024,,  Respiratory  ,Respivan,Aerovant Pharma,145.3,39.8,411,,Respiratory,Respivan,Aerovant Pharma,True,2024-01-15,2024-01-15,2024,3,2024-W03,False,Unknown,Respiratory,Respivan,Aerovant Pharma,145.3,39.8,411.0,False,False,False,False,MISSING_CATEGORICAL_FIELD | UNKNOWN_REGION
02/09/2024,140,2024,  Gujarat  ,diabetes,Metforal,,161.9,,457,Gujarat,diabetes,Metforal,,True,2024-09-02,2024-09-02,2024,36,2024-W36,False,Gujarat,Diabetes,Metforal,Unknown,161.9,,457.0,False,True,False,False,MISSING_CATEGORICAL_FIELD | UNKNOWN_BRAND
03/06/2023,62,2023,Karnataka ,cardiology,Vascolin,,340.2,89.8,957,Karnataka,cardiology,Vascolin,,True,2023-03-06,2023-03-06,2023,10,2023-W10,False,Karnataka,Cardiology,Vascolin,Unknown,340.2,89.8,957.0,False,False,False,False,MISSING_CATEGORICAL_FIELD | UNKNOWN_BRAND
07/22/2024,134,2024,delhi,  Cardiology  ,Cardivex,,100.2,16.4,340,delhi,Cardiology,Cardivex,,True,2024-07-22,2024-07-22,2024,30,2024-W30,False,Delhi,Cardiology,Cardivex,Unknown,100.2,16.4,340.0,False,False,False,False,MISSING_CATEGORICAL_FIELD | UNKNOWN_BRAND
2022-08-29,35,2022,,Cardiology,Cordamet,Meditrix Labs,323.6,94.4,1058,,Cardiology,Cordamet,Meditrix Labs,True,2022-08-29,2022-08-29,2022,35,2022-W35,False,Unknown,Cardiology,Cordamet,Meditrix Labs,323.6,94.4,1058.0,False,False,False,False,MISSING_CATEGORICAL_FIELD | UNKNOWN_REGION
31-Jan-2022,5,2022,GUJARAT,Respiratory,Respivan,,121.5,30.7,373,GUJARAT,Respiratory,Respivan,,True,2022-01-31,2022-01-31,2022,5,2022-W05,False,Gujarat,Respiratory,Respivan,Unknown,121.5,30.7,373.0,False,False,False,False,MISSING_CATEGORICAL_FIELD | UNKNOWN_BRAND
14-Apr-2025,172,2025,,cardiology,Cordamet,Meditrix Labs,183.0,47.4,565,,cardiology,Cordamet,Meditrix Labs,True,2025-04-14,2025-04-14,2025,16,2025-W16,False,Unknown,Cardiology,Cordamet,Meditrix Labs,183.0,47.4,565.0,False,False,False,False,MISSING_CATEGORICAL_FIELD | UNKNOWN_REGION
20/03/2023,64,2023,  Karnataka  ,  Respiratory  ,Respivan,,290.7,72.1,965,Karnataka,Respiratory,Respivan,,True,2023-03-20,2023-03-20,2023,12,2023-W12,False,Karnataka,Respiratory,Respivan,Unknown,290.7,72.1,965.0,False,False,False,False,MISSING_CATEGORICAL_FIELD | UNKNOWN_BRAND
2022-09-26,39,2022,,Cardiology,Cardivex,Corvyx Pharma,263.5,65.7,895,,Cardiology,Cardivex,Corvyx Pharma,True,2022-09-26,2022-09-26,2022,39,2022-W39,False,Unknown,Cardiology,Cardivex,Corvyx Pharma,263.5,65.7,895.0,False,False,False,False,MISSING_CATEGORICAL_FIELD | UNKNOWN_REGION
05/08/2024,136,2024,,diabetes,Metforal,Novanta Pharma,199.0,35.0,616,,diabetes,Metforal,Novanta Pharma,True,2024-08-05,2024-08-05,2024,32,2024-W32,False,Unknown,Diabetes,Metforal,Novanta Pharma,199.0,35.0,616.0,False,False,False,False,MISSING_CATEGORICAL_FIELD | UNKNOWN_REGION
08/26/2024,139,2024,Karnatka,Diabetes,Insulyn,,402.0,100.3,1278,Karnatka,Diabetes,Insulyn,,True,2024-08-26,2024-08-26,2024,35,2024-W35,False,Karnataka,Diabetes,Insulyn,Unknown,402.0,100.3,1278.0,False,False,False,False,MISSING_CATEGORICAL_FIELD | UNKNOWN_BRAND
12/11/2023,102,2023,Andhra Pradesh,RESPIRATORY,Bronchel,,109.7,29.5,298,Andhra Pradesh,RESPIRATORY,Bronchel,,True,2023-12-11,2023-12-11,2023,50,2023-W50,False,Andhra Pradesh,Respiratory,Bronchel,Unknown,109.7,29.5,298.0,False,False,False,False,MISSING_CATEGORICAL_FIELD | UNKNOWN_BRAND
10/02/2023,92,2023,  Telangana  ,DIABETES,Glucotend,,179.9,47.2,555,Telangana,DIABETES,Glucotend,,True,2023-10-02,2023-10-02,2023,40,2023-W40,False,Telangana,Diabetes,Glucotend,Unknown,179.9,47.2,555.0,False,False,False,False,MISSING_CATEGORICAL_FIELD | UNKNOWN_BRAND
21/02/2022,8,2022,,Diabetes,Insulyn,Insulara Biotech,356.6,107.4,915,,Diabetes,Insulyn,Insulara Biotech,True,2022-02-21,2022-02-21,2022,8,2022-W08,False,Unknown,Diabetes,Insulyn,Insulara Biotech,356.6,107.4,915.0,False,False,False,False,MISSING_CATEGORICAL_FIELD | UNKNOWN_REGION
05-Dec-2022,49,2022,,DIABETES,Glucotend,Glucera Health,250.2,40.4,753,,DIABETES,Glucotend,Glucera Health,True,2022-12-05,2022-12-05,2022,49,2022-W49,False,Unknown,Diabetes,Glucotend,Glucera Health,250.2,40.4,753.0,False,False,False,False,MISSING_CATEGORICAL_FIELD | UNKNOWN_REGION
04-Mar-2024,114,2024,Tamil Ndu,  Cardiology  ,Cardivex,,204.2,63.7,570,Tamil Ndu,Cardiology,Cardivex,,True,2024-03-04,2024-03-04,2024,10,2024-W10,False,Tamil Nadu,Cardiology,Cardivex,Unknown,204.2,63.7,570.0,False,False,False,False,MISSING_CATEGORICAL_FIELD | UNKNOWN_BRAND
08/12/2024,137,2024,,DIABETES,Insulyn,Insulara Biotech,225.9,57.1,742,,DIABETES,Insulyn,Insulara Biotech,True,2024-08-12,2024-08-12,2024,33,2024-W33,False,Unknown,Diabetes,Insulyn,Insulara Biotech,225.9,57.1,742.0,False,False,False,False,MISSING_CATEGORICAL_FIELD | UNKNOWN_REGION
10/04/2023,67,2023,Karnataka ,CARDIOLOGY,Cardivex,,140.6,36.4,403,Karnataka,CARDIOLOGY,Cardivex,,True,2023-04-10,2023-04-10,2023,15,2023-W15,False,Karnataka,Cardiology,Cardivex,Unknown,140.6,36.4,403.0,False,False,False,False,MISSING_CATEGORICAL_FIELD | UNKNOWN_BRAND
10/02/2023,92,2023,  Telangana  ,  Respiratory  ,Respivan,,155.8,32.1,436,Telangana,Respiratory,Respivan,,True,2023-10-02,2023-10-02,2023,40,2023-W40,False,Telangana,Respiratory,Respivan,Unknown,155.8,32.1,436.0,False,False,False,False,MISSING_CATEGORICAL_FIELD | UNKNOWN_BRAND
2022/05/23,21,2022,,Cardiology,Vascolin,Zenova Biosciences,185.9,68.9,533,,Cardiology,Vascolin,Zenova Biosciences,True,2022-05-23,2022-05-23,2022,21,2022-W21,False,Unknown,Cardiology,Vascolin,Zenova Biosciences,185.9,68.9,533.0,False,False,False,False,MISSING_CATEGORICAL_FIELD | UNKNOWN_REGION
2022/05/16,20,2022,,DIABETES,Glucotend,Glucera Health,174.6,51.0,440,,DIABETES,Glucotend,Glucera Health,True,2022-05-16,2022-05-16,2022,20,2022-W20,False,Unknown,Diabetes,Glucotend,Glucera Health,174.6,51.0,440.0,False,False,False,False,MISSING_CATEGORICAL_FIELD | UNKNOWN_REGION
2023/10/30,96,2023,maharashtra,CARDIOLOGY,Cordamet,,274.9,99.7,783,maharashtra,CARDIOLOGY,Cordamet,,True,2023-10-30,2023-10-30,2023,44,2023-W44,False,Maharashtra,Cardiology,Cordamet,Unknown,274.9,99.7,783.0,False,False,False,False,MISSING_CATEGORICAL_FIELD | UNKNOWN_BRAND
2023/11/06,97,2023,,DIABETES,Metforal,Novanta Pharma,278.6,71.3,868,,DIABETES,Metforal,Novanta Pharma,True,2023-11-06,2023-11-06,2023,45,2023-W45,False,Unknown,Diabetes,Metforal,Novanta Pharma,278.6,71.3,868.0,False,False,False,True,MISSING_CATEGORICAL_FIELD | UNKNOWN_REGION | DUPLICATE_RECORD
2023-01-09,54,2023,  Andhra Pradesh  ,diabetes,Metforal,,284.7,80.4,942,Andhra Pradesh,diabetes,Metforal,,True,2023-01-09,2023-01-09,2023,2,2023-W02,False,Andhra Pradesh,Diabetes,Metforal,Unknown,284.7,80.4,942.0,False,False,False,False,MISSING_CATEGORICAL_FIELD | UNKNOWN_BRAND
18/03/2024,116,2024,,cardiology,Cordamet,Meditrix Labs,291.8,52.9,834,,cardiology,Cordamet,Meditrix Labs,True,2024-03-18,2024-03-18,2024,12,2024-W12,False,Unknown,Cardiology,Cordamet,Meditrix Labs,291.8,52.9,834.0,False,False,False,False,MISSING_CATEGORICAL_FIELD | UNKNOWN_REGION
24-Jul-2023,82,2023,,DIABETES,Insulyn,Insulara Biotech,282.3,55.5,842,,DIABETES,Insulyn,Insulara Biotech,True,2023-07-24,2023-07-24,2023,30,2023-W30,False,Unknown,Diabetes,Insulyn,Insulara Biotech,282.3,55.5,842.0,False,False,False,False,MISSING_CATEGORICAL_FIELD | UNKNOWN_REGION
2025-10-13,198,2025,karnataka,  Cardiology  ,Cardivex,,147.8,29.6,397,karnataka,Cardiology,Cardivex,,True,2025-10-13,2025-10-13,2025,42,2025-W42,False,Karnataka,Cardiology,Cardivex,Unknown,147.8,29.6,397.0,False,False,False,False,MISSING_CATEGORICAL_FIELD | UNKNOWN_BRAND
22/05/2023,73,2023,  Delhi  ,Diabetes,Insulyn,,353.2,103.2,891,Delhi,Diabetes,Insulyn,,True,2023-05-22,2023-05-22,2023,21,2023-W21,False,Delhi,Diabetes,Insulyn,Unknown,353.2,103.2,891.0,False,False,False,False,MISSING_CATEGORICAL_FIELD | UNKNOWN_BRAND
2025/04/14,172,2025,  Karnataka  ,Diabetes,Metforal,,245.9,65.2,835,Karnataka,Diabetes,Metforal,,True,2025-04-14,2025-04-14,2025,16,2025-W16,False,Karnataka,Diabetes,Metforal,Unknown,245.9,65.2,835.0,False,False,False,False,MISSING_CATEGORICAL_FIELD | UNKNOWN_BRAND
01/30/2023,57,2023,,DIABETES,Metforal,Novanta Pharma,372.0,115.7,1070,,DIABETES,Metforal,Novanta Pharma,True,2023-01-30,2023-01-30,2023,5,2023-W05,False,Unknown,Diabetes,Metforal,Novanta Pharma,372.0,115.7,1070.0,False,False,False,False,MISSING_CATEGORICAL_FIELD | UNKNOWN_REGION
06/27/2022,26,2022,,  Respiratory  ,Airovent,Pulmovia Therapeutics,116.9,25.9,360,,Respiratory,Airovent,Pulmovia Therapeutics,True,2022-06-27,2022-06-27,2022,26,2022-W26,False,Unknown,Respiratory,Airovent,Pulmovia Therapeutics,116.9,25.9,360.0,False,False,False,False,MISSING_CATEGORICAL_FIELD | UNKNOWN_REGION
09/01/2023,54,2023,GUJARAT,Diabetes,Insulyn,,217.5,50.5,730,GUJARAT,Diabetes,Insulyn,,True,2023-01-09,2023-01-09,2023,2,2023-W02,False,Gujarat,Diabetes,Insulyn,Unknown,217.5,50.5,730.0,False,False,False,False,MISSING_CATEGORICAL_FIELD | UNKNOWN_BRAND
11/07/2022,45,2022,,RESPIRATORY,Bronchel,Breathex Labs,154.3,49.1,419,,RESPIRATORY,Bronchel,Breathex Labs,True,2022-11-07,2022-11-07,2022,45,2022-W45,False,Unknown,Respiratory,Bronchel,Breathex Labs,154.3,49.1,419.0,False,False,False,False,MISSING_CATEGORICAL_FIELD | UNKNOWN_REGION
2023/10/02,92,2023,MAHARASHTRA,  Respiratory  ,Respivan,,217.1,45.0,697,MAHARASHTRA,Respiratory,Respivan,,True,2023-10-02,2023-10-02,2023,40,2023-W40,False,Maharashtra,Respiratory,Respivan,Unknown,217.1,45.0,697.0,False,False,False,False,MISSING_CATEGORICAL_FIELD | UNKNOWN_BRAND
2025-05-12,176,2025,,RESPIRATORY,Respivan,Aerovant Pharma,153.8,38.0,419,,RESPIRATORY,Respivan,Aerovant Pharma,True,2025-05-12,2025-05-12,2025,20,2025-W20,False,Unknown,Respiratory,Respivan,Aerovant Pharma,153.8,38.0,419.0,False,False,False,False,MISSING_CATEGORICAL_FIELD | UNKNOWN_REGION
2022-05-23,21,2022,MAHARASHTRA,DIABETES,Metforal,,419.0,118.4,1086,MAHARASHTRA,DIABETES,Metforal,,True,2022-05-23,2022-05-23,2022,21,2022-W21,False,Maharashtra,Diabetes,Metforal,Unknown,419.0,118.4,1086.0,False,False,False,False,MISSING_CATEGORICAL_FIELD | UNKNOWN_BRAND
2024-02-12,111,2024,delhi,Respiratory,Airovent,,233.1,72.1,735,delhi,Respiratory,Airovent,,True,2024-02-12,2024-02-12,2024,7,2024-W07,False,Delhi,Respiratory,Airovent,Unknown,233.1,72.1,735.0,False,False,False,False,MISSING_CATEGORICAL_FIELD | UNKNOWN_BRAND
09/02/2024,140,2024,,Diabetes,Metforal,Novanta Pharma,242.7,48.3,735,,Diabetes,Metforal,Novanta Pharma,True,2024-09-02,2024-09-02,2024,36,2024-W36,False,Unknown,Diabetes,Metforal,Novanta Pharma,242.7,48.3,735.0,False,False,False,False,MISSING_CATEGORICAL_FIELD | UNKNOWN_REGION
2024-08-05,136,2024,,cardiology,Cordamet,Meditrix Labs,374.2,96.7,1177,,cardiology,Cordamet,Meditrix Labs,True,2024-08-05,2024-08-05,2024,32,2024-W32,False,Unknown,Cardiology,Cordamet,Meditrix Labs,374.2,96.7,1177.0,False,False,False,False,MISSING_CATEGORICAL_FIELD | UNKNOWN_REGION
10/27/2025,200,2025,  Rajasthan  ,RESPIRATORY,Airovent,,160.0,33.6,427,Rajasthan,RESPIRATORY,Airovent,,True,2025-10-27,2025-10-27,2025,44,2025-W44,False,Rajasthan,Respiratory,Airovent,Unknown,160.0,33.6,427.0,False,False,False,False,MISSING_CATEGORICAL_FIELD | UNKNOWN_BRAND
2023-04-24,69,2023,,  Cardiology  ,Vascolin,Zenova Biosciences,376.2,119.8,1045,,Cardiology,Vascolin,Zenova Biosciences,True,2023-04-24,2023-04-24,2023,17,2023-W17,False,Unknown,Cardiology,Vascolin,Zenova Biosciences,376.2,119.8,1045.0,False,False,False,False,MISSING_CATEGORICAL_FIELD | UNKNOWN_REGION
2025/12/22,208,2025,,Cardiology,Vascolin,Zenova Biosciences,235.2,,592,,Cardiology,Vascolin,Zenova Biosciences,True,2025-12-22,2025-12-22,2025,52,2025-W52,False,Unknown,Cardiology,Vascolin,Zenova Biosciences,235.2,,592.0,False,True,False,False,MISSING_CATEGORICAL_FIELD | UNKNOWN_REGION
2024-02-26,113,2024,,respiratory,Respivan,Aerovant Pharma,88.3,10.3,272,,respiratory,Respivan,Aerovant Pharma,True,2024-02-26,2024-02-26,2024,9,2024-W09,False,Unknown,Respiratory,Respivan,Aerovant Pharma,88.3,10.3,272.0,False,False,False,False,MISSING_CATEGORICAL_FIELD | UNKNOWN_REGION
2024-03-25,117,2024,,  Cardiology  ,Cardivex,Corvyx Pharma,142.3,39.7,411,,Cardiology,Cardivex,Corvyx Pharma,True,2024-03-25,2024-03-25,2024,13,2024-W13,False,Unknown,Cardiology,Cardivex,Corvyx Pharma,142.3,39.7,411.0,False,False,False,False,MISSING_CATEGORICAL_FIELD | UNKNOWN_REGION
2024/09/16,142,2024,,Diabetes,Insulyn,Insulara Biotech,400.2,77.7,1162,,Diabetes,Insulyn,Insulara Biotech,True,2024-09-16,2024-09-16,2024,38,2024-W38,False,Unknown,Diabetes,Insulyn,Insulara Biotech,400.2,77.7,1162.0,False,False,False,False,MISSING_CATEGORICAL_FIELD | UNKNOWN_REGION
2022-12-12,50,2022,KERALA,RESPIRATORY,Bronchel,,162.0,39.6,550,KERALA,RESPIRATORY,Bronchel,,True,2022-12-12,2022-12-12,2022,50,2022-W50,False,Kerala,Respiratory,Bronchel,Unknown,162.0,39.6,550.0,False,False,False,False,MISSING_CATEGORICAL_FIELD | UNKNOWN_BRAND
07/14/2025,185,2025,,  Diabetes  ,Insulyn,Insulara Biotech,177.9,50.6,601,,Diabetes,Insulyn,Insulara Biotech,True,2025-07-14,2025-07-14,2025,29,2025-W29,False,Unknown,Diabetes,Insulyn,Insulara Biotech,177.9,50.6,601.0,False,False,False,False,MISSING_CATEGORICAL_FIELD | UNKNOWN_REGION
26/02/2024,113,2024,rajasthan,Cardiology,Cardivex,,134.0,48.7,429,rajasthan,Cardiology,Cardivex,,True,2024-02-26,2024-02-26,2024,9,2024-W09,False,Rajasthan,Cardiology,Cardivex,Unknown,134.0,48.7,429.0,False,False,False,False,MISSING_CATEGORICAL_FIELD | UNKNOWN_BRAND
2024/10/07,145,2024,,Respiratory,Respivan,Aerovant Pharma,135.0,27.8,438,,Respiratory,Respivan,Aerovant Pharma,True,2024-10-07,2024-10-07,2024,41,2024-W41,False,Unknown,Respiratory,Respivan,Aerovant Pharma,135.0,27.8,438.0,False,False,False,False,MISSING_CATEGORICAL_FIELD | UNKNOWN_REGION
2022-10-03,40,2022,,Diabetes,Glucotend,Glucera Health,454.0,120.0,1204,,Diabetes,Glucotend,Glucera Health,True,2022-10-03,2022-10-03,2022,40,2022-W40,False,Unknown,Diabetes,Glucotend,Glucera Health,454.0,120.0,1204.0,False,False,False,False,MISSING_CATEGORICAL_FIELD | UNKNOWN_REGION
05/01/2023,70,2023,,  Cardiology  ,Cordamet,Meditrix Labs,276.2,56.4,753,,Cardiology,Cordamet,Meditrix Labs,True,2023-05-01,2023-05-01,2023,18,2023-W18,False,Unknown,Cardiology,Cordamet,Meditrix Labs,276.2,56.4,753.0,False,False,False,False,MISSING_CATEGORICAL_FIELD | UNKNOWN_REGION
08/08/2022,32,2022,GUJARAT,Respiratory,Airovent,,156.0,40.8,521,GUJARAT,Respiratory,Airovent,,True,2022-08-08,2022-08-08,2022,32,2022-W32,False,Gujarat,Respiratory,Airovent,Unknown,156.0,40.8,521.0,False,False,False,False,MISSING_CATEGORICAL_FIELD | UNKNOWN_BRAND
13-May-2024,124,2024,rajasthan,Respiratory,Respivan,,129.2,40.9,334,rajasthan,Respiratory,Respivan,,True,2024-05-13,2024-05-13,2024,20,2024-W20,False,Rajasthan,Respiratory,Respivan,Unknown,129.2,40.9,334.0,False,False,False,False,MISSING_CATEGORICAL_FIELD | UNKNOWN_BRAND
14/04/2025,172,2025,Tamil Ndu,respiratory,Bronchel,,211.8,42.8,558,Tamil Ndu,respiratory,Bronchel,,True,2025-04-14,2025-04-14,2025,16,2025-W16,False,Tamil Nadu,Respiratory,Bronchel,Unknown,211.8,42.8,558.0,False,False,False,False,MISSING_CATEGORICAL_FIELD | UNKNOWN_BRAND
01-May-2023,70,2023,,DIABETES,Metforal,Novanta Pharma,117.2,18.8,340,,DIABETES,Metforal,Novanta Pharma,True,2023-05-01,2023-05-01,2023,18,2023-W18,False,Unknown,Diabetes,Metforal,Novanta Pharma,117.2,18.8,340.0,False,False,False,False,MISSING_CATEGORICAL_FIELD | UNKNOWN_REGION
2024/12/30,157,2025,  Delhi  ,diabetes,Glucotend,,261.3,65.0,792,Delhi,diabetes,Glucotend,,True,2024-12-30,2024-12-30,2025,1,2025-W01,False,Delhi,Diabetes,Glucotend,Unknown,261.3,65.0,792.0,False,False,False,False,MISSING_CATEGORICAL_FIELD | UNKNOWN_BRAND
25-Dec-2023,104,2023,WEST BENGAL,cardiology,Cordamet,,205.2,70.1,534,WEST BENGAL,cardiology,Cordamet,,True,2023-12-25,2023-12-25,2023,52,2023-W52,False,West Bengal,Cardiology,Cordamet,Unknown,205.2,70.1,534.0,False,False,False,False,MISSING_CATEGORICAL_FIELD | UNKNOWN_BRAND
15/12/2025,207,2025,,Respiratory,Bronchel,Breathex Labs,219.3,66.5,700,,Respiratory,Bronchel,Breathex Labs,True,2025-12-15,2025-12-15,2025,51,2025-W51,False,Unknown,Respiratory,Bronchel,Breathex Labs,219.3,66.5,700.0,False,False,False,False,MISSING_CATEGORICAL_FIELD | UNKNOWN_REGION
02/10/2023,92,2023,KERALA,Respiratory,Bronchel,,157.0,37.4,451,KERALA,Respiratory,Bronchel,,True,2023-10-02,2023-10-02,2023,40,2023-W40,False,Kerala,Respiratory,Bronchel,Unknown,157.0,37.4,451.0,False,False,False,False,MISSING_CATEGORICAL_FIELD | UNKNOWN_BRAND
17-Nov-2025,203,2025,KARNATAKA,cardiology,Vascolin,,268.3,80.7,723,KARNATAKA,cardiology,Vascolin,,True,2025-11-17,2025-11-17,2025,47,2025-W47,False,Karnataka,Cardiology,Vascolin,Unknown,268.3,80.7,723.0,False,False,False,False,MISSING_CATEGORICAL_FIELD | UNKNOWN_BRAND
2022-02-21,8,2022,,CARDIOLOGY,Vascolin,Zenova Biosciences,328.3,90.2,"1,071",,CARDIOLOGY,Vascolin,Zenova Biosciences,True,2022-02-21,2022-02-21,2022,8,2022-W08,False,Unknown,Cardiology,Vascolin,Zenova Biosciences,328.3,90.2,1071.0,False,False,False,False,MISSING_CATEGORICAL_FIELD | UNKNOWN_REGION
2025-02-03,162,2025,,diabetes,Metforal,Novanta Pharma,257.7,,725,,diabetes,Metforal,Novanta Pharma,True,2025-02-03,2025-02-03,2025,6,2025-W06,False,Unknown,Diabetes,Metforal,Novanta Pharma,257.7,,725.0,False,True,False,False,MISSING_CATEGORICAL_FIELD | UNKNOWN_REGION
26-Aug-2024,139,2024,TN,cardiology,Vascolin,,322.0,,996,TN,cardiology,Vascolin,,True,2024-08-26,2024-08-26,2024,35,2024-W35,False,Tamil Nadu,Cardiology,Vascolin,Unknown,322.0,,996.0,False,True,False,False,MISSING_CATEGORICAL_FIELD | UNKNOWN_BRAND
07/10/2024,145,2024,Delhi,  Diabetes  ,Insulyn,,414.5,102.0,1075,Delhi,Diabetes,Insulyn,,True,2024-10-07,2024-10-07,2024,41,2024-W41,False,Delhi,Diabetes,Insulyn,Unknown,414.5,102.0,1075.0,False,False,False,False,MISSING_CATEGORICAL_FIELD | UNKNOWN_BRAND
2024-10-14,146,2024,,CARDIOLOGY,Vascolin,Zenova Biosciences,236.1,62.2,604,,CARDIOLOGY,Vascolin,Zenova Biosciences,True,2024-10-14,2024-10-14,2024,42,2024-W42,False,Unknown,Cardiology,Vascolin,Zenova Biosciences,236.1,62.2,604.0,False,False,False,False,MISSING_CATEGORICAL_FIELD | UNKNOWN_REGION
2024/12/23,156,2024,KARNATAKA,  Diabetes  ,Metforal,,236.6,55.9,660,KARNATAKA,Diabetes,Metforal,,True,2024-12-23,2024-12-23,2024,52,2024-W52,False,Karnataka,Diabetes,Metforal,Unknown,236.6,55.9,660.0,False,False,False,False,MISSING_CATEGORICAL_FIELD | UNKNOWN_BRAND
16/09/2024,142,2024,TN,respiratory,Airovent,,243.0,57.5,709,TN,respiratory,Airovent,,True,2024-09-16,2024-09-16,2024,38,2024-W38,False,Tamil Nadu,Respiratory,Airovent,Unknown,243.0,57.5,709.0,False,False,False,False,MISSING_CATEGORICAL_FIELD | UNKNOWN_BRAND
23/05/2022,21,2022,GUJARAT,CARDIOLOGY,Vascolin,,209.9,50.7,645,GUJARAT,CARDIOLOGY,Vascolin,,True,2022-05-23,2022-05-23,2022,21,2022-W21,False,Gujarat,Cardiology,Vascolin,Unknown,209.9,50.7,645.0,False,False,False,False,MISSING_CATEGORICAL_FIELD | UNKNOWN_BRAND
2024/02/26,113,2024,  Gujarat  ,cardiology,Cordamet,,236.0,50.0,723,Gujarat,cardiology,Cordamet,,True,2024-02-26,2024-02-26,2024,9,2024-W09,False,Gujarat,Cardiology,Cordamet,Unknown,236.0,50.0,723.0,False,False,False,False,MISSING_CATEGORICAL_FIELD | UNKNOWN_BRAND
22/08/2022,34,2022,,Cardiology,Cordamet,Meditrix Labs,312.5,78.0,1057,,Cardiology,Cordamet,Meditrix Labs,True,2022-08-22,2022-08-22,2022,34,2022-W34,False,Unknown,Cardiology,Cordamet,Meditrix Labs,312.5,78.0,1057.0,False,False,False,False,MISSING_CATEGORICAL_FIELD | UNKNOWN_REGION
2024/06/10,128,2024,delhi,RESPIRATORY,Bronchel,,231.4,51.4,749,delhi,RESPIRATORY,Bronchel,,True,2024-06-10,2024-06-10,2024,24,2024-W24,False,Delhi,Respiratory,Bronchel,Unknown,231.4,51.4,749.0,False,False,False,False,MISSING_CATEGORICAL_FIELD | UNKNOWN_BRAND
2024/04/15,120,2024,,  Respiratory  ,Airovent,Pulmovia Therapeutics,72.0,17.4,185,,Respiratory,Airovent,Pulmovia Therapeutics,True,2024-04-15,2024-04-15,2024,16,2024-W16,False,Unknown,Respiratory,Airovent,Pulmovia Therapeutics,72.0,17.4,185.0,False,False,False,False,MISSING_CATEGORICAL_FIELD | UNKNOWN_REGION
2023-02-13,59,2023,,  Diabetes  ,Metforal,Novanta Pharma,348.0,90.1,917,,Diabetes,Metforal,Novanta Pharma,True,2023-02-13,2023-02-13,2023,7,2023-W07,False,Unknown,Diabetes,Metforal,Novanta Pharma,348.0,90.1,917.0,False,False,False,False,MISSING_CATEGORICAL_FIELD | UNKNOWN_REGION
2023/08/28,87,2023,,  Cardiology  ,Vascolin,Zenova Biosciences,224.6,85.0,714,,Cardiology,Vascolin,Zenova Biosciences,True,2023-08-28,2023-08-28,2023,35,2023-W35,False,Unknown,Cardiology,Vascolin,Zenova Biosciences,224.6,85.0,714.0,False,False,False,False,MISSING_CATEGORICAL_FIELD | UNKNOWN_REGION
23-Jan-2023,56,2023,  Maharashtra  ,Cardiology,Vascolin,,368.0,82.2,1011,Maharashtra,Cardiology,Vascolin,,True,2023-01-23,2023-01-23,2023,4,2023-W04,False,Maharashtra,Cardiology,Vascolin,Unknown,368.0,82.2,1011.0,False,False,False,False,MISSING_CATEGORICAL_FIELD | UNKNOWN_BRAND
2022-03-21,12,2022,delhi,DIABETES,Glucotend,,143.2,42.3,434,delhi,DIABETES,Glucotend,,True,2022-03-21,2022-03-21,2022,12,2022-W12,False,Delhi,Diabetes,Glucotend,Unknown,143.2,42.3,434.0,False,False,False,False,MISSING_CATEGORICAL_FIELD | UNKNOWN_BRAND
03/17/2025,168,2025,,Respiratory,Respivan,Aerovant Pharma,147.6,45.9,422,,Respiratory,Respivan,Aerovant Pharma,True,2025-03-17,2025-03-17,2025,12,2025-W12,False,Unknown,Respiratory,Respivan,Aerovant Pharma,147.6,45.9,422.0,False,False,False,False,MISSING_CATEGORICAL_FIELD | UNKNOWN_REGION
03/02/2025,162,2025,,cardiology,Vascolin,Zenova Biosciences,305.3,70.1,872,,cardiology,Vascolin,Zenova Biosciences,True,2025-02-03,2025-02-03,2025,6,2025-W06,False,Unknown,Cardiology,Vascolin,Zenova Biosciences,305.3,70.1,872.0,False,False,False,False,MISSING_CATEGORICAL_FIELD | UNKNOWN_REGION
11/09/2023,89,2023,W. Bengal,Respiratory,Airovent,,122.0,24.5,392,W. Bengal,Respiratory,Airovent,,True,2023-09-11,2023-09-11,2023,37,2023-W37,False,West Bengal,Respiratory,Airovent,Unknown,122.0,24.5,392.0,False,False,False,False,MISSING_CATEGORICAL_FIELD | UNKNOWN_BRAND
01-Sep-2025,192,2025,,CARDIOLOGY,Cordamet,Meditrix Labs,298.0,85.0,808,,CARDIOLOGY,Cordamet,Meditrix Labs,True,2025-09-01,2025-09-01,2025,36,2025-W36,False,Unknown,Cardiology,Cordamet,Meditrix Labs,298.0,85.0,808.0,False,False,False,False,MISSING_CATEGORICAL_FIELD | UNKNOWN_REGION
24-Feb-2025,165,2025,Andhra Pradesh,cardiology,Cordamet,,174.6,37.6,549,Andhra Pradesh,cardiology,Cordamet,,True,2025-02-24,2025-02-24,2025,9,2025-W09,False,Andhra Pradesh,Cardiology,Cordamet,Unknown,174.6,37.6,549.0,False,False,False,False,MISSING_CATEGORICAL_FIELD | UNKNOWN_BRAND
2024/11/25,152,2024,DELHI,  Respiratory  ,Airovent,,201.0,50.2,658,DELHI,Respiratory,Airovent,,True,2024-11-25,2024-11-25,2024,48,2024-W48,False,Delhi,Respiratory,Airovent,Unknown,201.0,50.2,658.0,False,False,False,False,MISSING_CATEGORICAL_FIELD | UNKNOWN_BRAND
2023/10/02,92,2023,,  Cardiology  ,Cordamet,Meditrix Labs,254.3,83.9,786,,Cardiology,Cordamet,Meditrix Labs,True,2023-10-02,2023-10-02,2023,40,2023-W40,False,Unknown,Cardiology,Cordamet,Meditrix Labs,254.3,83.9,786.0,False,False,False,False,MISSING_CATEGORICAL_FIELD | UNKNOWN_REGION
2023-12-25,104,2023,rajasthan,Respiratory,Airovent,,196.7,67.8,599,rajasthan,Respiratory,Airovent,,True,2023-12-25,2023-12-25,2023,52,2023-W52,False,Rajasthan,Respiratory,Airovent,Unknown,196.7,67.8,599.0,False,False,False,False,MISSING_CATEGORICAL_FIELD | UNKNOWN_BRAND
11-Jul-2022,28,2022,kerala,RESPIRATORY,Bronchel,,104.7,27.5,321,kerala,RESPIRATORY,Bronchel,,True,2022-07-11,2022-07-11,2022,28,2022-W28,False,Kerala,Respiratory,Bronchel,Unknown,104.7,27.5,321.0,False,False,False,False,MISSING_CATEGORICAL_FIELD | UNKNOWN_BRAND
2023/06/19,77,2023,,DIABETES,Glucotend,Glucera Health,267.2,75.2,819,,DIABETES,Glucotend,Glucera Health,True,2023-06-19,2023-06-19,2023,25,2023-W25,False,Unknown,Diabetes,Glucotend,Glucera Health,267.2,75.2,819.0,False,False,False,False,MISSING_CATEGORICAL_FIELD | UNKNOWN_REGION
07/08/2023,84,2023,  Tamil Nadu  ,Cardiology,Cordamet,,205.0,42.2,559,Tamil Nadu,Cardiology,Cordamet,,True,2023-08-07,2023-08-07,2023,32,2023-W32,False,Tamil Nadu,Cardiology,Cordamet,Unknown,205.0,42.2,559.0,False,False,False,False,MISSING_CATEGORICAL_FIELD | UNKNOWN_BRAND
04/18/2022,16,2022,Telangana,RESPIRATORY,Airovent,,114.1,22.0,327,Telangana,RESPIRATORY,Airovent,,True,2022-04-18,2022-04-18,2022,16,2022-W16,False,Telangana,Respiratory,Airovent,Unknown,114.1,22.0,327.0,False,False,False,False,MISSING_CATEGORICAL_FIELD | UNKNOWN_BRAND
12/16/2024,155,2024,,  Diabetes  ,Insulyn,Insulara Biotech,329.6,66.0,826,,Diabetes,Insulyn,Insulara Biotech,True,2024-12-16,2024-12-16,2024,51,2024-W51,False,Unknown,Diabetes,Insulyn,Insulara Biotech,329.6,66.0,826.0,False,False,False,False,MISSING_CATEGORICAL_FIELD | UNKNOWN_REGION
2025-04-14,172,2025,  Gujarat  ,DIABETES,Metforal,,214.7,59.6,604,Gujarat,DIABETES,Metforal,,True,2025-04-14,2025-04-14,2025,16,2025-W16,False,Gujarat,Diabetes,Metforal,Unknown,214.7,59.6,604.0,False,False,False,False,MISSING_CATEGORICAL_FIELD | UNKNOWN_BRAND
18/12/2023,103,2023,,Cardiology,Vascolin,Zenova Biosciences,222.4,50.0,563,,Cardiology,Vascolin,Zenova Biosciences,True,2023-12-18,2023-12-18,2023,51,2023-W51,False,Unknown,Cardiology,Vascolin,Zenova Biosciences,222.4,50.0,563.0,False,False,False,False,MISSING_CATEGORICAL_FIELD | UNKNOWN_REGION
2024-07-08,132,2024,  Delhi  ,cardiology,Cardivex,,120.9,34.1,410,Delhi,cardiology,Cardivex,,True,2024-07-08,2024-07-08,2024,28,2024-W28,False,Delhi,Cardiology,Cardivex,Unknown,120.9,34.1,410.0,False,False,False,False,MISSING_CATEGORICAL_FIELD | UNKNOWN_BRAND
07/25/2022,30,2022,  Maharashtra  ,cardiology,Cardivex,,298.8,66.9,956,Maharashtra,cardiology,Cardivex,,True,2022-07-25,2022-07-25,2022,30,2022-W30,False,Maharashtra,Cardiology,Cardivex,Unknown,298.8,66.9,956.0,False,False,False,False,MISSING_CATEGORICAL_FIELD | UNKNOWN_BRAND
04/21/2025,173,2025,MAHARASHTRA,cardiology,Vascolin,,302.4,,847,MAHARASHTRA,cardiology,Vascolin,,True,2025-04-21,2025-04-21,2025,17,2025-W17,False,Maharashtra,Cardiology,Vascolin,Unknown,302.4,,847.0,False,True,False,False,MISSING_CATEGORICAL_FIELD | UNKNOWN_BRAND
13/05/2024,124,2024,,DIABETES,Metforal,Novanta Pharma,249.9,50.7,743,,DIABETES,Metforal,Novanta Pharma,True,2024-05-13,2024-05-13,2024,20,2024-W20,False,Unknown,Diabetes,Metforal,Novanta Pharma,249.9,50.7,743.0,False,False,False,False,MISSING_CATEGORICAL_FIELD | UNKNOWN_REGION
15/08/2022,33,2022,,  Diabetes  ,Glucotend,Glucera Health,281.0,62.4,862,,Diabetes,Glucotend,Glucera Health,True,2022-08-15,2022-08-15,2022,33,2022-W33,False,Unknown,Diabetes,Glucotend,Glucera Health,281.0,62.4,862.0,False,False,False,False,MISSING_CATEGORICAL_FIELD | UNKNOWN_REGION
25-Nov-2024,152,2024,,Respiratory,Bronchel,Breathex Labs,140.0,31.1,449,,Respiratory,Bronchel,Breathex Labs,True,2024-11-25,2024-11-25,2024,48,2024-W48,False,Unknown,Respiratory,Bronchel,Breathex Labs,140.0,31.1,449.0,False,False,False,False,MISSING_CATEGORICAL_FIELD | UNKNOWN_REGION
04/07/2025,171,2025,  Karnataka  ,respiratory,Respivan,,212.2,33.3,617,Karnataka,respiratory,Respivan,,True,2025-04-07,2025-04-07,2025,15,2025-W15,False,Karnataka,Respiratory,Respivan,Unknown,212.2,33.3,617.0,False,False,False,False,MISSING_CATEGORICAL_FIELD | UNKNOWN_BRAND
12/05/2025,176,2025,,  Respiratory  ,Respivan,Aerovant Pharma,207.8,49.9,571,,Respiratory,Respivan,Aerovant Pharma,True,2025-05-12,2025-05-12,2025,20,2025-W20,False,Unknown,Respiratory,Respivan,Aerovant Pharma,207.8,49.9,571.0,False,False,False,True,MISSING_CATEGORICAL_FIELD | UNKNOWN_REGION | DUPLICATE_RECORD
2024-06-17,129,2024,Karnatka,respiratory,Airovent,,107.0,29.4,315,Karnatka,respiratory,Airovent,,True,2024-06-17,2024-06-17,2024,25,2024-W25,False,Karnataka,Respiratory,Airovent,Unknown,107.0,29.4,315.0,False,False,False,False,MISSING_CATEGORICAL_FIELD | UNKNOWN_BRAND
11/25/2024,152,2024,  Gujarat  ,Cardiology,Cordamet,,176.9,57.6,577,Gujarat,Cardiology,Cordamet,,True,2024-11-25,2024-11-25,2024,48,2024-W48,False,Gujarat,Cardiology,Cordamet,Unknown,176.9,57.6,577.0,False,False,False,False,MISSING_CATEGORICAL_FIELD | UNKNOWN_BRAND
2022/04/25,17,2022,Tamil Nadu,  Cardiology  ,Cordamet,,192.5,36.0,534,Tamil Nadu,Cardiology,Cordamet,,True,2022-04-25,2022-04-25,2022,17,2022-W17,False,Tamil Nadu,Cardiology,Cordamet,Unknown,192.5,36.0,534.0,False,False,False,False,MISSING_CATEGORICAL_FIELD | UNKNOWN_BRAND
12-Feb-2024,111,2024,  Rajasthan  ,diabetes,Insulyn,,169.2,39.3,573,Rajasthan,diabetes,Insulyn,,True,2024-02-12,2024-02-12,2024,7,2024-W07,False,Rajasthan,Diabetes,Insulyn,Unknown,169.2,39.3,573.0,False,False,False,False,MISSING_CATEGORICAL_FIELD | UNKNOWN_BRAND
06-Nov-2023,97,2023,,CARDIOLOGY,Cardivex,Corvyx Pharma,271.4,54.6,745,,CARDIOLOGY,Cardivex,Corvyx Pharma,True,2023-11-06,2023-11-06,2023,45,2023-W45,False,Unknown,Cardiology,Cardivex,Corvyx Pharma,271.4,54.6,745.0,False,False,False,True,MISSING_CATEGORICAL_FIELD | UNKNOWN_REGION | DUPLICATE_RECORD
2023-02-13,59,2023,,CARDIOLOGY,Cardivex,Corvyx Pharma,99.9,26.9,269,,CARDIOLOGY,Cardivex,Corvyx Pharma,True,2023-02-13,2023-02-13,2023,7,2023-W07,False,Unknown,Cardiology,Cardivex,Corvyx Pharma,99.9,26.9,269.0,False,False,False,False,MISSING_CATEGORICAL_FIELD | UNKNOWN_REGION
04/22/2024,121,2024,Andhra Pradesh,Respiratory,Airovent,,100.0,38.0,274,Andhra Pradesh,Respiratory,Airovent,,True,2024-04-22,2024-04-22,2024,17,2024-W17,False,Andhra Pradesh,Respiratory,Airovent,Unknown,100.0,38.0,274.0,False,False,False,False,MISSING_CATEGORICAL_FIELD | UNKNOWN_BRAND
06/23/2025,182,2025,  Telangana  ,  Cardiology  ,Vascolin,,168.4,61.1,494,Telangana,Cardiology,Vascolin,,True,2025-06-23,2025-06-23,2025,26,2025-W26,False,Telangana,Cardiology,Vascolin,Unknown,168.4,61.1,494.0,False,False,False,False,MISSING_CATEGORICAL_FIELD | UNKNOWN_BRAND
02-Sep-2024,140,2024,,DIABETES,Metforal,Novanta Pharma,157.4,46.8,492,,DIABETES,Metforal,Novanta Pharma,True,2024-09-02,2024-09-02,2024,36,2024-W36,False,Unknown,Diabetes,Metforal,Novanta Pharma,157.4,46.8,492.0,False,False,False,True,MISSING_CATEGORICAL_FIELD | UNKNOWN_REGION | DUPLICATE_RECORD
12/23/2024,156,2024,,diabetes,Insulyn,Insulara Biotech,275.4,60.8,806,,diabetes,Insulyn,Insulara Biotech,True,2024-12-23,2024-12-23,2024,52,2024-W52,False,Unknown,Diabetes,Insulyn,Insulara Biotech,275.4,60.8,806.0,False,False,False,False,MISSING_CATEGORICAL_FIELD | UNKNOWN_REGION
11/27/2023,100,2023,,diabetes,Metforal,Novanta Pharma,235.9,44.3,671,,diabetes,Metforal,Novanta Pharma,True,2023-11-27,2023-11-27,2023,48,2023-W48,False,Unknown,Diabetes,Metforal,Novanta Pharma,235.9,44.3,671.0,False,False,False,False,MISSING_CATEGORICAL_FIELD | UNKNOWN_REGION
05/08/2024,136,2024,  Maharashtra  ,CARDIOLOGY,Cordamet,,412.6,122.0,1033,Maharashtra,CARDIOLOGY,Cordamet,,True,2024-08-05,2024-08-05,2024,32,2024-W32,False,Maharashtra,Cardiology,Cordamet,Unknown,412.6,122.0,1033.0,False,False,False,False,MISSING_CATEGORICAL_FIELD | UNKNOWN_BRAND
2022-08-22,34,2022,,Diabetes,Insulyn,Insulara Biotech,219.5,,711,,Diabetes,Insulyn,Insulara Biotech,True,2022-08-22,2022-08-22,2022,34,2022-W34,False,Unknown,Diabetes,Insulyn,Insulara Biotech,219.5,,711.0,False,True,False,False,MISSING_CATEGORICAL_FIELD | UNKNOWN_REGION
10/03/2022,40,2022,,RESPIRATORY,Airovent,Pulmovia Therapeutics,153.3,30.0,432,,RESPIRATORY,Airovent,Pulmovia Therapeutics,True,2022-10-03,2022-10-03,2022,40,2022-W40,False,Unknown,Respiratory,Airovent,Pulmovia Therapeutics,153.3,30.0,432.0,False,False,False,False,MISSING_CATEGORICAL_FIELD | UNKNOWN_REGION
23/12/2024,156,2024,AndhraPradesh,  Cardiology  ,Cardivex,,137.0,41.9,432,AndhraPradesh,Cardiology,Cardivex,,True,2024-12-23,2024-12-23,2024,52,2024-W52,False,Andhra Pradesh,Cardiology,Cardivex,Unknown,137.0,41.9,432.0,False,False,False,False,MISSING_CATEGORICAL_FIELD | UNKNOWN_BRAND
02/28/2022,9,2022,,Diabetes,Glucotend,Glucera Health,156.0,35.9,398,,Diabetes,Glucotend,Glucera Health,True,2022-02-28,2022-02-28,2022,9,2022-W09,False,Unknown,Diabetes,Glucotend,Glucera Health,156.0,35.9,398.0,False,False,False,False,MISSING_CATEGORICAL_FIELD | UNKNOWN_REGION
06/24/2024,130,2024,,cardiology,Cardivex,Corvyx Pharma,132.4,30.5,396,,cardiology,Cardivex,Corvyx Pharma,True,2024-06-24,2024-06-24,2024,26,2024-W26,False,Unknown,Cardiology,Cardivex,Corvyx Pharma,132.4,30.5,396.0,False,False,False,False,MISSING_CATEGORICAL_FIELD | UNKNOWN_REGION
04-Mar-2024,114,2024,MAHARASHTRA,respiratory,Bronchel,,254.0,55.5,640,MAHARASHTRA,respiratory,Bronchel,,True,2024-03-04,2024-03-04,2024,10,2024-W10,False,Maharashtra,Respiratory,Bronchel,Unknown,254.0,55.5,640.0,False,False,False,False,MISSING_CATEGORICAL_FIELD | UNKNOWN_BRAND
2025/08/18,190,2025,,DIABETES,Glucotend,Glucera Health,253.4,77.4,804,,DIABETES,Glucotend,Glucera Health,True,2025-08-18,2025-08-18,2025,34,2025-W34,False,Unknown,Diabetes,Glucotend,Glucera Health,253.4,77.4,804.0,False,False,False,False,MISSING_CATEGORICAL_FIELD | UNKNOWN_REGION
04/14/2025,172,2025,,DIABETES,Metforal,Novanta Pharma,202.8,34.4,685,,DIABETES,Metforal,Novanta Pharma,True,2025-04-14,2025-04-14,2025,16,2025-W16,False,Unknown,Diabetes,Metforal,Novanta Pharma,202.8,34.4,685.0,False,False,False,False,MISSING_CATEGORICAL_FIELD | UNKNOWN_REGION
07/01/2024,131,2024,,CARDIOLOGY,Cordamet,Meditrix Labs,368.9,109.6,1161,,CARDIOLOGY,Cordamet,Meditrix Labs,True,2024-07-01,2024-07-01,2024,27,2024-W27,False,Unknown,Cardiology,Cordamet,Meditrix Labs,368.9,109.6,1161.0,False,False,False,True,MISSING_CATEGORICAL_FIELD | UNKNOWN_REGION | DUPLICATE_RECORD
12/08/2024,137,2024,rajasthan,CARDIOLOGY,Cordamet,,271.1,70.2,874,rajasthan,CARDIOLOGY,Cordamet,,True,2024-08-12,2024-08-12,2024,33,2024-W33,False,Rajasthan,Cardiology,Cordamet,Unknown,271.1,70.2,874.0,False,False,False,False,MISSING_CATEGORICAL_FIELD | UNKNOWN_BRAND
2025/12/08,206,2025,,Diabetes,Metforal,Novanta Pharma,187.8,53.9,548,,Diabetes,Metforal,Novanta Pharma,True,2025-12-08,2025-12-08,2025,50,2025-W50,False,Unknown,Diabetes,Metforal,Novanta Pharma,187.8,53.9,548.0,False,False,False,False,MISSING_CATEGORICAL_FIELD | UNKNOWN_REGION
08-Aug-2022,32,2022,,  Diabetes  ,Glucotend,Glucera Health,434.8,109.2,1385,,Diabetes,Glucotend,Glucera Health,True,2022-08-08,2022-08-08,2022,32,2022-W32,False,Unknown,Diabetes,Glucotend,Glucera Health,434.8,109.2,1385.0,False,False,False,False,MISSING_CATEGORICAL_FIELD | UNKNOWN_REGION
2022/09/26,39,2022,,cardiology,Cardivex,Corvyx Pharma,183.9,52.8,545,,cardiology,Cardivex,Corvyx Pharma,True,2022-09-26,2022-09-26,2022,39,2022-W39,False,Unknown,Cardiology,Cardivex,Corvyx Pharma,183.9,52.8,545.0,False,False,False,True,MISSING_CATEGORICAL_FIELD | UNKNOWN_REGION | DUPLICATE_RECORD
2024/08/05,136,2024,kerala,respiratory,Airovent,,89.2,21.0,261,kerala,respiratory,Airovent,,True,2024-08-05,2024-08-05,2024,32,2024-W32,False,Kerala,Respiratory,Airovent,Unknown,89.2,21.0,261.0,False,False,False,False,MISSING_CATEGORICAL_FIELD | UNKNOWN_BRAND
12-Feb-2024,111,2024,Tamil Nadu,  Diabetes  ,Metforal,,201.2,41.1,631,Tamil Nadu,Diabetes,Metforal,,True,2024-02-12,2024-02-12,2024,7,2024-W07,False,Tamil Nadu,Diabetes,Metforal,Unknown,201.2,41.1,631.0,False,False,False,False,MISSING_CATEGORICAL_FIELD | UNKNOWN_BRAND
29/09/2025,196,2025,  West Bengal  ,  Diabetes  ,Insulyn,,195.9,43.3,556,West Bengal,Diabetes,Insulyn,,True,2025-09-29,2025-09-29,2025,40,2025-W40,False,West Bengal,Diabetes,Insulyn,Unknown,195.9,43.3,556.0,False,False,False,False,MISSING_CATEGORICAL_FIELD | UNKNOWN_BRAND
04-Jul-2022,27,2022,Maharashtra,diabetes,Insulyn,,230.3,76.7,672,Maharashtra,diabetes,Insulyn,,True,2022-07-04,2022-07-04,2022,27,2022-W27,False,Maharashtra,Diabetes,Insulyn,Unknown,230.3,76.7,672.0,False,False,False,False,MISSING_CATEGORICAL_FIELD | UNKNOWN_BRAND
2025/08/18,190,2025,MAHARASHTRA,  Diabetes  ,Glucotend,,391.9,60.0,1178,MAHARASHTRA,Diabetes,Glucotend,,True,2025-08-18,2025-08-18,2025,34,2025-W34,False,Maharashtra,Diabetes,Glucotend,Unknown,391.9,60.0,1178.0,False,False,False,False,MISSING_CATEGORICAL_FIELD | UNKNOWN_BRAND
2022-12-19,51,2022,  Gujarat  ,  Respiratory  ,Airovent,,189.1,52.3,531,Gujarat,Respiratory,Airovent,,True,2022-12-19,2022-12-19,2022,51,2022-W51,False,Gujarat,Respiratory,Airovent,Unknown,189.1,52.3,531.0,False,False,False,False,MISSING_CATEGORICAL_FIELD | UNKNOWN_BRAND
09/05/2022,19,2022,,respiratory,Airovent,Pulmovia Therapeutics,93.1,22.3,306,,respiratory,Airovent,Pulmovia Therapeutics,True,2022-05-09,2022-05-09,2022,19,2022-W19,False,Unknown,Respiratory,Airovent,Pulmovia Therapeutics,93.1,22.3,306.0,False,False,False,False,MISSING_CATEGORICAL_FIELD | UNKNOWN_REGION
2025-03-24,169,2025,,Respiratory,Bronchel,Breathex Labs,246.3,50.5,649,,Respiratory,Bronchel,Breathex Labs,True,2025-03-24,2025-03-24,2025,13,2025-W13,False,Unknown,Respiratory,Bronchel,Breathex Labs,246.3,50.5,649.0,False,False,False,False,MISSING_CATEGORICAL_FIELD | UNKNOWN_REGION
14-Aug-2023,85,2023,GUJARAT,DIABETES,Glucotend,,232.6,56.2,778,GUJARAT,DIABETES,Glucotend,,True,2023-08-14,2023-08-14,2023,33,2023-W33,False,Gujarat,Diabetes,Glucotend,Unknown,232.6,56.2,778.0,False,False,False,False,MISSING_CATEGORICAL_FIELD | UNKNOWN_BRAND
06/09/2025,180,2025,AndhraPradesh,cardiology,Cardivex,,154.9,42.0,411,AndhraPradesh,cardiology,Cardivex,,True,2025-06-09,2025-06-09,2025,24,2025-W24,False,Andhra Pradesh,Cardiology,Cardivex,Unknown,154.9,42.0,411.0,False,False,False,False,MISSING_CATEGORICAL_FIELD | UNKNOWN_BRAND
2025-06-30,183,2025,Tamil Nadu,  Respiratory  ,Bronchel,,265.7,63.9,,Tamil Nadu,Respiratory,Bronchel,,True,2025-06-30,2025-06-30,2025,27,2025-W27,False,Tamil Nadu,Respiratory,Bronchel,Unknown,265.7,63.9,,False,True,False,False,MISSING_CATEGORICAL_FIELD | UNKNOWN_BRAND
02/10/2023,92,2023,telangana,diabetes,Metforal,,210.6,63.8,601,telangana,diabetes,Metforal,,True,2023-10-02,2023-10-02,2023,40,2023-W40,False,Telangana,Diabetes,Metforal,Unknown,210.6,63.8,601.0,False,False,False,False,MISSING_CATEGORICAL_FIELD | UNKNOWN_BRAND
05/27/2024,126,2024,,  Respiratory  ,Respivan,Aerovant Pharma,201.5,49.7,587,,Respiratory,Respivan,Aerovant Pharma,True,2024-05-27,2024-05-27,2024,22,2024-W22,False,Unknown,Respiratory,Respivan,Aerovant Pharma,201.5,49.7,587.0,False,False,False,False,MISSING_CATEGORICAL_FIELD | UNKNOWN_REGION
01/04/2024,118,2024,,  Respiratory  ,Bronchel,Breathex Labs,170.8,40.5,495,,Respiratory,Bronchel,Breathex Labs,True,2024-04-01,2024-04-01,2024,14,2024-W14,False,Unknown,Respiratory,Bronchel,Breathex Labs,170.8,40.5,495.0,False,False,False,False,MISSING_CATEGORICAL_FIELD | UNKNOWN_REGION
07-Aug-2023,84,2023,Kerala,respiratory,Bronchel,,186.4,55.3,595,Kerala,respiratory,Bronchel,,True,2023-08-07,2023-08-07,2023,32,2023-W32,False,Kerala,Respiratory,Bronchel,Unknown,186.4,55.3,595.0,False,False,False,False,MISSING_CATEGORICAL_FIELD | UNKNOWN_BRAND
2022-01-17,3,2022,WEST BENGAL,DIABETES,Metforal,,156.9,46.7,479,WEST BENGAL,DIABETES,Metforal,,True,2022-01-17,2022-01-17,2022,3,2022-W03,False,West Bengal,Diabetes,Metforal,Unknown,156.9,46.7,479.0,False,False,False,False,MISSING_CATEGORICAL_FIELD | UNKNOWN_BRAND
14-Oct-2024,146,2024,west bengal,CARDIOLOGY,Vascolin,,247.9,59.0,831,west bengal,CARDIOLOGY,Vascolin,,True,2024-10-14,2024-10-14,2024,42,2024-W42,False,West Bengal,Cardiology,Vascolin,Unknown,247.9,59.0,831.0,False,False,False,False,MISSING_CATEGORICAL_FIELD | UNKNOWN_BRAND
2025/01/13,159,2025,TELANGANA,diabetes,Metforal,,162.8,38.2,433,TELANGANA,diabetes,Metforal,,True,2025-01-13,2025-01-13,2025,3,2025-W03,False,Telangana,Diabetes,Metforal,Unknown,162.8,38.2,433.0,False,False,False,False,MISSING_CATEGORICAL_FIELD | UNKNOWN_BRAND
05/27/2024,126,2024,Tamil Ndu,  Respiratory  ,Airovent,,116.6,33.3,335,Tamil Ndu,Respiratory,Airovent,,True,2024-05-27,2024-05-27,2024,22,2024-W22,False,Tamil Nadu,Respiratory,Airovent,Unknown,116.6,33.3,335.0,False,False,False,False,MISSING_CATEGORICAL_FIELD | UNKNOWN_BRAND
2023/08/14,85,2023,,Diabetes,Insulyn,Insulara Biotech,225.3,76.0,728,,Diabetes,Insulyn,Insulara Biotech,True,2023-08-14,2023-08-14,2023,33,2023-W33,False,Unknown,Diabetes,Insulyn,Insulara Biotech,225.3,76.0,728.0,False,False,False,False,MISSING_CATEGORICAL_FIELD | UNKNOWN_REGION
22/04/2024,121,2024,MAHARASHTRA,Respiratory,Bronchel,,319.4,65.5,1036,MAHARASHTRA,Respiratory,Bronchel,,True,2024-04-22,2024-04-22,2024,17,2024-W17,False,Maharashtra,Respiratory,Bronchel,Unknown,319.4,65.5,1036.0,False,False,False,False,MISSING_CATEGORICAL_FIELD | UNKNOWN_BRAND
11/09/2023,89,2023,,Respiratory,Airovent,Pulmovia Therapeutics,135.0,23.9,404,,Respiratory,Airovent,Pulmovia Therapeutics,True,2023-09-11,2023-09-11,2023,37,2023-W37,False,Unknown,Respiratory,Airovent,Pulmovia Therapeutics,135.0,23.9,404.0,False,False,False,False,MISSING_CATEGORICAL_FIELD | UNKNOWN_REGION
2022-06-20,25,2022,  Kerala  ,  Diabetes  ,Insulyn,,158.9,60.0,457,Kerala,Diabetes,Insulyn,,True,2022-06-20,2022-06-20,2022,25,2022-W25,False,Kerala,Diabetes,Insulyn,Unknown,158.9,60.0,457.0,False,False,False,False,MISSING_CATEGORICAL_FIELD | UNKNOWN_BRAND
2023/04/24,69,2023,,  Respiratory  ,Bronchel,Breathex Labs,187.7,56.5,499,,Respiratory,Bronchel,Breathex Labs,True,2023-04-24,2023-04-24,2023,17,2023-W17,False,Unknown,Respiratory,Bronchel,Breathex Labs,187.7,56.5,499.0,False,False,False,False,MISSING_CATEGORICAL_FIELD | UNKNOWN_REGION
05/08/2024,136,2024,  Delhi  ,DIABETES,Glucotend,,245.8,71.0,815,Delhi,DIABETES,Glucotend,,True,2024-08-05,2024-08-05,2024,32,2024-W32,False,Delhi,Diabetes,Glucotend,Unknown,245.8,71.0,815.0,False,False,False,False,MISSING_CATEGORICAL_FIELD | UNKNOWN_BRAND
07-Apr-2025,171,2025,Gujarat,CARDIOLOGY,Vascolin,,205.7,55.6,600,Gujarat,CARDIOLOGY,Vascolin,,True,2025-04-07,2025-04-07,2025,15,2025-W15,False,Gujarat,Cardiology,Vascolin,Unknown,205.7,55.6,600.0,False,False,False,False,MISSING_CATEGORICAL_FIELD | UNKNOWN_BRAND
2023/06/19,77,2023,Tamilnadu,respiratory,Respivan,,166.0,32.3,475,Tamilnadu,respiratory,Respivan,,True,2023-06-19,2023-06-19,2023,25,2023-W25,False,Tamil Nadu,Respiratory,Respivan,Unknown,166.0,32.3,475.0,False,False,False,False,MISSING_CATEGORICAL_FIELD | UNKNOWN_BRAND
06/23/2025,182,2025,,  Cardiology  ,Vascolin,Zenova Biosciences,147.8,41.3,416,,Cardiology,Vascolin,Zenova Biosciences,True,2025-06-23,2025-06-23,2025,26,2025-W26,False,Unknown,Cardiology,Vascolin,Zenova Biosciences,147.8,41.3,416.0,False,False,False,False,MISSING_CATEGORICAL_FIELD | UNKNOWN_REGION
06-Nov-2023,97,2023,,  Respiratory  ,Airovent,Pulmovia Therapeutics,256.0,68.9,776,,Respiratory,Airovent,Pulmovia Therapeutics,True,2023-11-06,2023-11-06,2023,45,2023-W45,False,Unknown,Respiratory,Airovent,Pulmovia Therapeutics,256.0,68.9,776.0,False,False,False,False,MISSING_CATEGORICAL_FIELD | UNKNOWN_REGION
13/11/2023,98,2023,Karnataka ,  Respiratory  ,Respivan,,189.8,48.7,563,Karnataka,Respiratory,Respivan,,True,2023-11-13,2023-11-13,2023,46,2023-W46,False,Karnataka,Respiratory,Respivan,Unknown,189.8,48.7,563.0,False,False,False,False,MISSING_CATEGORICAL_FIELD | UNKNOWN_BRAND
29/04/2024,122,2024,  Delhi  ,respiratory,Airovent,,120.7,21.0,316,Delhi,respiratory,Airovent,,True,2024-04-29,2024-04-29,2024,18,2024-W18,False,Delhi,Respiratory,Airovent,Unknown,120.7,21.0,316.0,False,False,False,False,MISSING_CATEGORICAL_FIELD | UNKNOWN_BRAND
10-Jun-2024,128,2024,,DIABETES,Metforal,Novanta Pharma,281.0,69.7,793,,DIABETES,Metforal,Novanta Pharma,True,2024-06-10,2024-06-10,2024,24,2024-W24,False,Unknown,Diabetes,Metforal,Novanta Pharma,281.0,69.7,793.0,False,False,False,False,MISSING_CATEGORICAL_FIELD | UNKNOWN_REGION
2023-10-09,93,2023,,DIABETES,Glucotend,Glucera Health,250.4,58.3,755,,DIABETES,Glucotend,Glucera Health,True,2023-10-09,2023-10-09,2023,41,2023-W41,False,Unknown,Diabetes,Glucotend,Glucera Health,250.4,58.3,755.0,False,False,False,False,MISSING_CATEGORICAL_FIELD | UNKNOWN_REGION
2025/08/25,191,2025,,respiratory,Respivan,Aerovant Pharma,98.7,15.2,263,,respiratory,Respivan,Aerovant Pharma,True,2025-08-25,2025-08-25,2025,35,2025-W35,False,Unknown,Respiratory,Respivan,Aerovant Pharma,98.7,15.2,263.0,False,False,False,False,MISSING_CATEGORICAL_FIELD | UNKNOWN_REGION
10/07/2023,80,2023,Maharashtra,cardiology,Vascolin,,248.5,95.2,672,Maharashtra,cardiology,Vascolin,,True,2023-07-10,2023-07-10,2023,28,2023-W28,False,Maharashtra,Cardiology,Vascolin,Unknown,248.5,95.2,672.0,False,False,False,False,MISSING_CATEGORICAL_FIELD | UNKNOWN_BRAND
25/09/2023,91,2023,Tamil Nadu,cardiology,Cordamet,,201.5,57.1,612,Tamil Nadu,cardiology,Cordamet,,True,2023-09-25,2023-09-25,2023,39,2023-W39,False,Tamil Nadu,Cardiology,Cordamet,Unknown,201.5,57.1,612.0,False,False,False,False,MISSING_CATEGORICAL_FIELD | UNKNOWN_BRAND
2024-01-22,108,2024,,Diabetes,Insulyn,Insulara Biotech,190.8,43.4,522,,Diabetes,Insulyn,Insulara Biotech,True,2024-01-22,2024-01-22,2024,4,2024-W04,False,Unknown,Diabetes,Insulyn,Insulara Biotech,190.8,43.4,522.0,False,False,False,False,MISSING_CATEGORICAL_FIELD | UNKNOWN_REGION
2023-07-17,81,2023,,Respiratory,Bronchel,Breathex Labs,332.5,100.0,990,,Respiratory,Bronchel,Breathex Labs,True,2023-07-17,2023-07-17,2023,29,2023-W29,False,Unknown,Respiratory,Bronchel,Breathex Labs,332.5,100.0,990.0,False,False,False,False,MISSING_CATEGORICAL_FIELD | UNKNOWN_REGION
25-Sep-2023,91,2023,,  Respiratory  ,Airovent,Pulmovia Therapeutics,179.8,36.6,478,,Respiratory,Airovent,Pulmovia Therapeutics,True,2023-09-25,2023-09-25,2023,39,2023-W39,False,Unknown,Respiratory,Airovent,Pulmovia Therapeutics,179.8,36.6,478.0,False,False,False,False,MISSING_CATEGORICAL_FIELD | UNKNOWN_REGION
02-Jun-2025,179,2025,,  Respiratory  ,Respivan,Aerovant Pharma,165.6,48.2,459,,Respiratory,Respivan,Aerovant Pharma,True,2025-06-02,2025-06-02,2025,23,2025-W23,False,Unknown,Respiratory,Respivan,Aerovant Pharma,165.6,48.2,459.0,False,False,False,False,MISSING_CATEGORICAL_FIELD | UNKNOWN_REGION
26/05/2025,178,2025,rajasthan,  Respiratory  ,Airovent,,78.8,17.2,249,rajasthan,Respiratory,Airovent,,True,2025-05-26,2025-05-26,2025,22,2025-W22,False,Rajasthan,Respiratory,Airovent,Unknown,78.8,17.2,249.0,False,False,False,False,MISSING_CATEGORICAL_FIELD | UNKNOWN_BRAND
2023/05/22,73,2023,  Maharashtra  ,RESPIRATORY,Airovent,,153.5,52.3,387,Maharashtra,RESPIRATORY,Airovent,,True,2023-05-22,2023-05-22,2023,21,2023-W21,False,Maharashtra,Respiratory,Airovent,Unknown,153.5,52.3,387.0,False,False,False,False,MISSING_CATEGORICAL_FIELD | UNKNOWN_BRAND
2023/03/20,64,2023,West Bengal,diabetes,Insulyn,,278.5,62.7,911,West Bengal,diabetes,Insulyn,,True,2023-03-20,2023-03-20,2023,12,2023-W12,False,West Bengal,Diabetes,Insulyn,Unknown,278.5,62.7,911.0,False,False,False,False,MISSING_CATEGORICAL_FIELD | UNKNOWN_BRAND
2022/09/19,38,2022,,cardiology,Cordamet,Meditrix Labs,241.2,,712,,cardiology,Cordamet,Meditrix Labs,True,2022-09-19,2022-09-19,2022,38,2022-W38,False,Unknown,Cardiology,Cordamet,Meditrix Labs,241.2,,712.0,False,True,False,True,MISSING_CATEGORICAL_FIELD | UNKNOWN_REGION | DUPLICATE_RECORD
22/01/2024,108,2024,,Cardiology,Cordamet,Meditrix Labs,165.5,44.8,450,,Cardiology,Cordamet,Meditrix Labs,True,2024-01-22,2024-01-22,2024,4,2024-W04,False,Unknown,Cardiology,Cordamet,Meditrix Labs,165.5,44.8,450.0,False,False,False,False,MISSING_CATEGORICAL_FIELD | UNKNOWN_REGION
2023-02-06,58,2023,W. Bengal,  Respiratory  ,Respivan,,245.8,48.5,824,W. Bengal,Respiratory,Respivan,,True,2023-02-06,2023-02-06,2023,6,2023-W06,False,West Bengal,Respiratory,Respivan,Unknown,245.8,48.5,824.0,False,False,False,False,MISSING_CATEGORICAL_FIELD | UNKNOWN_BRAND
09-Jan-2023,54,2023,Tamil Nadu,  Respiratory  ,Respivan,,215.1,52.2,544,Tamil Nadu,Respiratory,Respivan,,True,2023-01-09,2023-01-09,2023,2,2023-W02,False,Tamil Nadu,Respiratory,Respivan,Unknown,215.1,52.2,544.0,False,False,False,False,MISSING_CATEGORICAL_FIELD | UNKNOWN_BRAND
2023/05/01,70,2023,Telangana,diabetes,Insulyn,,267.4,84.8,899,Telangana,diabetes,Insulyn,,True,2023-05-01,2023-05-01,2023,18,2023-W18,False,Telangana,Diabetes,Insulyn,Unknown,267.4,84.8,899.0,False,False,False,False,MISSING_CATEGORICAL_FIELD | UNKNOWN_BRAND
09/18/2023,90,2023,,Respiratory,Respivan,Aerovant Pharma,150.2,38.3,379,,Respiratory,Respivan,Aerovant Pharma,True,2023-09-18,2023-09-18,2023,38,2023-W38,False,Unknown,Respiratory,Respivan,Aerovant Pharma,150.2,38.3,379.0,False,False,False,False,MISSING_CATEGORICAL_FIELD | UNKNOWN_REGION
05-Feb-2024,110,2024,tamil nadu,  Respiratory  ,Respivan,,161.5,36.6,466,tamil nadu,Respiratory,Respivan,,True,2024-02-05,2024-02-05,2024,6,2024-W06,False,Tamil Nadu,Respiratory,Respivan,Unknown,161.5,36.6,466.0,False,False,False,False,MISSING_CATEGORICAL_FIELD | UNKNOWN_BRAND
2025-05-12,176,2025,,Diabetes,Glucotend,,,79.8,617,,Diabetes,Glucotend,,True,2025-05-12,2025-05-12,2025,20,2025-W20,False,Unknown,Diabetes,Glucotend,Unknown,,79.8,617.0,False,True,False,False,MISSING_CATEGORICAL_FIELD | UNKNOWN_REGION | UNKNOWN_BRAND
06/09/2025,180,2025,  West Bengal  ,DIABETES,Metforal,,182.9,34.6,587,West Bengal,DIABETES,Metforal,,True,2025-06-09,2025-06-09,2025,24,2025-W24,False,West Bengal,Diabetes,Metforal,Unknown,182.9,34.6,587.0,False,False,False,False,MISSING_CATEGORICAL_FIELD | UNKNOWN_BRAND
22/01/2024,108,2024,,diabetes,Metforal,Novanta Pharma,203.4,52.9,606,,diabetes,Metforal,Novanta Pharma,True,2024-01-22,2024-01-22,2024,4,2024-W04,False,Unknown,Diabetes,Metforal,Novanta Pharma,203.4,52.9,606.0,False,False,False,False,MISSING_CATEGORICAL_FIELD | UNKNOWN_REGION
2023-09-11,89,2023,,RESPIRATORY,Respivan,Aerovant Pharma,174.1,39.1,499,,RESPIRATORY,Respivan,Aerovant Pharma,True,2023-09-11,2023-09-11,2023,37,2023-W37,False,Unknown,Respiratory,Respivan,Aerovant Pharma,174.1,39.1,499.0,False,False,False,False,MISSING_CATEGORICAL_FIELD | UNKNOWN_REGION
01-Jul-2024,131,2024,,Cardiology,Vascolin,Zenova Biosciences,169.7,56.9,495,,Cardiology,Vascolin,Zenova Biosciences,True,2024-07-01,2024-07-01,2024,27,2024-W27,False,Unknown,Cardiology,Vascolin,Zenova Biosciences,169.7,56.9,495.0,False,False,False,False,MISSING_CATEGORICAL_FIELD | UNKNOWN_REGION
2024-09-09,141,2024,,  Diabetes  ,Insulyn,Insulara Biotech,268.0,76.6,722,,Diabetes,Insulyn,Insulara Biotech,True,2024-09-09,2024-09-09,2024,37,2024-W37,False,Unknown,Diabetes,Insulyn,Insulara Biotech,268.0,76.6,722.0,False,False,False,False,MISSING_CATEGORICAL_FIELD | UNKNOWN_REGION
13/02/2023,59,2023,,  Diabetes  ,Glucotend,Glucera Health,145.3,52.4,440,,Diabetes,Glucotend,Glucera Health,True,2023-02-13,2023-02-13,2023,7,2023-W07,False,Unknown,Diabetes,Glucotend,Glucera Health,145.3,52.4,440.0,False,False,False,False,MISSING_CATEGORICAL_FIELD | UNKNOWN_REGION
08/08/2022,32,2022,,cardiology,Cordamet,Meditrix Labs,168.9,39.1,475,,cardiology,Cordamet,Meditrix Labs,True,2022-08-08,2022-08-08,2022,32,2022-W32,False,Unknown,Cardiology,Cordamet,Meditrix Labs,168.9,39.1,475.0,False,False,False,False,MISSING_CATEGORICAL_FIELD | UNKNOWN_REGION
06/12/2023,76,2023,rajasthan,  Diabetes  ,Metforal,,88.3,16.4,278,rajasthan,Diabetes,Metforal,,True,2023-06-12,2023-06-12,2023,24,2023-W24,False,Rajasthan,Diabetes,Metforal,Unknown,88.3,16.4,278.0,False,False,False,False,MISSING_CATEGORICAL_FIELD | UNKNOWN_BRAND
20-Oct-2025,199,2025,,respiratory,Respivan,Aerovant Pharma,208.1,40.4,544,,respiratory,Respivan,Aerovant Pharma,True,2025-10-20,2025-10-20,2025,43,2025-W43,False,Unknown,Respiratory,Respivan,Aerovant Pharma,208.1,40.4,544.0,False,False,False,False,MISSING_CATEGORICAL_FIELD | UNKNOWN_REGION
06/06/2022,23,2022,  Gujarat  ,respiratory,Respivan,,243.9,60.1,652,Gujarat,respiratory,Respivan,,True,2022-06-06,2022-06-06,2022,23,2022-W23,False,Gujarat,Respiratory,Respivan,Unknown,243.9,60.1,652.0,False,False,False,False,MISSING_CATEGORICAL_FIELD | UNKNOWN_BRAND
2023/02/27,61,2023,  Maharashtra  ,  Cardiology  ,Cardivex,,147.6,49.1,416,Maharashtra,Cardiology,Cardivex,,True,2023-02-27,2023-02-27,2023,9,2023-W09,False,Maharashtra,Cardiology,Cardivex,Unknown,147.6,49.1,416.0,False,False,False,False,MISSING_CATEGORICAL_FIELD | UNKNOWN_BRAND
2025-04-14,172,2025,kerala,respiratory,Airovent,,68.6,17.1,183,kerala,respiratory,Airovent,,True,2025-04-14,2025-04-14,2025,16,2025-W16,False,Kerala,Respiratory,Airovent,Unknown,68.6,17.1,183.0,False,False,False,False,MISSING_CATEGORICAL_FIELD | UNKNOWN_BRAND
20-Oct-2025,199,2025,,diabetes,Metforal,Novanta Pharma,179.0,63.1,471,,diabetes,Metforal,Novanta Pharma,True,2025-10-20,2025-10-20,2025,43,2025-W43,False,Unknown,Diabetes,Metforal,Novanta Pharma,179.0,63.1,471.0,False,False,False,False,MISSING_CATEGORICAL_FIELD | UNKNOWN_REGION
09-Jan-2023,54,2023,  Gujarat  ,Diabetes,Glucotend,,168.4,42.8,428,Gujarat,Diabetes,Glucotend,,True,2023-01-09,2023-01-09,2023,2,2023-W02,False,Gujarat,Diabetes,Glucotend,Unknown,168.4,42.8,428.0,False,False,False,False,MISSING_CATEGORICAL_FIELD | UNKNOWN_BRAND
24-Nov-2025,204,2025,,  Respiratory  ,Respivan,Aerovant Pharma,155.0,18.0,507,,Respiratory,Respivan,Aerovant Pharma,True,2025-11-24,2025-11-24,2025,48,2025-W48,False,Unknown,Respiratory,Respivan,Aerovant Pharma,155.0,18.0,507.0,False,False,False,False,MISSING_CATEGORICAL_FIELD | UNKNOWN_REGION
03/02/2025,162,2025,MAHARASHTRA,diabetes,Metforal,,255.3,52.9,748,MAHARASHTRA,diabetes,Metforal,,True,2025-02-03,2025-02-03,2025,6,2025-W06,False,Maharashtra,Diabetes,Metforal,Unknown,255.3,52.9,748.0,False,False,False,False,MISSING_CATEGORICAL_FIELD | UNKNOWN_BRAND
01/08/2024,106,2024,West Bengal,Diabetes,Glucotend,,223.5,66.9,727,West Bengal,Diabetes,Glucotend,,True,2024-01-08,2024-01-08,2024,2,2024-W02,False,West Bengal,Diabetes,Glucotend,Unknown,223.5,66.9,727.0,False,False,False,False,MISSING_CATEGORICAL_FIELD | UNKNOWN_BRAND
21/02/2022,8,2022,Tamil Ndu,Diabetes,Insulyn,,404.2,80.9,1051,Tamil Ndu,Diabetes,Insulyn,,True,2022-02-21,2022-02-21,2022,8,2022-W08,False,Tamil Nadu,Diabetes,Insulyn,Unknown,404.2,80.9,1051.0,False,False,False,False,MISSING_CATEGORICAL_FIELD | UNKNOWN_BRAND
2022/04/18,16,2022,,CARDIOLOGY,Cardivex,Corvyx Pharma,282.7,76.5,749,,CARDIOLOGY,Cardivex,Corvyx Pharma,True,2022-04-18,2022-04-18,2022,16,2022-W16,False,Unknown,Cardiology,Cardivex,Corvyx Pharma,282.7,76.5,749.0,False,False,False,False,MISSING_CATEGORICAL_FIELD | UNKNOWN_REGION
28-Aug-2023,87,2023,WestBengal,Diabetes,Insulyn,,263.6,68.7,895,WestBengal,Diabetes,Insulyn,,True,2023-08-28,2023-08-28,2023,35,2023-W35,False,West Bengal,Diabetes,Insulyn,Unknown,263.6,68.7,895.0,False,False,False,False,MISSING_CATEGORICAL_FIELD | UNKNOWN_BRAND
09-Sep-2024,141,2024,Delhi,  Respiratory  ,Bronchel,,197.0,54.9,631,Delhi,Respiratory,Bronchel,,True,2024-09-09,2024-09-09,2024,37,2024-W37,False,Delhi,Respiratory,Bronchel,Unknown,197.0,54.9,631.0,False,False,False,False,MISSING_CATEGORICAL_FIELD | UNKNOWN_BRAND
06/06/2022,23,2022,,  Diabetes  ,Glucotend,Glucera Health,198.3,46.4,501,,Diabetes,Glucotend,Glucera Health,True,2022-06-06,2022-06-06,2022,23,2022-W23,False,Unknown,Diabetes,Glucotend,Glucera Health,198.3,46.4,501.0,False,False,False,False,MISSING_CATEGORICAL_FIELD | UNKNOWN_REGION
19-May-2025,177,2025,TELANGANA,RESPIRATORY,Respivan,,137.4,45.2,344,TELANGANA,RESPIRATORY,Respivan,,True,2025-05-19,2025-05-19,2025,21,2025-W21,False,Telangana,Respiratory,Respivan,Unknown,137.4,45.2,344.0,False,False,False,False,MISSING_CATEGORICAL_FIELD | UNKNOWN_BRAND
12/11/2023,102,2023,,cardiology,Cordamet,Meditrix Labs,155.4,41.8,523,,cardiology,Cordamet,Meditrix Labs,True,2023-12-11,2023-12-11,2023,50,2023-W50,False,Unknown,Cardiology,Cordamet,Meditrix Labs,155.4,41.8,523.0,False,False,False,False,MISSING_CATEGORICAL_FIELD | UNKNOWN_REGION
05/22/2023,73,2023,,Respiratory,Bronchel,Breathex Labs,232.0,63.3,777,,Respiratory,Bronchel,Breathex Labs,True,2023-05-22,2023-05-22,2023,21,2023-W21,False,Unknown,Respiratory,Bronchel,Breathex Labs,232.0,63.3,777.0,False,False,False,False,MISSING_CATEGORICAL_FIELD | UNKNOWN_REGION
16-Dec-2024,155,2024,  West Bengal  ,respiratory,Bronchel,,202.9,72.4,594,West Bengal,respiratory,Bronchel,,True,2024-12-16,2024-12-16,2024,51,2024-W51,False,West Bengal,Respiratory,Bronchel,Unknown,202.9,72.4,594.0,False,False,False,False,MISSING_CATEGORICAL_FIELD | UNKNOWN_BRAND
01/08/2022,31,2022,delhi,cardiology,Cardivex,,256.3,46.3,859,delhi,cardiology,Cardivex,,True,2022-08-01,2022-08-01,2022,31,2022-W31,False,Delhi,Cardiology,Cardivex,Unknown,256.3,46.3,859.0,False,False,False,False,MISSING_CATEGORICAL_FIELD | UNKNOWN_BRAND
2024/05/06,123,2024,  Rajasthan  ,  Respiratory  ,Airovent,,81.0,23.1,236,Rajasthan,Respiratory,Airovent,,True,2024-05-06,2024-05-06,2024,19,2024-W19,False,Rajasthan,Respiratory,Airovent,Unknown,81.0,23.1,236.0,False,False,False,False,MISSING_CATEGORICAL_FIELD | UNKNOWN_BRAND
2023/06/26,78,2023,,  Diabetes  ,Metforal,Novanta Pharma,,32.0,413,,Diabetes,Metforal,Novanta Pharma,True,2023-06-26,2023-06-26,2023,26,2023-W26,False,Unknown,Diabetes,Metforal,Novanta Pharma,,32.0,413.0,False,True,False,False,MISSING_CATEGORICAL_FIELD | UNKNOWN_REGION
04/25/2022,17,2022,,Respiratory,Airovent,Pulmovia Therapeutics,89.0,28.3,285,,Respiratory,Airovent,Pulmovia Therapeutics,True,2022-04-25,2022-04-25,2022,17,2022-W17,False,Unknown,Respiratory,Airovent,Pulmovia Therapeutics,89.0,28.3,285.0,False,False,False,False,MISSING_CATEGORICAL_FIELD | UNKNOWN_REGION
29-Sep-2025,196,2025,West Bengal,  Cardiology  ,Vascolin,,203.8,64.7,686,West Bengal,Cardiology,Vascolin,,True,2025-09-29,2025-09-29,2025,40,2025-W40,False,West Bengal,Cardiology,Vascolin,Unknown,203.8,64.7,686.0,False,False,False,False,MISSING_CATEGORICAL_FIELD | UNKNOWN_BRAND
10/06/2025,197,2025,,  Cardiology  ,Vascolin,Zenova Biosciences,177.5,49.4,548,,Cardiology,Vascolin,Zenova Biosciences,True,2025-10-06,2025-10-06,2025,41,2025-W41,False,Unknown,Cardiology,Vascolin,Zenova Biosciences,177.5,49.4,548.0,False,False,False,False,MISSING_CATEGORICAL_FIELD | UNKNOWN_REGION
2025/11/24,204,2025,Maharashtra,  Respiratory  ,Airovent,,182.7,45.1,612,Maharashtra,Respiratory,Airovent,,True,2025-11-24,2025-11-24,2025,48,2025-W48,False,Maharashtra,Respiratory,Airovent,Unknown,182.7,45.1,612.0,False,False,False,False,MISSING_CATEGORICAL_FIELD | UNKNOWN_BRAND
2024-10-14,146,2024,  Karnataka  ,Respiratory,Bronchel,,182.3,59.2,510,Karnataka,Respiratory,Bronchel,,True,2024-10-14,2024-10-14,2024,42,2024-W42,False,Karnataka,Respiratory,Bronchel,Unknown,182.3,59.2,510.0,False,False,False,False,MISSING_CATEGORICAL_FIELD | UNKNOWN_BRAND
02/03/2025,162,2025,rajasthan,  Cardiology  ,Cordamet,,157.7,44.9,437,rajasthan,Cardiology,Cordamet,,True,2025-02-03,2025-02-03,2025,6,2025-W06,False,Rajasthan,Cardiology,Cordamet,Unknown,157.7,44.9,437.0,False,False,False,False,MISSING_CATEGORICAL_FIELD | UNKNOWN_BRAND
12/12/2022,50,2022,,diabetes,Metforal,Novanta Pharma,263.7,100.8,816,,diabetes,Metforal,Novanta Pharma,True,2022-12-12,2022-12-12,2022,50,2022-W50,False,Unknown,Diabetes,Metforal,Novanta Pharma,263.7,100.8,816.0,False,False,False,False,MISSING_CATEGORICAL_FIELD | UNKNOWN_REGION
09/09/2024,141,2024,  Rajasthan  ,Respiratory,Respivan,,142.6,29.9,,Rajasthan,Respiratory,Respivan,,True,2024-09-09,2024-09-09,2024,37,2024-W37,False,Rajasthan,Respiratory,Respivan,Unknown,142.6,29.9,,False,True,False,False,MISSING_CATEGORICAL_FIELD | UNKNOWN_BRAND
04/07/2022,27,2022,,cardiology,Cordamet,Meditrix Labs,163.7,42.3,529,,cardiology,Cordamet,Meditrix Labs,True,2022-07-04,2022-07-04,2022,27,2022-W27,False,Unknown,Cardiology,Cordamet,Meditrix Labs,163.7,42.3,529.0,False,False,False,False,MISSING_CATEGORICAL_FIELD | UNKNOWN_REGION
19-Jun-2023,77,2023,rajasthan,DIABETES,Metforal,,114.4,21.6,356,rajasthan,DIABETES,Metforal,,True,2023-06-19,2023-06-19,2023,25,2023-W25,False,Rajasthan,Diabetes,Metforal,Unknown,114.4,21.6,356.0,False,False,False,False,MISSING_CATEGORICAL_FIELD | UNKNOWN_BRAND
07/07/2025,184,2025,,  Cardiology  ,Cardivex,Corvyx Pharma,,33.4,422,,Cardiology,Cardivex,Corvyx Pharma,True,2025-07-07,2025-07-07,2025,28,2025-W28,False,Unknown,Cardiology,Cardivex,Corvyx Pharma,,33.4,422.0,False,True,False,False,MISSING_CATEGORICAL_FIELD | UNKNOWN_REGION
2022-05-09,19,2022,kerala,  Respiratory  ,Respivan,,216.7,61.9,590,kerala,Respiratory,Respivan,,True,2022-05-09,2022-05-09,2022,19,2022-W19,False,Kerala,Respiratory,Respivan,Unknown,216.7,61.9,590.0,False,False,False,False,MISSING_CATEGORICAL_FIELD | UNKNOWN_BRAND
2024/08/26,139,2024,Kerala,Diabetes,Insulyn,,241.0,55.7,807,Kerala,Diabetes,Insulyn,,True,2024-08-26,2024-08-26,2024,35,2024-W35,False,Kerala,Diabetes,Insulyn,Unknown,241.0,55.7,807.0,False,False,False,False,MISSING_CATEGORICAL_FIELD | UNKNOWN_BRAND
2024-02-26,113,2024,maharashtra,DIABETES,Glucotend,,441.0,132.4,1492,maharashtra,DIABETES,Glucotend,,True,2024-02-26,2024-02-26,2024,9,2024-W09,False,Maharashtra,Diabetes,Glucotend,Unknown,441.0,132.4,1492.0,False,False,False,False,MISSING_CATEGORICAL_FIELD | UNKNOWN_BRAND
2024-11-18,151,2024,delhi,  Respiratory  ,Respivan,,109.8,30.0,314,delhi,Respiratory,Respivan,,True,2024-11-18,2024-11-18,2024,47,2024-W47,False,Delhi,Respiratory,Respivan,Unknown,109.8,30.0,314.0,False,False,False,False,MISSING_CATEGORICAL_FIELD | UNKNOWN_BRAND
21/04/2025,173,2025,,Cardiology,Cardivex,Corvyx Pharma,139.9,47.0,376,,Cardiology,Cardivex,Corvyx Pharma,True,2025-04-21,2025-04-21,2025,17,2025-W17,False,Unknown,Cardiology,Cardivex,Corvyx Pharma,139.9,47.0,376.0,False,False,False,False,MISSING_CATEGORICAL_FIELD | UNKNOWN_REGION
04-Sep-2023,88,2023,,CARDIOLOGY,Cardivex,Corvyx Pharma,201.1,54.7,617,,CARDIOLOGY,Cardivex,Corvyx Pharma,True,2023-09-04,2023-09-04,2023,36,2023-W36,False,Unknown,Cardiology,Cardivex,Corvyx Pharma,201.1,54.7,617.0,False,False,False,False,MISSING_CATEGORICAL_FIELD | UNKNOWN_REGION
21-Feb-2022,8,2022,,RESPIRATORY,Airovent,Pulmovia Therapeutics,159.7,35.2,502,,RESPIRATORY,Airovent,Pulmovia Therapeutics,True,2022-02-21,2022-02-21,2022,8,2022-W08,False,Unknown,Respiratory,Airovent,Pulmovia Therapeutics,159.7,35.2,502.0,False,False,False,False,MISSING_CATEGORICAL_FIELD | UNKNOWN_REGION
22/08/2022,34,2022,,CARDIOLOGY,Vascolin,Zenova Biosciences,274.0,79.0,904,,CARDIOLOGY,Vascolin,Zenova Biosciences,True,2022-08-22,2022-08-22,2022,34,2022-W34,False,Unknown,Cardiology,Vascolin,Zenova Biosciences,274.0,79.0,904.0,False,False,False,False,MISSING_CATEGORICAL_FIELD | UNKNOWN_REGION
2022-09-26,39,2022,,  Respiratory  ,Bronchel,Breathex Labs,192.9,43.0,531,,Respiratory,Bronchel,Breathex Labs,True,2022-09-26,2022-09-26,2022,39,2022-W39,False,Unknown,Respiratory,Bronchel,Breathex Labs,192.9,43.0,531.0,False,False,False,False,MISSING_CATEGORICAL_FIELD | UNKNOWN_REGION
2024/03/25,117,2024,W. Bengal,RESPIRATORY,Respivan,,119.0,32.5,382,W. Bengal,RESPIRATORY,Respivan,,True,2024-03-25,2024-03-25,2024,13,2024-W13,False,West Bengal,Respiratory,Respivan,Unknown,119.0,32.5,382.0,False,False,False,False,MISSING_CATEGORICAL_FIELD | UNKNOWN_BRAND
05/15/2023,72,2023,Andhra Pradesh,Respiratory,Airovent,,103.1,18.2,314,Andhra Pradesh,Respiratory,Airovent,,True,2023-05-15,2023-05-15,2023,20,2023-W20,False,Andhra Pradesh,Respiratory,Airovent,Unknown,103.1,18.2,314.0,False,False,False,False,MISSING_CATEGORICAL_FIELD | UNKNOWN_BRAND
20/05/2024,125,2024,TAMIL NADU,Cardiology,Vascolin,,295.9,77.4,,TAMIL NADU,Cardiology,Vascolin,,True,2024-05-20,2024-05-20,2024,21,2024-W21,False,Tamil Nadu,Cardiology,Vascolin,Unknown,295.9,77.4,,False,True,False,False,MISSING_CATEGORICAL_FIELD | UNKNOWN_BRAND
10-Mar-2025,167,2025,,Cardiology,Cordamet,Meditrix Labs,189.3,37.3,628,,Cardiology,Cordamet,Meditrix Labs,True,2025-03-10,2025-03-10,2025,11,2025-W11,False,Unknown,Cardiology,Cordamet,Meditrix Labs,189.3,37.3,628.0,False,False,False,False,MISSING_CATEGORICAL_FIELD | UNKNOWN_REGION
2024-07-08,132,2024,karnataka,RESPIRATORY,Bronchel,,251.8,59.8,652,karnataka,RESPIRATORY,Bronchel,,True,2024-07-08,2024-07-08,2024,28,2024-W28,False,Karnataka,Respiratory,Bronchel,Unknown,251.8,59.8,652.0,False,False,False,False,MISSING_CATEGORICAL_FIELD | UNKNOWN_BRAND
2025/01/20,160,2025,  Telangana  ,CARDIOLOGY,Cordamet,,177.9,40.4,455,Telangana,CARDIOLOGY,Cordamet,,True,2025-01-20,2025-01-20,2025,4,2025-W04,False,Telangana,Cardiology,Cordamet,Unknown,177.9,40.4,455.0,False,False,False,False,MISSING_CATEGORICAL_FIELD | UNKNOWN_BRAND
02-Jun-2025,179,2025,,  Diabetes  ,Metforal,Novanta Pharma,126.3,31.7,410,,Diabetes,Metforal,Novanta Pharma,True,2025-06-02,2025-06-02,2025,23,2025-W23,False,Unknown,Diabetes,Metforal,Novanta Pharma,126.3,31.7,410.0,False,False,False,False,MISSING_CATEGORICAL_FIELD | UNKNOWN_REGION
2022/12/05,49,2022,,  Cardiology  ,Vascolin,Zenova Biosciences,307.2,80.0,962,,Cardiology,Vascolin,Zenova Biosciences,True,2022-12-05,2022-12-05,2022,49,2022-W49,False,Unknown,Cardiology,Vascolin,Zenova Biosciences,307.2,80.0,962.0,False,False,False,False,MISSING_CATEGORICAL_FIELD | UNKNOWN_REGION
06/24/2024,130,2024,,Respiratory,Airovent,Pulmovia Therapeutics,89.4,20.9,293,,Respiratory,Airovent,Pulmovia Therapeutics,True,2024-06-24,2024-06-24,2024,26,2024-W26,False,Unknown,Respiratory,Airovent,Pulmovia Therapeutics,89.4,20.9,293.0,False,False,False,False,MISSING_CATEGORICAL_FIELD | UNKNOWN_REGION
22/05/2023,73,2023,karnataka,diabetes,Metforal,,159.9,32.5,449,karnataka,diabetes,Metforal,,True,2023-05-22,2023-05-22,2023,21,2023-W21,False,Karnataka,Diabetes,Metforal,Unknown,159.9,32.5,449.0,False,False,False,False,MISSING_CATEGORICAL_FIELD | UNKNOWN_BRAND
2025/09/08,193,2025,,RESPIRATORY,Bronchel,Breathex Labs,201.0,66.9,556,,RESPIRATORY,Bronchel,Breathex Labs,True,2025-09-08,2025-09-08,2025,37,2025-W37,False,Unknown,Respiratory,Bronchel,Breathex Labs,201.0,66.9,556.0,False,False,False,False,MISSING_CATEGORICAL_FIELD | UNKNOWN_REGION
2023-05-01,70,2023,,CARDIOLOGY,Cardivex,Corvyx Pharma,133.5,38.8,431,,CARDIOLOGY,Cardivex,Corvyx Pharma,True,2023-05-01,2023-05-01,2023,18,2023-W18,False,Unknown,Cardiology,Cardivex,Corvyx Pharma,133.5,38.8,431.0,False,False,False,False,MISSING_CATEGORICAL_FIELD | UNKNOWN_REGION
02/10/2023,92,2023,KERALA,Cardiology,Cordamet,,141.4,54.2,404,KERALA,Cardiology,Cordamet,,True,2023-10-02,2023-10-02,2023,40,2023-W40,False,Kerala,Cardiology,Cordamet,Unknown,141.4,54.2,404.0,False,False,False,False,MISSING_CATEGORICAL_FIELD | UNKNOWN_BRAND
10-Nov-2025,202,2025,TN,CARDIOLOGY,Vascolin,,258.9,78.4,661,TN,CARDIOLOGY,Vascolin,,True,2025-11-10,2025-11-10,2025,46,2025-W46,False,Tamil Nadu,Cardiology,Vascolin,Unknown,258.9,78.4,661.0,False,False,False,False,MISSING_CATEGORICAL_FIELD | UNKNOWN_BRAND
2022-08-22,34,2022,,respiratory,Bronchel,Breathex Labs,159.3,44.1,493,,respiratory,Bronchel,Breathex Labs,True,2022-08-22,2022-08-22,2022,34,2022-W34,False,Unknown,Respiratory,Bronchel,Breathex Labs,159.3,44.1,493.0,False,False,False,True,MISSING_CATEGORICAL_FIELD | UNKNOWN_REGION | DUPLICATE_RECORD
21/08/2023,86,2023,,  Respiratory  ,Respivan,Aerovant Pharma,137.0,29.7,459,,Respiratory,Respivan,Aerovant Pharma,True,2023-08-21,2023-08-21,2023,34,2023-W34,False,Unknown,Respiratory,Respivan,Aerovant Pharma,137.0,29.7,459.0,False,False,False,True,MISSING_CATEGORICAL_FIELD | UNKNOWN_REGION | DUPLICATE_RECORD
21-Aug-2023,86,2023,,  Diabetes  ,Metforal,Novanta Pharma,218.2,44.7,692,,Diabetes,Metforal,Novanta Pharma,True,2023-08-21,2023-08-21,2023,34,2023-W34,False,Unknown,Diabetes,Metforal,Novanta Pharma,218.2,44.7,692.0,False,False,False,False,MISSING_CATEGORICAL_FIELD | UNKNOWN_REGION
09/08/2025,193,2025,W. Bengal,Cardiology,Cardivex,,152.3,30.9,423,W. Bengal,Cardiology,Cardivex,,True,2025-09-08,2025-09-08,2025,37,2025-W37,False,West Bengal,Cardiology,Cardivex,Unknown,152.3,30.9,423.0,False,False,False,False,MISSING_CATEGORICAL_FIELD | UNKNOWN_BRAND
11/20/2023,99,2023,,  Cardiology  ,Cardivex,Corvyx Pharma,,60.2,608,,Cardiology,Cardivex,Corvyx Pharma,True,2023-11-20,2023-11-20,2023,47,2023-W47,False,Unknown,Cardiology,Cardivex,Corvyx Pharma,,60.2,608.0,False,True,False,False,MISSING_CATEGORICAL_FIELD | UNKNOWN_REGION
2023/06/26,78,2023,Gujarat,  Diabetes  ,Glucotend,,253.6,74.2,702,Gujarat,Diabetes,Glucotend,,True,2023-06-26,2023-06-26,2023,26,2023-W26,False,Gujarat,Diabetes,Glucotend,Unknown,253.6,74.2,702.0,False,False,False,False,MISSING_CATEGORICAL_FIELD | UNKNOWN_BRAND
09/19/2022,38,2022,RAJASTHAN,Diabetes,Insulyn,,145.4,37.1,399,RAJASTHAN,Diabetes,Insulyn,,True,2022-09-19,2022-09-19,2022,38,2022-W38,False,Rajasthan,Diabetes,Insulyn,Unknown,145.4,37.1,399.0,False,False,False,False,MISSING_CATEGORICAL_FIELD | UNKNOWN_BRAND
2024/04/29,122,2024,,diabetes,Glucotend,Glucera Health,366.1,64.5,1163,,diabetes,Glucotend,Glucera Health,True,2024-04-29,2024-04-29,2024,18,2024-W18,False,Unknown,Diabetes,Glucotend,Glucera Health,366.1,64.5,1163.0,False,False,False,False,MISSING_CATEGORICAL_FIELD | UNKNOWN_REGION
2022/01/10,2,2022,  Telangana  ,cardiology,Cardivex,,195.4,59.3,608,Telangana,cardiology,Cardivex,,True,2022-01-10,2022-01-10,2022,2,2022-W02,False,Telangana,Cardiology,Cardivex,Unknown,195.4,59.3,608.0,False,False,False,False,MISSING_CATEGORICAL_FIELD | UNKNOWN_BRAND
04/24/2023,69,2023,,respiratory,Airovent,Pulmovia Therapeutics,155.6,38.9,444,,respiratory,Airovent,Pulmovia Therapeutics,True,2023-04-24,2023-04-24,2023,17,2023-W17,False,Unknown,Respiratory,Airovent,Pulmovia Therapeutics,155.6,38.9,444.0,False,False,False,False,MISSING_CATEGORICAL_FIELD | UNKNOWN_REGION
2023-02-20,60,2023,,DIABETES,Metforal,Novanta Pharma,341.9,86.4,,,DIABETES,Metforal,Novanta Pharma,True,2023-02-20,2023-02-20,2023,8,2023-W08,False,Unknown,Diabetes,Metforal,Novanta Pharma,341.9,86.4,,False,True,False,False,MISSING_CATEGORICAL_FIELD | UNKNOWN_REGION
10-Jul-2023,80,2023,Telangana,RESPIRATORY,Airovent,,112.0,24.5,362,Telangana,RESPIRATORY,Airovent,,True,2023-07-10,2023-07-10,2023,28,2023-W28,False,Telangana,Respiratory,Airovent,Unknown,112.0,24.5,362.0,False,False,False,False,MISSING_CATEGORICAL_FIELD | UNKNOWN_BRAND
2023-05-08,71,2023,,  Cardiology  ,Vascolin,Zenova Biosciences,335.3,89.4,984,,Cardiology,Vascolin,Zenova Biosciences,True,2023-05-08,2023-05-08,2023,19,2023-W19,False,Unknown,Cardiology,Vascolin,Zenova Biosciences,335.3,89.4,984.0,False,False,False,False,MISSING_CATEGORICAL_FIELD | UNKNOWN_REGION
04/29/2024,122,2024,,CARDIOLOGY,Cardivex,Corvyx Pharma,134.8,38.7,397,,CARDIOLOGY,Cardivex,Corvyx Pharma,True,2024-04-29,2024-04-29,2024,18,2024-W18,False,Unknown,Cardiology,Cardivex,Corvyx Pharma,134.8,38.7,397.0,False,False,False,False,MISSING_CATEGORICAL_FIELD | UNKNOWN_REGION
2025/01/06,158,2025,,respiratory,Bronchel,Breathex Labs,174.7,37.5,449,,respiratory,Bronchel,Breathex Labs,True,2025-01-06,2025-01-06,2025,2,2025-W02,False,Unknown,Respiratory,Bronchel,Breathex Labs,174.7,37.5,449.0,False,False,False,False,MISSING_CATEGORICAL_FIELD | UNKNOWN_REGION
01/29/2024,109,2024,tamil nadu,DIABETES,Glucotend,,314.3,73.8,938,tamil nadu,DIABETES,Glucotend,,True,2024-01-29,2024-01-29,2024,5,2024-W05,False,Tamil Nadu,Diabetes,Glucotend,Unknown,314.3,73.8,938.0,False,False,False,False,MISSING_CATEGORICAL_FIELD | UNKNOWN_BRAND
2024-10-28,148,2024,,cardiology,Cordamet,Meditrix Labs,334.8,82.8,1032,,cardiology,Cordamet,Meditrix Labs,True,2024-10-28,2024-10-28,2024,44,2024-W44,False,Unknown,Cardiology,Cordamet,Meditrix Labs,334.8,82.8,1032.0,False,False,False,False,MISSING_CATEGORICAL_FIELD | UNKNOWN_REGION
19-Sep-2022,38,2022,,CARDIOLOGY,Cardivex,Corvyx Pharma,171.7,32.7,496,,CARDIOLOGY,Cardivex,Corvyx Pharma,True,2022-09-19,2022-09-19,2022,38,2022-W38,False,Unknown,Cardiology,Cardivex,Corvyx Pharma,171.7,32.7,496.0,False,False,False,False,MISSING_CATEGORICAL_FIELD | UNKNOWN_REGION
28/08/2023,87,2023,Gujarat,CARDIOLOGY,Cardivex,,223.9,50.2,599,Gujarat,CARDIOLOGY,Cardivex,,True,2023-08-28,2023-08-28,2023,35,2023-W35,False,Gujarat,Cardiology,Cardivex,Unknown,223.9,50.2,599.0,False,False,False,False,MISSING_CATEGORICAL_FIELD | UNKNOWN_BRAND
2022-03-21,12,2022,,  Respiratory  ,Respivan,Aerovant Pharma,128.1,35.3,420,,Respiratory,Respivan,Aerovant Pharma,True,2022-03-21,2022-03-21,2022,12,2022-W12,False,Unknown,Respiratory,Respivan,Aerovant Pharma,128.1,35.3,420.0,False,False,False,False,MISSING_CATEGORICAL_FIELD | UNKNOWN_REGION
2025-12-22,208,2025,,  Diabetes  ,Metforal,,146.3,31.7,453,,Diabetes,Metforal,,True,2025-12-22,2025-12-22,2025,52,2025-W52,False,Unknown,Diabetes,Metforal,Unknown,146.3,31.7,453.0,False,False,False,False,MISSING_CATEGORICAL_FIELD | UNKNOWN_REGION | UNKNOWN_BRAND
13-May-2024,124,2024,,RESPIRATORY,Bronchel,Breathex Labs,307.8,80.8,782,,RESPIRATORY,Bronchel,Breathex Labs,True,2024-05-13,2024-05-13,2024,20,2024-W20,False,Unknown,Respiratory,Bronchel,Breathex Labs,307.8,80.8,782.0,False,False,False,False,MISSING_CATEGORICAL_FIELD | UNKNOWN_REGION
2024-04-08,119,2024,Karnatka,diabetes,Insulyn,,173.5,47.5,478,Karnatka,diabetes,Insulyn,,True,2024-04-08,2024-04-08,2024,15,2024-W15,False,Karnataka,Diabetes,Insulyn,Unknown,173.5,47.5,478.0,False,False,False,False,MISSING_CATEGORICAL_FIELD | UNKNOWN_BRAND
12/12/2022,50,2022,,RESPIRATORY,Airovent,Pulmovia Therapeutics,163.4,50.0,426,,RESPIRATORY,Airovent,Pulmovia Therapeutics,True,2022-12-12,2022-12-12,2022,50,2022-W50,False,Unknown,Respiratory,Airovent,Pulmovia Therapeutics,163.4,50.0,426.0,False,False,False,False,MISSING_CATEGORICAL_FIELD | UNKNOWN_REGION
2024-03-11,115,2024,Rajasthan,  Diabetes  ,Insulyn,,180.4,46.1,506,Rajasthan,Diabetes,Insulyn,,True,2024-03-11,2024-03-11,2024,11,2024-W11,False,Rajasthan,Diabetes,Insulyn,Unknown,180.4,46.1,506.0,False,False,False,False,MISSING_CATEGORICAL_FIELD | UNKNOWN_BRAND
2022-07-25,30,2022,,Diabetes,Metforal,Novanta Pharma,179.8,39.8,531,,Diabetes,Metforal,Novanta Pharma,True,2022-07-25,2022-07-25,2022,30,2022-W30,False,Unknown,Diabetes,Metforal,Novanta Pharma,179.8,39.8,531.0,False,False,False,False,MISSING_CATEGORICAL_FIELD | UNKNOWN_REGION
2022/03/07,10,2022,,DIABETES,Insulyn,Insulara Biotech,253.1,32.0,798,,DIABETES,Insulyn,Insulara Biotech,True,2022-03-07,2022-03-07,2022,10,2022-W10,False,Unknown,Diabetes,Insulyn,Insulara Biotech,253.1,32.0,798.0,False,False,False,False,MISSING_CATEGORICAL_FIELD | UNKNOWN_REGION
24-Mar-2025,169,2025,  Kerala  ,  Diabetes  ,Insulyn,,212.3,42.9,721,Kerala,Diabetes,Insulyn,,True,2025-03-24,2025-03-24,2025,13,2025-W13,False,Kerala,Diabetes,Insulyn,Unknown,212.3,42.9,721.0,False,False,False,False,MISSING_CATEGORICAL_FIELD | UNKNOWN_BRAND
10/27/2025,200,2025,karnataka,DIABETES,Glucotend,,334.7,89.9,1065,karnataka,DIABETES,Glucotend,,True,2025-10-27,2025-10-27,2025,44,2025-W44,False,Karnataka,Diabetes,Glucotend,Unknown,334.7,89.9,1065.0,False,False,False,False,MISSING_CATEGORICAL_FIELD | UNKNOWN_BRAND
2023-05-08,71,2023,,DIABETES,Glucotend,Glucera Health,285.4,99.0,805,,DIABETES,Glucotend,Glucera Health,True,2023-05-08,2023-05-08,2023,19,2023-W19,False,Unknown,Diabetes,Glucotend,Glucera Health,285.4,99.0,805.0,False,False,False,False,MISSING_CATEGORICAL_FIELD | UNKNOWN_REGION
07/22/2024,134,2024,Rajasthan,Respiratory,Respivan,,160.0,40.7,462,Rajasthan,Respiratory,Respivan,,True,2024-07-22,2024-07-22,2024,30,2024-W30,False,Rajasthan,Respiratory,Respivan,Unknown,160.0,40.7,462.0,False,False,False,False,MISSING_CATEGORICAL_FIELD | UNKNOWN_BRAND
17/04/2023,68,2023,Gujarat,  Respiratory  ,Respivan,,175.0,35.0,477,Gujarat,Respiratory,Respivan,,True,2023-04-17,2023-04-17,2023,16,2023-W16,False,Gujarat,Respiratory,Respivan,Unknown,175.0,35.0,477.0,False,False,False,False,MISSING_CATEGORICAL_FIELD | UNKNOWN_BRAND
02/28/2022,9,2022,,respiratory,Bronchel,Breathex Labs,248.3,51.2,696,,respiratory,Bronchel,Breathex Labs,True,2022-02-28,2022-02-28,2022,9,2022-W09,False,Unknown,Respiratory,Bronchel,Breathex Labs,248.3,51.2,696.0,False,False,False,False,MISSING_CATEGORICAL_FIELD | UNKNOWN_REGION
23/09/2024,143,2024,Tamil Ndu,diabetes,Glucotend,,300.2,84.5,869,Tamil Ndu,diabetes,Glucotend,,True,2024-09-23,2024-09-23,2024,39,2024-W39,False,Tamil Nadu,Diabetes,Glucotend,Unknown,300.2,84.5,869.0,False,False,False,False,MISSING_CATEGORICAL_FIELD | UNKNOWN_BRAND
2024/10/21,147,2024,GUJARAT,RESPIRATORY,Bronchel,,179.8,59.3,509,GUJARAT,RESPIRATORY,Bronchel,,True,2024-10-21,2024-10-21,2024,43,2024-W43,False,Gujarat,Respiratory,Bronchel,Unknown,179.8,59.3,509.0,False,False,False,False,MISSING_CATEGORICAL_FIELD | UNKNOWN_BRAND
24/06/2024,130,2024,Karnataka,Respiratory,Airovent,,75.6,15.6,240,Karnataka,Respiratory,Airovent,,True,2024-06-24,2024-06-24,2024,26,2024-W26,False,Karnataka,Respiratory,Airovent,Unknown,75.6,15.6,240.0,False,False,False,False,MISSING_CATEGORICAL_FIELD | UNKNOWN_BRAND
27-Jun-2022,26,2022,,RESPIRATORY,Bronchel,Breathex Labs,135.9,26.4,426,,RESPIRATORY,Bronchel,Breathex Labs,True,2022-06-27,2022-06-27,2022,26,2022-W26,False,Unknown,Respiratory,Bronchel,Breathex Labs,135.9,26.4,426.0,False,False,False,False,MISSING_CATEGORICAL_FIELD | UNKNOWN_REGION
08/21/2023,86,2023,Rajasthan,respiratory,Respivan,,117.9,40.1,300,Rajasthan,respiratory,Respivan,,True,2023-08-21,2023-08-21,2023,34,2023-W34,False,Rajasthan,Respiratory,Respivan,Unknown,117.9,40.1,300.0,False,False,False,False,MISSING_CATEGORICAL_FIELD | UNKNOWN_BRAND
07/07/2025,184,2025,Andhra Pradesh,  Respiratory  ,Bronchel,,166.6,41.8,487,Andhra Pradesh,Respiratory,Bronchel,,True,2025-07-07,2025-07-07,2025,28,2025-W28,False,Andhra Pradesh,Respiratory,Bronchel,Unknown,166.6,41.8,487.0,False,False,False,False,MISSING_CATEGORICAL_FIELD | UNKNOWN_BRAND
2025/07/14,185,2025,RAJASTHAN,cardiology,Cardivex,,151.2,34.1,441,RAJASTHAN,cardiology,Cardivex,,True,2025-07-14,2025-07-14,2025,29,2025-W29,False,Rajasthan,Cardiology,Cardivex,Unknown,151.2,34.1,441.0,False,False,False,False,MISSING_CATEGORICAL_FIELD | UNKNOWN_BRAND
10/28/2024,148,2024,  Rajasthan  ,  Respiratory  ,Airovent,,179.9,37.9,471,Rajasthan,Respiratory,Airovent,,True,2024-10-28,2024-10-28,2024,44,2024-W44,False,Rajasthan,Respiratory,Airovent,Unknown,179.9,37.9,471.0,False,False,False,False,MISSING_CATEGORICAL_FIELD | UNKNOWN_BRAND
03/18/2024,116,2024,,CARDIOLOGY,Cardivex,Corvyx Pharma,164.1,38.6,431,,CARDIOLOGY,Cardivex,Corvyx Pharma,True,2024-03-18,2024-03-18,2024,12,2024-W12,False,Unknown,Cardiology,Cardivex,Corvyx Pharma,164.1,38.6,431.0,False,False,False,False,MISSING_CATEGORICAL_FIELD | UNKNOWN_REGION
22-Dec-2025,208,2025,,CARDIOLOGY,Cardivex,Corvyx Pharma,74.8,24.8,248,,CARDIOLOGY,Cardivex,Corvyx Pharma,True,2025-12-22,2025-12-22,2025,52,2025-W52,False,Unknown,Cardiology,Cardivex,Corvyx Pharma,74.8,24.8,248.0,False,False,False,False,MISSING_CATEGORICAL_FIELD | UNKNOWN_REGION
2025/05/19,177,2025,,cardiology,Cordamet,Meditrix Labs,369.6,102.3,957,,cardiology,Cordamet,Meditrix Labs,True,2025-05-19,2025-05-19,2025,21,2025-W21,False,Unknown,Cardiology,Cordamet,Meditrix Labs,369.6,102.3,957.0,False,False,False,False,MISSING_CATEGORICAL_FIELD | UNKNOWN_REGION
2025/08/18,190,2025,,CARDIOLOGY,Cardivex,Corvyx Pharma,167.6,42.2,442,,CARDIOLOGY,Cardivex,Corvyx Pharma,True,2025-08-18,2025-08-18,2025,34,2025-W34,False,Unknown,Cardiology,Cardivex,Corvyx Pharma,167.6,42.2,442.0,False,False,False,False,MISSING_CATEGORICAL_FIELD | UNKNOWN_REGION
11/09/2023,89,2023,Karnataka ,Cardiology,Vascolin,,240.3,78.9,809,Karnataka,Cardiology,Vascolin,,True,2023-09-11,2023-09-11,2023,37,2023-W37,False,Karnataka,Cardiology,Vascolin,Unknown,240.3,78.9,809.0,False,False,False,False,MISSING_CATEGORICAL_FIELD | UNKNOWN_BRAND
06-Feb-2023,58,2023,,  Diabetes  ,Glucotend,Glucera Health,177.2,56.0,501,,Diabetes,Glucotend,Glucera Health,True,2023-02-06,2023-02-06,2023,6,2023-W06,False,Unknown,Diabetes,Glucotend,Glucera Health,177.2,56.0,501.0,False,False,False,False,MISSING_CATEGORICAL_FIELD | UNKNOWN_REGION
13-Jan-2025,159,2025,Karnataka ,  Diabetes  ,Glucotend,,290.0,94.8,732,Karnataka,Diabetes,Glucotend,,True,2025-01-13,2025-01-13,2025,3,2025-W03,False,Karnataka,Diabetes,Glucotend,Unknown,290.0,94.8,732.0,False,False,False,False,MISSING_CATEGORICAL_FIELD | UNKNOWN_BRAND
02/14/2022,7,2022,,cardiology,Cordamet,Meditrix Labs,156.1,40.2,496,,cardiology,Cordamet,Meditrix Labs,True,2022-02-14,2022-02-14,2022,7,2022-W07,False,Unknown,Cardiology,Cordamet,Meditrix Labs,156.1,40.2,496.0,False,False,False,False,MISSING_CATEGORICAL_FIELD | UNKNOWN_REGION
2025/06/16,181,2025,,DIABETES,Insulyn,Insulara Biotech,354.7,111.5,1064,,DIABETES,Insulyn,Insulara Biotech,True,2025-06-16,2025-06-16,2025,25,2025-W25,False,Unknown,Diabetes,Insulyn,Insulara Biotech,354.7,111.5,1064.0,False,False,False,False,MISSING_CATEGORICAL_FIELD | UNKNOWN_REGION
24/07/2023,82,2023,AndhraPradesh,RESPIRATORY,Airovent,,115.1,24.5,320,AndhraPradesh,RESPIRATORY,Airovent,,True,2023-07-24,2023-07-24,2023,30,2023-W30,False,Andhra Pradesh,Respiratory,Airovent,Unknown,115.1,24.5,320.0,False,False,False,False,MISSING_CATEGORICAL_FIELD | UNKNOWN_BRAND
24-Jul-2023,82,2023,,Diabetes,Glucotend,Glucera Health,272.7,65.7,882,,Diabetes,Glucotend,Glucera Health,True,2023-07-24,2023-07-24,2023,30,2023-W30,False,Unknown,Diabetes,Glucotend,Glucera Health,272.7,65.7,882.0,False,False,False,True,MISSING_CATEGORICAL_FIELD | UNKNOWN_REGION | DUPLICATE_RECORD
12/25/2023,104,2023,MAHARASHTRA,CARDIOLOGY,Cordamet,,298.2,80.8,831,MAHARASHTRA,CARDIOLOGY,Cordamet,,True,2023-12-25,2023-12-25,2023,52,2023-W52,False,Maharashtra,Cardiology,Cordamet,Unknown,298.2,80.8,831.0,False,False,False,False,MISSING_CATEGORICAL_FIELD | UNKNOWN_BRAND
22/01/2024,108,2024,karnataka,  Cardiology  ,Vascolin,,269.6,71.4,792,karnataka,Cardiology,Vascolin,,True,2024-01-22,2024-01-22,2024,4,2024-W04,False,Karnataka,Cardiology,Vascolin,Unknown,269.6,71.4,792.0,False,False,False,False,MISSING_CATEGORICAL_FIELD | UNKNOWN_BRAND
18-Dec-2023,103,2023,Andhra Pradesh,Diabetes,Insulyn,,246.4,59.9,673,Andhra Pradesh,Diabetes,Insulyn,,True,2023-12-18,2023-12-18,2023,51,2023-W51,False,Andhra Pradesh,Diabetes,Insulyn,Unknown,246.4,59.9,673.0,False,False,False,False,MISSING_CATEGORICAL_FIELD | UNKNOWN_BRAND
2023/08/28,87,2023,,RESPIRATORY,Airovent,Pulmovia Therapeutics,130.0,36.4,369,,RESPIRATORY,Airovent,Pulmovia Therapeutics,True,2023-08-28,2023-08-28,2023,35,2023-W35,False,Unknown,Respiratory,Airovent,Pulmovia Therapeutics,130.0,36.4,369.0,False,False,False,False,MISSING_CATEGORICAL_FIELD | UNKNOWN_REGION
23-Dec-2024,156,2024,,Cardiology,Vascolin,Zenova Biosciences,324.0,59.5,833,,Cardiology,Vascolin,Zenova Biosciences,True,2024-12-23,2024-12-23,2024,52,2024-W52,False,Unknown,Cardiology,Vascolin,Zenova Biosciences,324.0,59.5,833.0,False,False,False,False,MISSING_CATEGORICAL_FIELD | UNKNOWN_REGION
2024-01-08,106,2024,,RESPIRATORY,Airovent,Pulmovia Therapeutics,199.8,52.7,551,,RESPIRATORY,Airovent,Pulmovia Therapeutics,True,2024-01-08,2024-01-08,2024,2,2024-W02,False,Unknown,Respiratory,Airovent,Pulmovia Therapeutics,199.8,52.7,551.0,False,False,False,False,MISSING_CATEGORICAL_FIELD | UNKNOWN_REGION
2025/06/23,182,2025,tamil nadu,cardiology,Vascolin,,224.4,41.8,689,tamil nadu,cardiology,Vascolin,,True,2025-06-23,2025-06-23,2025,26,2025-W26,False,Tamil Nadu,Cardiology,Vascolin,Unknown,224.4,41.8,689.0,False,False,False,False,MISSING_CATEGORICAL_FIELD | UNKNOWN_BRAND
02/10/2025,163,2025,,  Cardiology  ,Vascolin,Zenova Biosciences,227.2,49.9,590,,Cardiology,Vascolin,Zenova Biosciences,True,2025-02-10,2025-02-10,2025,7,2025-W07,False,Unknown,Cardiology,Vascolin,Zenova Biosciences,227.2,49.9,590.0,False,False,False,False,MISSING_CATEGORICAL_FIELD | UNKNOWN_REGION
2025/04/21,173,2025,,  Cardiology  ,Cordamet,Meditrix Labs,255.0,51.9,639,,Cardiology,Cordamet,Meditrix Labs,True,2025-04-21,2025-04-21,2025,17,2025-W17,False,Unknown,Cardiology,Cordamet,Meditrix Labs,255.0,51.9,639.0,False,False,False,False,MISSING_CATEGORICAL_FIELD | UNKNOWN_REGION
10/02/2023,92,2023,WestBengal,  Diabetes  ,Insulyn,,237.6,68.7,737,WestBengal,Diabetes,Insulyn,,True,2023-10-02,2023-10-02,2023,40,2023-W40,False,West Bengal,Diabetes,Insulyn,Unknown,237.6,68.7,737.0,False,False,False,False,MISSING_CATEGORICAL_FIELD | UNKNOWN_BRAND
2023-08-28,87,2023,,diabetes,Glucotend,Glucera Health,180.4,51.5,461,,diabetes,Glucotend,Glucera Health,True,2023-08-28,2023-08-28,2023,35,2023-W35,False,Unknown,Diabetes,Glucotend,Glucera Health,180.4,51.5,461.0,False,False,False,False,MISSING_CATEGORICAL_FIELD | UNKNOWN_REGION
2024/09/16,142,2024,,cardiology,Cordamet,Meditrix Labs,216.6,87.3,709,,cardiology,Cordamet,Meditrix Labs,True,2024-09-16,2024-09-16,2024,38,2024-W38,False,Unknown,Cardiology,Cordamet,Meditrix Labs,216.6,87.3,709.0,False,False,False,False,MISSING_CATEGORICAL_FIELD | UNKNOWN_REGION
2024-11-25,152,2024,Kerala,Respiratory,Respivan,,83.5,17.4,222,Kerala,Respiratory,Respivan,,True,2024-11-25,2024-11-25,2024,48,2024-W48,False,Kerala,Respiratory,Respivan,Unknown,83.5,17.4,222.0,False,False,False,False,MISSING_CATEGORICAL_FIELD | UNKNOWN_BRAND
13-Mar-2023,63,2023,,CARDIOLOGY,Vascolin,Zenova Biosciences,193.1,35.0,554,,CARDIOLOGY,Vascolin,Zenova Biosciences,True,2023-03-13,2023-03-13,2023,11,2023-W11,False,Unknown,Cardiology,Vascolin,Zenova Biosciences,193.1,35.0,554.0,False,False,False,False,MISSING_CATEGORICAL_FIELD | UNKNOWN_REGION
10/07/2024,145,2024,,CARDIOLOGY,Cardivex,Corvyx Pharma,121.5,25.6,341,,CARDIOLOGY,Cardivex,Corvyx Pharma,True,2024-10-07,2024-10-07,2024,41,2024-W41,False,Unknown,Cardiology,Cardivex,Corvyx Pharma,121.5,25.6,341.0,False,False,False,False,MISSING_CATEGORICAL_FIELD | UNKNOWN_REGION
09/06/2025,180,2025,,Diabetes,Insulyn,Insulara Biotech,329.0,109.2,873,,Diabetes,Insulyn,Insulara Biotech,True,2025-06-09,2025-06-09,2025,24,2025-W24,False,Unknown,Diabetes,Insulyn,Insulara Biotech,329.0,109.2,873.0,False,False,False,False,MISSING_CATEGORICAL_FIELD | UNKNOWN_REGION
01/12/2025,205,2025,MAHARASHTRA,CARDIOLOGY,Vascolin,,265.9,54.9,672,MAHARASHTRA,CARDIOLOGY,Vascolin,,True,2025-12-01,2025-12-01,2025,49,2025-W49,False,Maharashtra,Cardiology,Vascolin,Unknown,265.9,54.9,672.0,False,False,False,False,MISSING_CATEGORICAL_FIELD | UNKNOWN_BRAND
20/10/2025,199,2025,KERALA,CARDIOLOGY,Cardivex,,96.6,26.4,266,KERALA,CARDIOLOGY,Cardivex,,True,2025-10-20,2025-10-20,2025,43,2025-W43,False,Kerala,Cardiology,Cardivex,Unknown,96.6,26.4,266.0,False,False,False,False,MISSING_CATEGORICAL_FIELD | UNKNOWN_BRAND
26-Aug-2024,139,2024,  Andhra Pradesh  ,Respiratory,Bronchel,,169.4,45.9,478,Andhra Pradesh,Respiratory,Bronchel,,True,2024-08-26,2024-08-26,2024,35,2024-W35,False,Andhra Pradesh,Respiratory,Bronchel,Unknown,169.4,45.9,478.0,False,False,False,False,MISSING_CATEGORICAL_FIELD | UNKNOWN_BRAND
2023-04-24,69,2023,,CARDIOLOGY,Cardivex,Corvyx Pharma,127.9,39.9,364,,CARDIOLOGY,Cardivex,Corvyx Pharma,True,2023-04-24,2023-04-24,2023,17,2023-W17,False,Unknown,Cardiology,Cardivex,Corvyx Pharma,127.9,39.9,364.0,False,False,False,False,MISSING_CATEGORICAL_FIELD | UNKNOWN_REGION
2023-11-06,97,2023,,  Diabetes  ,Metforal,Novanta Pharma,258.1,62.7,696,,Diabetes,Metforal,Novanta Pharma,True,2023-11-06,2023-11-06,2023,45,2023-W45,False,Unknown,Diabetes,Metforal,Novanta Pharma,258.1,62.7,696.0,False,False,False,True,MISSING_CATEGORICAL_FIELD | UNKNOWN_REGION | DUPLICATE_RECORD
14/11/2022,46,2022,  Telangana  ,Respiratory,Respivan,,99.8,28.6,303,Telangana,Respiratory,Respivan,,True,2022-11-14,2022-11-14,2022,46,2022-W46,False,Telangana,Respiratory,Respivan,Unknown,99.8,28.6,303.0,False,False,False,False,MISSING_CATEGORICAL_FIELD | UNKNOWN_BRAND
18-Aug-2025,190,2025,,respiratory,Bronchel,Breathex Labs,239.8,71.3,733,,respiratory,Bronchel,Breathex Labs,True,2025-08-18,2025-08-18,2025,34,2025-W34,False,Unknown,Respiratory,Bronchel,Breathex Labs,239.8,71.3,733.0,False,False,False,False,MISSING_CATEGORICAL_FIELD | UNKNOWN_REGION
10/21/2024,147,2024,kerala,Respiratory,Bronchel,,,41.8,323,kerala,Respiratory,Bronchel,,True,2024-10-21,2024-10-21,2024,43,2024-W43,False,Kerala,Respiratory,Bronchel,Unknown,,41.8,323.0,False,True,False,False,MISSING_CATEGORICAL_FIELD | UNKNOWN_BRAND
2022-11-07,45,2022,Rajasthan,Respiratory,Respivan,,76.8,17.8,194,Rajasthan,Respiratory,Respivan,,True,2022-11-07,2022-11-07,2022,45,2022-W45,False,Rajasthan,Respiratory,Respivan,Unknown,76.8,17.8,194.0,False,False,False,False,MISSING_CATEGORICAL_FIELD | UNKNOWN_BRAND
01/31/2022,5,2022,,Respiratory,Bronchel,Breathex Labs,245.0,65.5,693,,Respiratory,Bronchel,Breathex Labs,True,2022-01-31,2022-01-31,2022,5,2022-W05,False,Unknown,Respiratory,Bronchel,Breathex Labs,245.0,65.5,693.0,False,False,False,False,MISSING_CATEGORICAL_FIELD | UNKNOWN_REGION
09/11/2023,89,2023,,cardiology,Cordamet,Meditrix Labs,187.6,63.7,486,,cardiology,Cordamet,Meditrix Labs,True,2023-09-11,2023-09-11,2023,37,2023-W37,False,Unknown,Cardiology,Cordamet,Meditrix Labs,187.6,63.7,486.0,False,False,False,False,MISSING_CATEGORICAL_FIELD | UNKNOWN_REGION
07/08/2023,84,2023,,Cardiology,Vascolin,Zenova Biosciences,184.0,39.9,524,,Cardiology,Vascolin,Zenova Biosciences,True,2023-08-07,2023-08-07,2023,32,2023-W32,False,Unknown,Cardiology,Vascolin,Zenova Biosciences,184.0,39.9,524.0,False,False,False,False,MISSING_CATEGORICAL_FIELD | UNKNOWN_REGION
05/22/2023,73,2023,,  Respiratory  ,Bronchel,Breathex Labs,160.9,46.8,487,,Respiratory,Bronchel,Breathex Labs,True,2023-05-22,2023-05-22,2023,21,2023-W21,False,Unknown,Respiratory,Bronchel,Breathex Labs,160.9,46.8,487.0,False,False,False,True,MISSING_CATEGORICAL_FIELD | UNKNOWN_REGION | DUPLICATE_RECORD
09/11/2023,89,2023,  Maharashtra  ,respiratory,Respivan,,223.2,72.4,585,Maharashtra,respiratory,Respivan,,True,2023-09-11,2023-09-11,2023,37,2023-W37,False,Maharashtra,Respiratory,Respivan,Unknown,223.2,72.4,585.0,False,False,False,False,MISSING_CATEGORICAL_FIELD | UNKNOWN_BRAND
11/08/2025,189,2025,,Cardiology,Cardivex,Corvyx Pharma,,29.3,376,,Cardiology,Cardivex,Corvyx Pharma,True,2025-08-11,2025-08-11,2025,33,2025-W33,False,Unknown,Cardiology,Cardivex,Corvyx Pharma,,29.3,376.0,False,True,False,False,MISSING_CATEGORICAL_FIELD | UNKNOWN_REGION
15/08/2022,33,2022,maharashtra,cardiology,Cordamet,,264.6,70.4,872,maharashtra,cardiology,Cordamet,,True,2022-08-15,2022-08-15,2022,33,2022-W33,False,Maharashtra,Cardiology,Cordamet,Unknown,264.6,70.4,872.0,False,False,False,False,MISSING_CATEGORICAL_FIELD | UNKNOWN_BRAND
27/10/2025,200,2025,WestBengal,  Diabetes  ,Metforal,,273.5,108.2,850,WestBengal,Diabetes,Metforal,,True,2025-10-27,2025-10-27,2025,44,2025-W44,False,West Bengal,Diabetes,Metforal,Unknown,273.5,108.2,850.0,False,False,False,False,MISSING_CATEGORICAL_FIELD | UNKNOWN_BRAND
03/04/2024,114,2024,,cardiology,Cardivex,Corvyx Pharma,160.9,45.4,485,,cardiology,Cardivex,Corvyx Pharma,True,2024-03-04,2024-03-04,2024,10,2024-W10,False,Unknown,Cardiology,Cardivex,Corvyx Pharma,160.9,45.4,485.0,False,False,False,False,MISSING_CATEGORICAL_FIELD | UNKNOWN_REGION
2023/03/13,63,2023,,RESPIRATORY,Airovent,Pulmovia Therapeutics,163.2,54.9,541,,RESPIRATORY,Airovent,Pulmovia Therapeutics,True,2023-03-13,2023-03-13,2023,11,2023-W11,False,Unknown,Respiratory,Airovent,Pulmovia Therapeutics,163.2,54.9,541.0,False,False,False,False,MISSING_CATEGORICAL_FIELD | UNKNOWN_REGION
2024/07/29,135,2024,,diabetes,Glucotend,Glucera Health,211.1,33.5,658,,diabetes,Glucotend,Glucera Health,True,2024-07-29,2024-07-29,2024,31,2024-W31,False,Unknown,Diabetes,Glucotend,Glucera Health,211.1,33.5,658.0,False,False,False,False,MISSING_CATEGORICAL_FIELD | UNKNOWN_REGION
05/06/2024,123,2024,,respiratory,Bronchel,Breathex Labs,285.9,45.7,930,,respiratory,Bronchel,Breathex Labs,True,2024-05-06,2024-05-06,2024,19,2024-W19,False,Unknown,Respiratory,Bronchel,Breathex Labs,285.9,45.7,930.0,False,False,False,False,MISSING_CATEGORICAL_FIELD | UNKNOWN_REGION
2024-04-15,120,2024,  Maharashtra  ,Diabetes,Insulyn,,186.9,47.2,622,Maharashtra,Diabetes,Insulyn,,True,2024-04-15,2024-04-15,2024,16,2024-W16,False,Maharashtra,Diabetes,Insulyn,Unknown,186.9,47.2,622.0,False,False,False,False,MISSING_CATEGORICAL_FIELD | UNKNOWN_BRAND
2022/02/07,6,2022,Tamil Ndu,diabetes,Metforal,,195.6,42.5,655,Tamil Ndu,diabetes,Metforal,,True,2022-02-07,2022-02-07,2022,6,2022-W06,False,Tamil Nadu,Diabetes,Metforal,Unknown,195.6,42.5,655.0,False,False,False,False,MISSING_CATEGORICAL_FIELD | UNKNOWN_BRAND
08/18/2025,190,2025,,Diabetes,Glucotend,Glucera Health,218.7,43.1,676,,Diabetes,Glucotend,Glucera Health,True,2025-08-18,2025-08-18,2025,34,2025-W34,False,Unknown,Diabetes,Glucotend,Glucera Health,218.7,43.1,676.0,False,False,False,True,MISSING_CATEGORICAL_FIELD | UNKNOWN_REGION | DUPLICATE_RECORD
06/17/2024,129,2024,,  Cardiology  ,Vascolin,Zenova Biosciences,200.7,62.1,674,,Cardiology,Vascolin,Zenova Biosciences,True,2024-06-17,2024-06-17,2024,25,2024-W25,False,Unknown,Cardiology,Vascolin,Zenova Biosciences,200.7,62.1,674.0,False,False,False,False,MISSING_CATEGORICAL_FIELD | UNKNOWN_REGION
20-Jun-2022,25,2022,andhra pradesh,CARDIOLOGY,Cardivex,,241.3,39.8,611,andhra pradesh,CARDIOLOGY,Cardivex,,True,2022-06-20,2022-06-20,2022,25,2022-W25,False,Andhra Pradesh,Cardiology,Cardivex,Unknown,241.3,39.8,611.0,False,False,False,False,MISSING_CATEGORICAL_FIELD | UNKNOWN_BRAND
05/02/2022,18,2022,ANDHRA PRADESH,CARDIOLOGY,Vascolin,,198.5,45.2,542,ANDHRA PRADESH,CARDIOLOGY,Vascolin,,True,2022-05-02,2022-05-02,2022,18,2022-W18,False,Andhra Pradesh,Cardiology,Vascolin,Unknown,198.5,45.2,542.0,False,False,False,False,MISSING_CATEGORICAL_FIELD | UNKNOWN_BRAND
2024/07/15,133,2024,,Cardiology,Cardivex,Corvyx Pharma,175.2,48.1,570,,Cardiology,Cardivex,Corvyx Pharma,True,2024-07-15,2024-07-15,2024,29,2024-W29,False,Unknown,Cardiology,Cardivex,Corvyx Pharma,175.2,48.1,570.0,False,False,False,True,MISSING_CATEGORICAL_FIELD | UNKNOWN_REGION | DUPLICATE_RECORD
12/08/2025,206,2025,  Gujarat  ,Diabetes,Metforal,,163.8,20.0,511,Gujarat,Diabetes,Metforal,,True,2025-12-08,2025-12-08,2025,50,2025-W50,False,Gujarat,Diabetes,Metforal,Unknown,163.8,20.0,511.0,False,False,False,False,MISSING_CATEGORICAL_FIELD | UNKNOWN_BRAND
04/11/2024,149,2024,karnataka,RESPIRATORY,Respivan,,109.1,24.0,353,karnataka,RESPIRATORY,Respivan,,True,2024-11-04,2024-11-04,2024,45,2024-W45,False,Karnataka,Respiratory,Respivan,Unknown,109.1,24.0,353.0,False,False,False,False,MISSING_CATEGORICAL_FIELD | UNKNOWN_BRAND
07/14/2025,185,2025,,DIABETES,Glucotend,Glucera Health,335.2,81.0,922,,DIABETES,Glucotend,Glucera Health,True,2025-07-14,2025-07-14,2025,29,2025-W29,False,Unknown,Diabetes,Glucotend,Glucera Health,335.2,81.0,922.0,False,False,False,False,MISSING_CATEGORICAL_FIELD | UNKNOWN_REGION
26/12/2022,52,2022,,DIABETES,Metforal,Novanta Pharma,261.2,71.6,705,,DIABETES,Metforal,Novanta Pharma,True,2022-12-26,2022-12-26,2022,52,2022-W52,False,Unknown,Diabetes,Metforal,Novanta Pharma,261.2,71.6,705.0,False,False,False,False,MISSING_CATEGORICAL_FIELD | UNKNOWN_REGION
23-Sep-2024,143,2024,andhra pradesh,diabetes,Insulyn,,264.4,66.1,757,andhra pradesh,diabetes,Insulyn,,True,2024-09-23,2024-09-23,2024,39,2024-W39,False,Andhra Pradesh,Diabetes,Insulyn,Unknown,264.4,66.1,757.0,False,False,False,False,MISSING_CATEGORICAL_FIELD | UNKNOWN_BRAND
12/06/2023,76,2023,,  Respiratory  ,Bronchel,Breathex Labs,235.8,32.5,696,,Respiratory,Bronchel,Breathex Labs,True,2023-06-12,2023-06-12,2023,24,2023-W24,False,Unknown,Respiratory,Bronchel,Breathex Labs,235.8,32.5,696.0,False,False,False,False,MISSING_CATEGORICAL_FIELD | UNKNOWN_REGION
2024-08-19,138,2024,kerala,  Respiratory  ,Airovent,,103.5,31.2,291,kerala,Respiratory,Airovent,,True,2024-08-19,2024-08-19,2024,34,2024-W34,False,Kerala,Respiratory,Airovent,Unknown,103.5,31.2,291.0,False,False,False,False,MISSING_CATEGORICAL_FIELD | UNKNOWN_BRAND
2025/03/31,170,2025,  Gujarat  ,  Cardiology  ,Cardivex,,156.1,46.3,500,Gujarat,Cardiology,Cardivex,,True,2025-03-31,2025-03-31,2025,14,2025-W14,False,Gujarat,Cardiology,Cardivex,Unknown,156.1,46.3,500.0,False,False,False,False,MISSING_CATEGORICAL_FIELD | UNKNOWN_BRAND
2025/12/08,206,2025,,Respiratory,Respivan,Aerovant Pharma,147.2,28.6,383,,Respiratory,Respivan,Aerovant Pharma,True,2025-12-08,2025-12-08,2025,50,2025-W50,False,Unknown,Respiratory,Respivan,Aerovant Pharma,147.2,28.6,383.0,False,False,False,False,MISSING_CATEGORICAL_FIELD | UNKNOWN_REGION
11-Apr-2022,15,2022,kerala,RESPIRATORY,Respivan,,165.6,50.0,434,kerala,RESPIRATORY,Respivan,,True,2022-04-11,2022-04-11,2022,15,2022-W15,False,Kerala,Respiratory,Respivan,Unknown,165.6,50.0,434.0,False,False,False,False,MISSING_CATEGORICAL_FIELD | UNKNOWN_BRAND
2023/02/06,58,2023,  Delhi  ,diabetes,Insulyn,,317.9,58.1,879,Delhi,diabetes,Insulyn,,True,2023-02-06,2023-02-06,2023,6,2023-W06,False,Delhi,Diabetes,Insulyn,Unknown,317.9,58.1,879.0,False,False,False,False,MISSING_CATEGORICAL_FIELD | UNKNOWN_BRAND
2024-05-06,123,2024,,  Diabetes  ,Insulyn,Insulara Biotech,142.3,37.9,,,Diabetes,Insulyn,Insulara Biotech,True,2024-05-06,2024-05-06,2024,19,2024-W19,False,Unknown,Diabetes,Insulyn,Insulara Biotech,142.3,37.9,,False,True,False,False,MISSING_CATEGORICAL_FIELD | UNKNOWN_REGION
19-Sep-2022,38,2022,  Maharashtra  ,Cardiology,Vascolin,,306.5,72.0,796,Maharashtra,Cardiology,Vascolin,,True,2022-09-19,2022-09-19,2022,38,2022-W38,False,Maharashtra,Cardiology,Vascolin,Unknown,306.5,72.0,796.0,False,False,False,False,MISSING_CATEGORICAL_FIELD | UNKNOWN_BRAND
2025/09/01,192,2025,  Telangana  ,respiratory,Airovent,,138.9,22.5,439,Telangana,respiratory,Airovent,,True,2025-09-01,2025-09-01,2025,36,2025-W36,False,Telangana,Respiratory,Airovent,Unknown,138.9,22.5,439.0,False,False,False,False,MISSING_CATEGORICAL_FIELD | UNKNOWN_BRAND
16/06/2025,181,2025,,diabetes,Glucotend,Glucera Health,301.4,64.0,979,,diabetes,Glucotend,Glucera Health,True,2025-06-16,2025-06-16,2025,25,2025-W25,False,Unknown,Diabetes,Glucotend,Glucera Health,301.4,64.0,979.0,False,False,False,False,MISSING_CATEGORICAL_FIELD | UNKNOWN_REGION
2024/01/15,107,2024,,Cardiology,Vascolin,Zenova Biosciences,291.3,80.5,768,,Cardiology,Vascolin,Zenova Biosciences,True,2024-01-15,2024-01-15,2024,3,2024-W03,False,Unknown,Cardiology,Vascolin,Zenova Biosciences,291.3,80.5,768.0,False,False,False,False,MISSING_CATEGORICAL_FIELD | UNKNOWN_REGION
21/07/2025,186,2025,,  Diabetes  ,Insulyn,Insulara Biotech,190.1,51.0,600,,Diabetes,Insulyn,Insulara Biotech,True,2025-07-21,2025-07-21,2025,30,2025-W30,False,Unknown,Diabetes,Insulyn,Insulara Biotech,190.1,51.0,600.0,False,False,False,False,MISSING_CATEGORICAL_FIELD | UNKNOWN_REGION
10/10/2022,41,2022,,  Diabetes  ,Insulyn,Insulara Biotech,215.0,59.7,581,,Diabetes,Insulyn,Insulara Biotech,True,2022-10-10,2022-10-10,2022,41,2022-W41,False,Unknown,Diabetes,Insulyn,Insulara Biotech,215.0,59.7,581.0,False,False,False,False,MISSING_CATEGORICAL_FIELD | UNKNOWN_REGION
21/02/2022,8,2022,,Diabetes,Insulyn,Insulara Biotech,299.0,46.2,949,,Diabetes,Insulyn,Insulara Biotech,True,2022-02-21,2022-02-21,2022,8,2022-W08,False,Unknown,Diabetes,Insulyn,Insulara Biotech,299.0,46.2,949.0,False,False,False,True,MISSING_CATEGORICAL_FIELD | UNKNOWN_REGION | DUPLICATE_RECORD
2025/04/07,171,2025,gujarat,  Diabetes  ,Glucotend,,224.7,64.2,691,gujarat,Diabetes,Glucotend,,True,2025-04-07,2025-04-07,2025,15,2025-W15,False,Gujarat,Diabetes,Glucotend,Unknown,224.7,64.2,691.0,False,False,False,False,MISSING_CATEGORICAL_FIELD | UNKNOWN_BRAND
18-Nov-2024,151,2024,Tamil Nadu,  Cardiology  ,Vascolin,,368.6,96.6,1190,Tamil Nadu,Cardiology,Vascolin,,True,2024-11-18,2024-11-18,2024,47,2024-W47,False,Tamil Nadu,Cardiology,Vascolin,Unknown,368.6,96.6,1190.0,False,False,False,False,MISSING_CATEGORICAL_FIELD | UNKNOWN_BRAND
03/07/2023,79,2023,tamil nadu,diabetes,Glucotend,,362.6,87.5,1077,tamil nadu,diabetes,Glucotend,,True,2023-07-03,2023-07-03,2023,27,2023-W27,False,Tamil Nadu,Diabetes,Glucotend,Unknown,362.6,87.5,1077.0,False,False,False,False,MISSING_CATEGORICAL_FIELD | UNKNOWN_BRAND
03/10/2025,167,2025,,respiratory,Bronchel,Breathex Labs,233.3,73.2,642,,respiratory,Bronchel,Breathex Labs,True,2025-03-10,2025-03-10,2025,11,2025-W11,False,Unknown,Respiratory,Bronchel,Breathex Labs,233.3,73.2,642.0,False,False,False,False,MISSING_CATEGORICAL_FIELD | UNKNOWN_REGION
17/11/2025,203,2025,,CARDIOLOGY,Cordamet,Meditrix Labs,242.5,53.6,788,,CARDIOLOGY,Cordamet,Meditrix Labs,True,2025-11-17,2025-11-17,2025,47,2025-W47,False,Unknown,Cardiology,Cordamet,Meditrix Labs,242.5,53.6,788.0,False,False,False,False,MISSING_CATEGORICAL_FIELD | UNKNOWN_REGION
17-Feb-2025,164,2025,  Maharashtra  ,  Diabetes  ,Glucotend,,308.3,71.7,879,Maharashtra,Diabetes,Glucotend,,True,2025-02-17,2025-02-17,2025,8,2025-W08,False,Maharashtra,Diabetes,Glucotend,Unknown,308.3,71.7,879.0,False,False,False,False,MISSING_CATEGORICAL_FIELD | UNKNOWN_BRAND
22/04/2024,121,2024,,cardiology,Vascolin,Zenova Biosciences,213.3,50.0,553,,cardiology,Vascolin,Zenova Biosciences,True,2024-04-22,2024-04-22,2024,17,2024-W17,False,Unknown,Cardiology,Vascolin,Zenova Biosciences,213.3,50.0,553.0,False,False,False,False,MISSING_CATEGORICAL_FIELD | UNKNOWN_REGION
17/11/2025,203,2025,karnataka,diabetes,Metforal,,274.2,62.6,889,karnataka,diabetes,Metforal,,True,2025-11-17,2025-11-17,2025,47,2025-W47,False,Karnataka,Diabetes,Metforal,Unknown,274.2,62.6,889.0,False,False,False,False,MISSING_CATEGORICAL_FIELD | UNKNOWN_BRAND
2022/04/04,14,2022,Tamil Ndu,Diabetes,Glucotend,,168.0,52.2,529,Tamil Ndu,Diabetes,Glucotend,,True,2022-04-04,2022-04-04,2022,14,2022-W14,False,Tamil Nadu,Diabetes,Glucotend,Unknown,168.0,52.2,529.0,False,False,False,False,MISSING_CATEGORICAL_FIELD | UNKNOWN_BRAND
2025/11/24,204,2025,,DIABETES,Metforal,Novanta Pharma,213.9,63.5,560,,DIABETES,Metforal,Novanta Pharma,True,2025-11-24,2025-11-24,2025,48,2025-W48,False,Unknown,Diabetes,Metforal,Novanta Pharma,213.9,63.5,560.0,False,False,False,False,MISSING_CATEGORICAL_FIELD | UNKNOWN_REGION
2025-06-23,182,2025,gujarat,DIABETES,Metforal,,154.0,28.7,464,gujarat,DIABETES,Metforal,,True,2025-06-23,2025-06-23,2025,26,2025-W26,False,Gujarat,Diabetes,Metforal,Unknown,154.0,28.7,464.0,False,False,False,False,MISSING_CATEGORICAL_FIELD | UNKNOWN_BRAND
2024/02/26,113,2024,  Karnataka  ,respiratory,Respivan,,142.4,22.5,436,Karnataka,respiratory,Respivan,,True,2024-02-26,2024-02-26,2024,9,2024-W09,False,Karnataka,Respiratory,Respivan,Unknown,142.4,22.5,436.0,False,False,False,False,MISSING_CATEGORICAL_FIELD | UNKNOWN_BRAND
07/17/2023,81,2023,,DIABETES,Glucotend,Glucera Health,266.3,39.8,820,,DIABETES,Glucotend,Glucera Health,True,2023-07-17,2023-07-17,2023,29,2023-W29,False,Unknown,Diabetes,Glucotend,Glucera Health,266.3,39.8,820.0,False,False,False,False,MISSING_CATEGORICAL_FIELD | UNKNOWN_REGION
23-Sep-2024,143,2024,,  Diabetes  ,Insulyn,Insulara Biotech,339.0,86.2,970,,Diabetes,Insulyn,Insulara Biotech,True,2024-09-23,2024-09-23,2024,39,2024-W39,False,Unknown,Diabetes,Insulyn,Insulara Biotech,339.0,86.2,970.0,False,False,False,False,MISSING_CATEGORICAL_FIELD | UNKNOWN_REGION
2022-01-17,3,2022,,Respiratory,Airovent,Pulmovia Therapeutics,117.8,30.4,356,,Respiratory,Airovent,Pulmovia Therapeutics,True,2022-01-17,2022-01-17,2022,3,2022-W03,False,Unknown,Respiratory,Airovent,Pulmovia Therapeutics,117.8,30.4,356.0,False,False,False,False,MISSING_CATEGORICAL_FIELD | UNKNOWN_REGION
21/03/2022,12,2022,TN,DIABETES,Insulyn,,365.8,86.4,1174,TN,DIABETES,Insulyn,,True,2022-03-21,2022-03-21,2022,12,2022-W12,False,Tamil Nadu,Diabetes,Insulyn,Unknown,365.8,86.4,1174.0,False,False,False,False,MISSING_CATEGORICAL_FIELD | UNKNOWN_BRAND
08/15/2022,33,2022,DELHI,diabetes,Metforal,,184.1,40.5,581,DELHI,diabetes,Metforal,,True,2022-08-15,2022-08-15,2022,33,2022-W33,False,Delhi,Diabetes,Metforal,Unknown,184.1,40.5,581.0,False,False,False,False,MISSING_CATEGORICAL_FIELD | UNKNOWN_BRAND
22/04/2024,121,2024,,  Cardiology  ,Cordamet,,237.6,42.2,652,,Cardiology,Cordamet,,True,2024-04-22,2024-04-22,2024,17,2024-W17,False,Unknown,Cardiology,Cordamet,Unknown,237.6,42.2,652.0,False,False,False,False,MISSING_CATEGORICAL_FIELD | UNKNOWN_REGION | UNKNOWN_BRAND
17-Mar-2025,168,2025,,respiratory,Airovent,Pulmovia Therapeutics,103.9,26.9,278,,respiratory,Airovent,Pulmovia Therapeutics,True,2025-03-17,2025-03-17,2025,12,2025-W12,False,Unknown,Respiratory,Airovent,Pulmovia Therapeutics,103.9,26.9,278.0,False,False,False,False,MISSING_CATEGORICAL_FIELD | UNKNOWN_REGION
09-Jan-2023,54,2023,WestBengal,Diabetes,Insulyn,,269.8,48.7,832,WestBengal,Diabetes,Insulyn,,True,2023-01-09,2023-01-09,2023,2,2023-W02,False,West Bengal,Diabetes,Insulyn,Unknown,269.8,48.7,832.0,False,False,False,False,MISSING_CATEGORICAL_FIELD | UNKNOWN_BRAND
2024/07/29,135,2024,KERALA,  Cardiology  ,Cardivex,,79.7,20.8,258,KERALA,Cardiology,Cardivex,,True,2024-07-29,2024-07-29,2024,31,2024-W31,False,Kerala,Cardiology,Cardivex,Unknown,79.7,20.8,258.0,False,False,False,False,MISSING_CATEGORICAL_FIELD | UNKNOWN_BRAND
2024-01-15,107,2024,,cardiology,Cordamet,Meditrix Labs,155.1,35.6,501,,cardiology,Cordamet,Meditrix Labs,True,2024-01-15,2024-01-15,2024,3,2024-W03,False,Unknown,Cardiology,Cordamet,Meditrix Labs,155.1,35.6,501.0,False,False,False,False,MISSING_CATEGORICAL_FIELD | UNKNOWN_REGION
15/07/2024,133,2024,,  Respiratory  ,Airovent,Pulmovia Therapeutics,97.3,26.2,290,,Respiratory,Airovent,Pulmovia Therapeutics,True,2024-07-15,2024-07-15,2024,29,2024-W29,False,Unknown,Respiratory,Airovent,Pulmovia Therapeutics,97.3,26.2,290.0,False,False,False,False,MISSING_CATEGORICAL_FIELD | UNKNOWN_REGION
03/02/2025,162,2025,,diabetes,Insulyn,Insulara Biotech,221.1,67.6,654,,diabetes,Insulyn,Insulara Biotech,True,2025-02-03,2025-02-03,2025,6,2025-W06,False,Unknown,Diabetes,Insulyn,Insulara Biotech,221.1,67.6,654.0,False,False,False,False,MISSING_CATEGORICAL_FIELD | UNKNOWN_REGION
2025-10-20,199,2025,,respiratory,Bronchel,Breathex Labs,197.8,50.6,550,,respiratory,Bronchel,Breathex Labs,True,2025-10-20,2025-10-20,2025,43,2025-W43,False,Unknown,Respiratory,Bronchel,Breathex Labs,197.8,50.6,550.0,False,False,False,False,MISSING_CATEGORICAL_FIELD | UNKNOWN_REGION
06-Nov-2023,97,2023,,CARDIOLOGY,Vascolin,Zenova Biosciences,261.5,59.4,,,CARDIOLOGY,Vascolin,Zenova Biosciences,True,2023-11-06,2023-11-06,2023,45,2023-W45,False,Unknown,Cardiology,Vascolin,Zenova Biosciences,261.5,59.4,,False,True,False,False,MISSING_CATEGORICAL_FIELD | UNKNOWN_REGION
26-Feb-2024,113,2024,,DIABETES,Insulyn,Insulara Biotech,171.5,39.3,520,,DIABETES,Insulyn,Insulara Biotech,True,2024-02-26,2024-02-26,2024,9,2024-W09,False,Unknown,Diabetes,Insulyn,Insulara Biotech,171.5,39.3,520.0,False,False,False,False,MISSING_CATEGORICAL_FIELD | UNKNOWN_REGION
29-Jul-2024,135,2024,  Gujarat  ,cardiology,Cordamet,,314.0,103.7,845,Gujarat,cardiology,Cordamet,,True,2024-07-29,2024-07-29,2024,31,2024-W31,False,Gujarat,Cardiology,Cordamet,Unknown,314.0,103.7,845.0,False,False,False,False,MISSING_CATEGORICAL_FIELD | UNKNOWN_BRAND
2023-02-06,58,2023,,CARDIOLOGY,Vascolin,Zenova Biosciences,222.4,51.2,701,,CARDIOLOGY,Vascolin,Zenova Biosciences,True,2023-02-06,2023-02-06,2023,6,2023-W06,False,Unknown,Cardiology,Vascolin,Zenova Biosciences,222.4,51.2,701.0,False,False,False,False,MISSING_CATEGORICAL_FIELD | UNKNOWN_REGION
2024/02/26,113,2024,  Karnataka  ,Diabetes,Insulyn,,236.0,57.7,701,Karnataka,Diabetes,Insulyn,,True,2024-02-26,2024-02-26,2024,9,2024-W09,False,Karnataka,Diabetes,Insulyn,Unknown,236.0,57.7,701.0,False,False,False,False,MISSING_CATEGORICAL_FIELD | UNKNOWN_BRAND
11/20/2023,99,2023,,cardiology,Vascolin,Zenova Biosciences,237.0,63.3,771,,cardiology,Vascolin,Zenova Biosciences,True,2023-11-20,2023-11-20,2023,47,2023-W47,False,Unknown,Cardiology,Vascolin,Zenova Biosciences,237.0,63.3,771.0,False,False,False,False,MISSING_CATEGORICAL_FIELD | UNKNOWN_REGION
27-Mar-2023,65,2023,AndhraPradesh,diabetes,Insulyn,,288.2,81.7,964,AndhraPradesh,diabetes,Insulyn,,True,2023-03-27,2023-03-27,2023,13,2023-W13,False,Andhra Pradesh,Diabetes,Insulyn,Unknown,288.2,81.7,964.0,False,False,False,False,MISSING_CATEGORICAL_FIELD | UNKNOWN_BRAND
2023-05-29,74,2023,,  Diabetes  ,Glucotend,Glucera Health,271.6,67.9,703,,Diabetes,Glucotend,Glucera Health,True,2023-05-29,2023-05-29,2023,22,2023-W22,False,Unknown,Diabetes,Glucotend,Glucera Health,271.6,67.9,703.0,False,False,False,False,MISSING_CATEGORICAL_FIELD | UNKNOWN_REGION
02-Jan-2023,53,2023,,Cardiology,Vascolin,Zenova Biosciences,418.8,96.9,1304,,Cardiology,Vascolin,Zenova Biosciences,True,2023-01-02,2023-01-02,2023,1,2023-W01,False,Unknown,Cardiology,Vascolin,Zenova Biosciences,418.8,96.9,1304.0,False,False,False,False,MISSING_CATEGORICAL_FIELD | UNKNOWN_REGION
2023/10/23,95,2023,,RESPIRATORY,Respivan,Aerovant Pharma,175.0,49.6,495,,RESPIRATORY,Respivan,Aerovant Pharma,True,2023-10-23,2023-10-23,2023,43,2023-W43,False,Unknown,Respiratory,Respivan,Aerovant Pharma,175.0,49.6,495.0,False,False,False,False,MISSING_CATEGORICAL_FIELD | UNKNOWN_REGION
12/30/2024,157,2025,,respiratory,Bronchel,Breathex Labs,210.3,75.0,535,,respiratory,Bronchel,Breathex Labs,True,2024-12-30,2024-12-30,2025,1,2025-W01,False,Unknown,Respiratory,Bronchel,Breathex Labs,210.3,75.0,535.0,False,False,False,False,MISSING_CATEGORICAL_FIELD | UNKNOWN_REGION
2024/07/08,132,2024,TAMIL NADU,DIABETES,Insulyn,,268.2,66.4,795,TAMIL NADU,DIABETES,Insulyn,,True,2024-07-08,2024-07-08,2024,28,2024-W28,False,Tamil Nadu,Diabetes,Insulyn,Unknown,268.2,66.4,795.0,False,False,False,False,MISSING_CATEGORICAL_FIELD | UNKNOWN_BRAND
08/12/2024,137,2024,Delhi,Cardiology,Cardivex,,122.9,40.8,399,Delhi,Cardiology,Cardivex,,True,2024-08-12,2024-08-12,2024,33,2024-W33,False,Delhi,Cardiology,Cardivex,Unknown,122.9,40.8,399.0,False,False,False,False,MISSING_CATEGORICAL_FIELD | UNKNOWN_BRAND
07/29/2024,135,2024,,DIABETES,Insulyn,Insulara Biotech,228.3,54.8,762,,DIABETES,Insulyn,Insulara Biotech,True,2024-07-29,2024-07-29,2024,31,2024-W31,False,Unknown,Diabetes,Insulyn,Insulara Biotech,228.3,54.8,762.0,False,False,False,False,MISSING_CATEGORICAL_FIELD | UNKNOWN_REGION
10/04/2023,67,2023,Telangana,  Diabetes  ,Glucotend,,219.4,71.8,723,Telangana,Diabetes,Glucotend,,True,2023-04-10,2023-04-10,2023,15,2023-W15,False,Telangana,Diabetes,Glucotend,Unknown,219.4,71.8,723.0,False,False,False,False,MISSING_CATEGORICAL_FIELD | UNKNOWN_BRAND
2024-08-19,138,2024,Kerala,RESPIRATORY,Bronchel,,128.6,37.7,413,Kerala,RESPIRATORY,Bronchel,,True,2024-08-19,2024-08-19,2024,34,2024-W34,False,Kerala,Respiratory,Bronchel,Unknown,128.6,37.7,413.0,False,False,False,False,MISSING_CATEGORICAL_FIELD | UNKNOWN_BRAND
2024/07/08,132,2024,,  Cardiology  ,Cardivex,Corvyx Pharma,115.6,25.6,354,,Cardiology,Cardivex,Corvyx Pharma,True,2024-07-08,2024-07-08,2024,28,2024-W28,False,Unknown,Cardiology,Cardivex,Corvyx Pharma,115.6,25.6,354.0,False,False,False,False,MISSING_CATEGORICAL_FIELD | UNKNOWN_REGION
10/03/2022,40,2022,,respiratory,Respivan,Aerovant Pharma,132.2,37.4,340,,respiratory,Respivan,Aerovant Pharma,True,2022-10-03,2022-10-03,2022,40,2022-W40,False,Unknown,Respiratory,Respivan,Aerovant Pharma,132.2,37.4,340.0,False,False,False,False,MISSING_CATEGORICAL_FIELD | UNKNOWN_REGION
2022-05-09,19,2022,,  Cardiology  ,Cordamet,Meditrix Labs,170.2,38.6,535,,Cardiology,Cordamet,Meditrix Labs,True,2022-05-09,2022-05-09,2022,19,2022-W19,False,Unknown,Cardiology,Cordamet,Meditrix Labs,170.2,38.6,535.0,False,False,False,False,MISSING_CATEGORICAL_FIELD | UNKNOWN_REGION
11/10/2025,202,2025,,RESPIRATORY,Airovent,Pulmovia Therapeutics,153.4,24.5,440,,RESPIRATORY,Airovent,Pulmovia Therapeutics,True,2025-11-10,2025-11-10,2025,46,2025-W46,False,Unknown,Respiratory,Airovent,Pulmovia Therapeutics,153.4,24.5,440.0,False,False,False,False,MISSING_CATEGORICAL_FIELD | UNKNOWN_REGION
04/25/2022,17,2022,,  Diabetes  ,Glucotend,,115.5,41.8,298,,Diabetes,Glucotend,,True,2022-04-25,2022-04-25,2022,17,2022-W17,False,Unknown,Diabetes,Glucotend,Unknown,115.5,41.8,298.0,False,False,False,False,MISSING_CATEGORICAL_FIELD | UNKNOWN_REGION | UNKNOWN_BRAND
2025-07-21,186,2025,rajasthan,  Respiratory  ,Respivan,,100.8,,320,rajasthan,Respiratory,Respivan,,True,2025-07-21,2025-07-21,2025,30,2025-W30,False,Rajasthan,Respiratory,Respivan,Unknown,100.8,,320.0,False,True,False,False,MISSING_CATEGORICAL_FIELD | UNKNOWN_BRAND
09/23/2024,143,2024,Karnataka ,  Cardiology  ,Cardivex,,109.2,33.7,324,Karnataka,Cardiology,Cardivex,,True,2024-09-23,2024-09-23,2024,39,2024-W39,False,Karnataka,Cardiology,Cardivex,Unknown,109.2,33.7,324.0,False,False,False,False,MISSING_CATEGORICAL_FIELD | UNKNOWN_BRAND
12/05/2025,176,2025,,DIABETES,Metforal,Novanta Pharma,142.9,27.9,422,,DIABETES,Metforal,Novanta Pharma,True,2025-05-12,2025-05-12,2025,20,2025-W20,False,Unknown,Diabetes,Metforal,Novanta Pharma,142.9,27.9,422.0,False,False,False,False,MISSING_CATEGORICAL_FIELD | UNKNOWN_REGION
2023/02/27,61,2023,,  Cardiology  ,Cordamet,Meditrix Labs,237.2,78.9,,,Cardiology,Cordamet,Meditrix Labs,True,2023-02-27,2023-02-27,2023,9,2023-W09,False,Unknown,Cardiology,Cordamet,Meditrix Labs,237.2,78.9,,False,True,False,False,MISSING_CATEGORICAL_FIELD | UNKNOWN_REGION
23/01/2023,56,2023,AndhraPradesh,RESPIRATORY,Respivan,,143.3,14.2,409,AndhraPradesh,RESPIRATORY,Respivan,,True,2023-01-23,2023-01-23,2023,4,2023-W04,False,Andhra Pradesh,Respiratory,Respivan,Unknown,143.3,14.2,409.0,False,False,False,False,MISSING_CATEGORICAL_FIELD | UNKNOWN_BRAND
19/09/2022,38,2022,TAMIL NADU,cardiology,Vascolin,,280.0,78.1,779,TAMIL NADU,cardiology,Vascolin,,True,2022-09-19,2022-09-19,2022,38,2022-W38,False,Tamil Nadu,Cardiology,Vascolin,Unknown,280.0,78.1,779.0,False,False,False,False,MISSING_CATEGORICAL_FIELD | UNKNOWN_BRAND
2024/04/01,118,2024,Tamilnadu,Respiratory,Airovent,,154.1,57.1,481,Tamilnadu,Respiratory,Airovent,,True,2024-04-01,2024-04-01,2024,14,2024-W14,False,Tamil Nadu,Respiratory,Airovent,Unknown,154.1,57.1,481.0,False,False,False,False,MISSING_CATEGORICAL_FIELD | UNKNOWN_BRAND
2022-04-18,16,2022,tamil nadu,RESPIRATORY,Bronchel,,244.9,48.3,713,tamil nadu,RESPIRATORY,Bronchel,,True,2022-04-18,2022-04-18,2022,16,2022-W16,False,Tamil Nadu,Respiratory,Bronchel,Unknown,244.9,48.3,713.0,False,False,False,False,MISSING_CATEGORICAL_FIELD | UNKNOWN_BRAND
2023-01-16,55,2023,west bengal,Cardiology,Vascolin,,327.6,74.7,1103,west bengal,Cardiology,Vascolin,,True,2023-01-16,2023-01-16,2023,3,2023-W03,False,West Bengal,Cardiology,Vascolin,Unknown,327.6,74.7,1103.0,False,False,False,False,MISSING_CATEGORICAL_FIELD | UNKNOWN_BRAND
2024/02/12,111,2024,,diabetes,Glucotend,Glucera Health,419.1,151.3,1374,,diabetes,Glucotend,Glucera Health,True,2024-02-12,2024-02-12,2024,7,2024-W07,False,Unknown,Diabetes,Glucotend,Glucera Health,419.1,151.3,1374.0,False,False,False,True,MISSING_CATEGORICAL_FIELD | UNKNOWN_REGION | DUPLICATE_RECORD
2022-03-07,10,2022,Tamil Nadu,Respiratory,Respivan,,190.1,53.7,630,Tamil Nadu,Respiratory,Respivan,,True,2022-03-07,2022-03-07,2022,10,2022-W10,False,Tamil Nadu,Respiratory,Respivan,Unknown,190.1,53.7,630.0,False,False,False,False,MISSING_CATEGORICAL_FIELD | UNKNOWN_BRAND
2025-07-07,184,2025,Delhi,respiratory,Airovent,,137.1,26.9,410,Delhi,respiratory,Airovent,,True,2025-07-07,2025-07-07,2025,28,2025-W28,False,Delhi,Respiratory,Airovent,Unknown,137.1,26.9,410.0,False,False,False,False,MISSING_CATEGORICAL_FIELD | UNKNOWN_BRAND
05-Jun-2023,75,2023,TELANGANA,diabetes,Glucotend,,278.9,64.9,928,TELANGANA,diabetes,Glucotend,,True,2023-06-05,2023-06-05,2023,23,2023-W23,False,Telangana,Diabetes,Glucotend,Unknown,278.9,64.9,928.0,False,False,False,False,MISSING_CATEGORICAL_FIELD | UNKNOWN_BRAND
03/11/2024,115,2024,West Bengal,DIABETES,Glucotend,,384.3,131.0,997,West Bengal,DIABETES,Glucotend,,True,2024-03-11,2024-03-11,2024,11,2024-W11,False,West Bengal,Diabetes,Glucotend,Unknown,384.3,131.0,997.0,False,False,False,False,MISSING_CATEGORICAL_FIELD | UNKNOWN_BRAND
01-Jan-2024,105,2024,,  Respiratory  ,Airovent,Pulmovia Therapeutics,277.0,67.1,931,,Respiratory,Airovent,Pulmovia Therapeutics,True,2024-01-01,2024-01-01,2024,1,2024-W01,False,Unknown,Respiratory,Airovent,Pulmovia Therapeutics,277.0,67.1,931.0,False,False,False,False,MISSING_CATEGORICAL_FIELD | UNKNOWN_REGION
2022/04/04,14,2022,Kerala,  Diabetes  ,Insulyn,,216.9,43.9,575,Kerala,Diabetes,Insulyn,,True,2022-04-04,2022-04-04,2022,14,2022-W14,False,Kerala,Diabetes,Insulyn,Unknown,216.9,43.9,575.0,False,False,False,False,MISSING_CATEGORICAL_FIELD | UNKNOWN_BRAND
07/29/2024,135,2024,Maharashtra,cardiology,Cordamet,,479.4,78.3,1445,Maharashtra,cardiology,Cordamet,,True,2024-07-29,2024-07-29,2024,31,2024-W31,False,Maharashtra,Cardiology,Cordamet,Unknown,479.4,78.3,1445.0,False,False,False,False,MISSING_CATEGORICAL_FIELD | UNKNOWN_BRAND
23-Oct-2023,95,2023,,diabetes,Glucotend,Glucera Health,184.8,38.8,517,,diabetes,Glucotend,Glucera Health,True,2023-10-23,2023-10-23,2023,43,2023-W43,False,Unknown,Diabetes,Glucotend,Glucera Health,184.8,38.8,517.0,False,False,False,False,MISSING_CATEGORICAL_FIELD | UNKNOWN_REGION
10/02/2025,163,2025,,  Diabetes  ,Insulyn,Insulara Biotech,286.7,83.1,734,,Diabetes,Insulyn,Insulara Biotech,True,2025-02-10,2025-02-10,2025,7,2025-W07,False,Unknown,Diabetes,Insulyn,Insulara Biotech,286.7,83.1,734.0,False,False,False,False,MISSING_CATEGORICAL_FIELD | UNKNOWN_REGION
10/03/2022,40,2022,,RESPIRATORY,Respivan,Aerovant Pharma,80.3,23.0,263,,RESPIRATORY,Respivan,Aerovant Pharma,True,2022-10-03,2022-10-03,2022,40,2022-W40,False,Unknown,Respiratory,Respivan,Aerovant Pharma,80.3,23.0,263.0,False,False,False,True,MISSING_CATEGORICAL_FIELD | UNKNOWN_REGION | DUPLICATE_RECORD
2022-12-05,49,2022,Andhra Pradesh,DIABETES,Insulyn,,206.1,48.4,626,Andhra Pradesh,DIABETES,Insulyn,,True,2022-12-05,2022-12-05,2022,49,2022-W49,False,Andhra Pradesh,Diabetes,Insulyn,Unknown,206.1,48.4,626.0,False,False,False,False,MISSING_CATEGORICAL_FIELD | UNKNOWN_BRAND
08/22/2022,34,2022,,  Respiratory  ,Bronchel,,138.0,32.5,369,,Respiratory,Bronchel,,True,2022-08-22,2022-08-22,2022,34,2022-W34,False,Unknown,Respiratory,Bronchel,Unknown,138.0,32.5,369.0,False,False,False,False,MISSING_CATEGORICAL_FIELD | UNKNOWN_REGION | UNKNOWN_BRAND
26-Feb-2024,113,2024,,CARDIOLOGY,Cordamet,Meditrix Labs,184.4,55.2,563,,CARDIOLOGY,Cordamet,Meditrix Labs,True,2024-02-26,2024-02-26,2024,9,2024-W09,False,Unknown,Cardiology,Cordamet,Meditrix Labs,184.4,55.2,563.0,False,False,False,False,MISSING_CATEGORICAL_FIELD | UNKNOWN_REGION
2024-10-28,148,2024,,RESPIRATORY,Bronchel,Breathex Labs,168.8,66.3,431,,RESPIRATORY,Bronchel,Breathex Labs,True,2024-10-28,2024-10-28,2024,44,2024-W44,False,Unknown,Respiratory,Bronchel,Breathex Labs,168.8,66.3,431.0,False,False,False,False,MISSING_CATEGORICAL_FIELD | UNKNOWN_REGION
2024-08-05,136,2024,Tamil Ndu,cardiology,Vascolin,,209.4,56.8,707,Tamil Ndu,cardiology,Vascolin,,True,2024-08-05,2024-08-05,2024,32,2024-W32,False,Tamil Nadu,Cardiology,Vascolin,Unknown,209.4,56.8,707.0,False,False,False,False,MISSING_CATEGORICAL_FIELD | UNKNOWN_BRAND
09/16/2024,142,2024,,DIABETES,Glucotend,Glucera Health,193.6,36.5,615,,DIABETES,Glucotend,Glucera Health,True,2024-09-16,2024-09-16,2024,38,2024-W38,False,Unknown,Diabetes,Glucotend,Glucera Health,193.6,36.5,615.0,False,False,False,False,MISSING_CATEGORICAL_FIELD | UNKNOWN_REGION
2023-03-13,63,2023,,Diabetes,Insulyn,Insulara Biotech,284.0,84.0,930,,Diabetes,Insulyn,Insulara Biotech,True,2023-03-13,2023-03-13,2023,11,2023-W11,False,Unknown,Diabetes,Insulyn,Insulara Biotech,284.0,84.0,930.0,False,False,False,False,MISSING_CATEGORICAL_FIELD | UNKNOWN_REGION
10/02/2023,92,2023,Karnataka ,respiratory,Respivan,,207.7,66.4,592,Karnataka,respiratory,Respivan,,True,2023-10-02,2023-10-02,2023,40,2023-W40,False,Karnataka,Respiratory,Respivan,Unknown,207.7,66.4,592.0,False,False,False,False,MISSING_CATEGORICAL_FIELD | UNKNOWN_BRAND
2024/10/21,147,2024,Rajasthan,  Respiratory  ,Bronchel,,150.0,37.0,446,Rajasthan,Respiratory,Bronchel,,True,2024-10-21,2024-10-21,2024,43,2024-W43,False,Rajasthan,Respiratory,Bronchel,Unknown,150.0,37.0,446.0,False,False,False,False,MISSING_CATEGORICAL_FIELD | UNKNOWN_BRAND
15/04/2024,120,2024,Karnataka,diabetes,Insulyn,,210.2,42.5,691,Karnataka,diabetes,Insulyn,,True,2024-04-15,2024-04-15,2024,16,2024-W16,False,Karnataka,Diabetes,Insulyn,Unknown,210.2,42.5,691.0,False,False,False,False,MISSING_CATEGORICAL_FIELD | UNKNOWN_BRAND
2026-01-05,1,2026,Tamil Nadu,Respiratory,Aerovant HFA,Aerovant Pharma,4850.0,1320.0,5200.0,Tamil Nadu,Respiratory,Aerovant HFA,Aerovant Pharma,False,2026-01-05,2026-01-05,2026,2,2026-W02,False,Tamil Nadu,Respiratory,Aerovant Hfa,Aerovant Pharma,4850.0,1320.0,5200.0,False,False,False,True,DUPLICATE_RECORD
2026-01-05,1,2026,Tamil Nadu,Respiratory,Breathex Inhaler,Breathex Labs,2100.0,580.0,2300.0,Tamil Nadu,Respiratory,Breathex Inhaler,Breathex Labs,False,2026-01-05,2026-01-05,2026,2,2026-W02,False,Tamil Nadu,Respiratory,Breathex Inhaler,Breathex Labs,2100.0,580.0,2300.0,False,False,False,True,DUPLICATE_RECORD
2026-01-05,1,2026,Tamil Nadu,Cardiology,Corvyx TAB,Corvyx Pharma,1450.0,410.0,1600.0,Tamil Nadu,Cardiology,Corvyx TAB,Corvyx Pharma,False,2026-01-05,2026-01-05,2026,2,2026-W02,False,Tamil Nadu,Cardiology,Corvyx Tab,Corvyx Pharma,1450.0,410.0,1600.0,False,False,False,True,DUPLICATE_RECORD
2026-01-05,1,2026,Tamil Nadu,Diabetes,Glucera XR,Glucera Health,3200.0,910.0,3500.0,Tamil Nadu,Diabetes,Glucera XR,Glucera Health,False,2026-01-05,2026-01-05,2026,2,2026-W02,False,Tamil Nadu,Diabetes,Glucera Xr,Glucera Health,3200.0,910.0,3500.0,False,False,False,True,DUPLICATE_RECORD
2026-01-05,1,2026,Tamil Nadu,Respiratory,Aerovant HFA,Aerovant Pharma,4520.0,1280.0,5000.0,Tamil Nadu,Respiratory,Aerovant HFA,Aerovant Pharma,False,2026-01-05,2026-01-05,2026,2,2026-W02,False,Tamil Nadu,Respiratory,Aerovant Hfa,Aerovant Pharma,4520.0,1280.0,5000.0,False,False,False,True,DUPLICATE_RECORD
